sample_id,isbn13,language,provider,field,assessment,local_ground_truth
MB-001,9780061474101,unknown,open_library,isbn_exact,CORRECT,no
MB-001,9780061474101,unknown,open_library,title,CORRECT,no
MB-001,9780061474101,unknown,open_library,subtitle,MISSING,no
MB-001,9780061474101,unknown,open_library,authors,CORRECT,no
MB-001,9780061474101,unknown,open_library,language,MISSING,no
MB-001,9780061474101,unknown,open_library,publisher,CORRECT,no
MB-001,9780061474101,unknown,open_library,publication_date,CORRECT,no
MB-001,9780061474101,unknown,open_library,page_count,CORRECT,no
MB-001,9780061474101,unknown,open_library,cover,CORRECT,no
MB-001,9780061474101,unknown,open_library,work_link,CORRECT,no
MB-001,9780061474101,unknown,open_library,series,MISSING,no
MB-001,9780061474101,unknown,open_library,series_position,MISSING,no
MB-001,9780061474101,unknown,open_library,subjects,CORRECT,no
MB-001,9780061474101,unknown,google_books,isbn_exact,CORRECT,no
MB-001,9780061474101,unknown,google_books,title,CORRECT,no
MB-001,9780061474101,unknown,google_books,subtitle,MISSING,no
MB-001,9780061474101,unknown,google_books,authors,CORRECT,no
MB-001,9780061474101,unknown,google_books,language,UNVERIFIABLE,no
MB-001,9780061474101,unknown,google_books,publisher,INCORRECT,no
MB-001,9780061474101,unknown,google_books,publication_date,CORRECT,no
MB-001,9780061474101,unknown,google_books,page_count,INCORRECT,no
MB-001,9780061474101,unknown,google_books,cover,CORRECT,no
MB-001,9780061474101,unknown,google_books,work_link,MISSING,no
MB-001,9780061474101,unknown,google_books,series,MISSING,no
MB-001,9780061474101,unknown,google_books,series_position,MISSING,no
MB-001,9780061474101,unknown,google_books,subjects,CORRECT,no
MB-001,9780061474101,unknown,wikidata,isbn_exact,MISSING,no
MB-001,9780061474101,unknown,wikidata,title,MISSING,no
MB-001,9780061474101,unknown,wikidata,subtitle,MISSING,no
MB-001,9780061474101,unknown,wikidata,authors,MISSING,no
MB-001,9780061474101,unknown,wikidata,language,MISSING,no
MB-001,9780061474101,unknown,wikidata,publisher,MISSING,no
MB-001,9780061474101,unknown,wikidata,publication_date,MISSING,no
MB-001,9780061474101,unknown,wikidata,page_count,MISSING,no
MB-001,9780061474101,unknown,wikidata,cover,MISSING,no
MB-001,9780061474101,unknown,wikidata,work_link,MISSING,no
MB-001,9780061474101,unknown,wikidata,series,MISSING,no
MB-001,9780061474101,unknown,wikidata,series_position,MISSING,no
MB-001,9780061474101,unknown,wikidata,subjects,MISSING,no
MB-001,9780061474101,unknown,bookbrainz,isbn_exact,MISSING,no
MB-001,9780061474101,unknown,bookbrainz,title,MISSING,no
MB-001,9780061474101,unknown,bookbrainz,subtitle,MISSING,no
MB-001,9780061474101,unknown,bookbrainz,authors,MISSING,no
MB-001,9780061474101,unknown,bookbrainz,language,MISSING,no
MB-001,9780061474101,unknown,bookbrainz,publisher,MISSING,no
MB-001,9780061474101,unknown,bookbrainz,publication_date,MISSING,no
MB-001,9780061474101,unknown,bookbrainz,page_count,MISSING,no
MB-001,9780061474101,unknown,bookbrainz,cover,MISSING,no
MB-001,9780061474101,unknown,bookbrainz,work_link,MISSING,no
MB-001,9780061474101,unknown,bookbrainz,series,MISSING,no
MB-001,9780061474101,unknown,bookbrainz,series_position,MISSING,no
MB-001,9780061474101,unknown,bookbrainz,subjects,MISSING,no
MB-002,9780230732544,unknown,open_library,isbn_exact,CORRECT,no
MB-002,9780230732544,unknown,open_library,title,INCORRECT,no
MB-002,9780230732544,unknown,open_library,subtitle,MISSING,no
MB-002,9780230732544,unknown,open_library,authors,CORRECT,no
MB-002,9780230732544,unknown,open_library,language,MISSING,no
MB-002,9780230732544,unknown,open_library,publisher,CORRECT,no
MB-002,9780230732544,unknown,open_library,publication_date,CORRECT,no
MB-002,9780230732544,unknown,open_library,page_count,CORRECT,no
MB-002,9780230732544,unknown,open_library,cover,CORRECT,no
MB-002,9780230732544,unknown,open_library,work_link,CORRECT,no
MB-002,9780230732544,unknown,open_library,series,MISSING,no
MB-002,9780230732544,unknown,open_library,series_position,MISSING,no
MB-002,9780230732544,unknown,open_library,subjects,MISSING,no
MB-002,9780230732544,unknown,google_books,isbn_exact,CORRECT,no
MB-002,9780230732544,unknown,google_books,title,CORRECT,no
MB-002,9780230732544,unknown,google_books,subtitle,MISSING,no
MB-002,9780230732544,unknown,google_books,authors,MISSING,no
MB-002,9780230732544,unknown,google_books,language,UNVERIFIABLE,no
MB-002,9780230732544,unknown,google_books,publisher,MISSING,no
MB-002,9780230732544,unknown,google_books,publication_date,CORRECT,no
MB-002,9780230732544,unknown,google_books,page_count,INCORRECT,no
MB-002,9780230732544,unknown,google_books,cover,CORRECT,no
MB-002,9780230732544,unknown,google_books,work_link,MISSING,no
MB-002,9780230732544,unknown,google_books,series,MISSING,no
MB-002,9780230732544,unknown,google_books,series_position,MISSING,no
MB-002,9780230732544,unknown,google_books,subjects,CORRECT,no
MB-002,9780230732544,unknown,wikidata,isbn_exact,MISSING,no
MB-002,9780230732544,unknown,wikidata,title,MISSING,no
MB-002,9780230732544,unknown,wikidata,subtitle,MISSING,no
MB-002,9780230732544,unknown,wikidata,authors,MISSING,no
MB-002,9780230732544,unknown,wikidata,language,MISSING,no
MB-002,9780230732544,unknown,wikidata,publisher,MISSING,no
MB-002,9780230732544,unknown,wikidata,publication_date,MISSING,no
MB-002,9780230732544,unknown,wikidata,page_count,MISSING,no
MB-002,9780230732544,unknown,wikidata,cover,MISSING,no
MB-002,9780230732544,unknown,wikidata,work_link,MISSING,no
MB-002,9780230732544,unknown,wikidata,series,MISSING,no
MB-002,9780230732544,unknown,wikidata,series_position,MISSING,no
MB-002,9780230732544,unknown,wikidata,subjects,MISSING,no
MB-002,9780230732544,unknown,bookbrainz,isbn_exact,MISSING,no
MB-002,9780230732544,unknown,bookbrainz,title,MISSING,no
MB-002,9780230732544,unknown,bookbrainz,subtitle,MISSING,no
MB-002,9780230732544,unknown,bookbrainz,authors,MISSING,no
MB-002,9780230732544,unknown,bookbrainz,language,MISSING,no
MB-002,9780230732544,unknown,bookbrainz,publisher,MISSING,no
MB-002,9780230732544,unknown,bookbrainz,publication_date,MISSING,no
MB-002,9780230732544,unknown,bookbrainz,page_count,MISSING,no
MB-002,9780230732544,unknown,bookbrainz,cover,MISSING,no
MB-002,9780230732544,unknown,bookbrainz,work_link,MISSING,no
MB-002,9780230732544,unknown,bookbrainz,series,MISSING,no
MB-002,9780230732544,unknown,bookbrainz,series_position,MISSING,no
MB-002,9780230732544,unknown,bookbrainz,subjects,MISSING,no
MB-003,9780373285754,en,open_library,isbn_exact,CORRECT,no
MB-003,9780373285754,en,open_library,title,CORRECT,no
MB-003,9780373285754,en,open_library,subtitle,UNVERIFIABLE,no
MB-003,9780373285754,en,open_library,authors,CORRECT,no
MB-003,9780373285754,en,open_library,language,CORRECT,no
MB-003,9780373285754,en,open_library,publisher,CORRECT,no
MB-003,9780373285754,en,open_library,publication_date,CORRECT,no
MB-003,9780373285754,en,open_library,page_count,CORRECT,no
MB-003,9780373285754,en,open_library,cover,CORRECT,no
MB-003,9780373285754,en,open_library,work_link,CORRECT,no
MB-003,9780373285754,en,open_library,series,CORRECT,yes
MB-003,9780373285754,en,open_library,series_position,MISSING,yes
MB-003,9780373285754,en,open_library,subjects,CORRECT,no
MB-003,9780373285754,en,google_books,isbn_exact,CORRECT,no
MB-003,9780373285754,en,google_books,title,CORRECT,no
MB-003,9780373285754,en,google_books,subtitle,UNVERIFIABLE,no
MB-003,9780373285754,en,google_books,authors,CORRECT,no
MB-003,9780373285754,en,google_books,language,CORRECT,no
MB-003,9780373285754,en,google_books,publisher,CORRECT,no
MB-003,9780373285754,en,google_books,publication_date,CORRECT,no
MB-003,9780373285754,en,google_books,page_count,INCORRECT,no
MB-003,9780373285754,en,google_books,cover,CORRECT,no
MB-003,9780373285754,en,google_books,work_link,MISSING,no
MB-003,9780373285754,en,google_books,series,MISSING,yes
MB-003,9780373285754,en,google_books,series_position,MISSING,yes
MB-003,9780373285754,en,google_books,subjects,CORRECT,no
MB-003,9780373285754,en,wikidata,isbn_exact,MISSING,no
MB-003,9780373285754,en,wikidata,title,MISSING,no
MB-003,9780373285754,en,wikidata,subtitle,MISSING,no
MB-003,9780373285754,en,wikidata,authors,MISSING,no
MB-003,9780373285754,en,wikidata,language,MISSING,no
MB-003,9780373285754,en,wikidata,publisher,MISSING,no
MB-003,9780373285754,en,wikidata,publication_date,MISSING,no
MB-003,9780373285754,en,wikidata,page_count,MISSING,no
MB-003,9780373285754,en,wikidata,cover,MISSING,no
MB-003,9780373285754,en,wikidata,work_link,MISSING,no
MB-003,9780373285754,en,wikidata,series,MISSING,yes
MB-003,9780373285754,en,wikidata,series_position,MISSING,yes
MB-003,9780373285754,en,wikidata,subjects,MISSING,no
MB-003,9780373285754,en,bookbrainz,isbn_exact,MISSING,no
MB-003,9780373285754,en,bookbrainz,title,MISSING,no
MB-003,9780373285754,en,bookbrainz,subtitle,MISSING,no
MB-003,9780373285754,en,bookbrainz,authors,MISSING,no
MB-003,9780373285754,en,bookbrainz,language,MISSING,no
MB-003,9780373285754,en,bookbrainz,publisher,MISSING,no
MB-003,9780373285754,en,bookbrainz,publication_date,MISSING,no
MB-003,9780373285754,en,bookbrainz,page_count,MISSING,no
MB-003,9780373285754,en,bookbrainz,cover,MISSING,no
MB-003,9780373285754,en,bookbrainz,work_link,MISSING,no
MB-003,9780373285754,en,bookbrainz,series,MISSING,yes
MB-003,9780373285754,en,bookbrainz,series_position,MISSING,yes
MB-003,9780373285754,en,bookbrainz,subjects,MISSING,no
MB-004,9780718100575,unknown,open_library,isbn_exact,CORRECT,no
MB-004,9780718100575,unknown,open_library,title,CORRECT,no
MB-004,9780718100575,unknown,open_library,subtitle,MISSING,no
MB-004,9780718100575,unknown,open_library,authors,CORRECT,no
MB-004,9780718100575,unknown,open_library,language,MISSING,no
MB-004,9780718100575,unknown,open_library,publisher,CORRECT,no
MB-004,9780718100575,unknown,open_library,publication_date,CORRECT,no
MB-004,9780718100575,unknown,open_library,page_count,CORRECT,no
MB-004,9780718100575,unknown,open_library,cover,CORRECT,no
MB-004,9780718100575,unknown,open_library,work_link,CORRECT,no
MB-004,9780718100575,unknown,open_library,series,UNVERIFIABLE,no
MB-004,9780718100575,unknown,open_library,series_position,MISSING,no
MB-004,9780718100575,unknown,open_library,subjects,MISSING,no
MB-004,9780718100575,unknown,google_books,isbn_exact,CORRECT,no
MB-004,9780718100575,unknown,google_books,title,CORRECT,no
MB-004,9780718100575,unknown,google_books,subtitle,UNVERIFIABLE,no
MB-004,9780718100575,unknown,google_books,authors,CORRECT,no
MB-004,9780718100575,unknown,google_books,language,UNVERIFIABLE,no
MB-004,9780718100575,unknown,google_books,publisher,MISSING,no
MB-004,9780718100575,unknown,google_books,publication_date,CORRECT,no
MB-004,9780718100575,unknown,google_books,page_count,INCORRECT,no
MB-004,9780718100575,unknown,google_books,cover,CORRECT,no
MB-004,9780718100575,unknown,google_books,work_link,MISSING,no
MB-004,9780718100575,unknown,google_books,series,MISSING,no
MB-004,9780718100575,unknown,google_books,series_position,MISSING,no
MB-004,9780718100575,unknown,google_books,subjects,CORRECT,no
MB-004,9780718100575,unknown,wikidata,isbn_exact,CORRECT,no
MB-004,9780718100575,unknown,wikidata,title,CORRECT,no
MB-004,9780718100575,unknown,wikidata,subtitle,MISSING,no
MB-004,9780718100575,unknown,wikidata,authors,MISSING,no
MB-004,9780718100575,unknown,wikidata,language,UNVERIFIABLE,no
MB-004,9780718100575,unknown,wikidata,publisher,INCORRECT,no
MB-004,9780718100575,unknown,wikidata,publication_date,CORRECT,no
MB-004,9780718100575,unknown,wikidata,page_count,INCORRECT,no
MB-004,9780718100575,unknown,wikidata,cover,MISSING,no
MB-004,9780718100575,unknown,wikidata,work_link,CORRECT,no
MB-004,9780718100575,unknown,wikidata,series,MISSING,no
MB-004,9780718100575,unknown,wikidata,series_position,MISSING,no
MB-004,9780718100575,unknown,wikidata,subjects,MISSING,no
MB-004,9780718100575,unknown,bookbrainz,isbn_exact,MISSING,no
MB-004,9780718100575,unknown,bookbrainz,title,MISSING,no
MB-004,9780718100575,unknown,bookbrainz,subtitle,MISSING,no
MB-004,9780718100575,unknown,bookbrainz,authors,MISSING,no
MB-004,9780718100575,unknown,bookbrainz,language,MISSING,no
MB-004,9780718100575,unknown,bookbrainz,publisher,MISSING,no
MB-004,9780718100575,unknown,bookbrainz,publication_date,MISSING,no
MB-004,9780718100575,unknown,bookbrainz,page_count,MISSING,no
MB-004,9780718100575,unknown,bookbrainz,cover,MISSING,no
MB-004,9780718100575,unknown,bookbrainz,work_link,MISSING,no
MB-004,9780718100575,unknown,bookbrainz,series,MISSING,no
MB-004,9780718100575,unknown,bookbrainz,series_position,MISSING,no
MB-004,9780718100575,unknown,bookbrainz,subjects,MISSING,no
MB-005,9780718185510,unknown,open_library,isbn_exact,CORRECT,no
MB-005,9780718185510,unknown,open_library,title,CORRECT,no
MB-005,9780718185510,unknown,open_library,subtitle,MISSING,no
MB-005,9780718185510,unknown,open_library,authors,CORRECT,no
MB-005,9780718185510,unknown,open_library,language,MISSING,no
MB-005,9780718185510,unknown,open_library,publisher,CORRECT,no
MB-005,9780718185510,unknown,open_library,publication_date,MISSING,no
MB-005,9780718185510,unknown,open_library,page_count,MISSING,no
MB-005,9780718185510,unknown,open_library,cover,MISSING,no
MB-005,9780718185510,unknown,open_library,work_link,CORRECT,no
MB-005,9780718185510,unknown,open_library,series,MISSING,no
MB-005,9780718185510,unknown,open_library,series_position,MISSING,no
MB-005,9780718185510,unknown,open_library,subjects,MISSING,no
MB-005,9780718185510,unknown,google_books,isbn_exact,CORRECT,no
MB-005,9780718185510,unknown,google_books,title,CORRECT,no
MB-005,9780718185510,unknown,google_books,subtitle,MISSING,no
MB-005,9780718185510,unknown,google_books,authors,CORRECT,no
MB-005,9780718185510,unknown,google_books,language,UNVERIFIABLE,no
MB-005,9780718185510,unknown,google_books,publisher,CORRECT,no
MB-005,9780718185510,unknown,google_books,publication_date,UNVERIFIABLE,no
MB-005,9780718185510,unknown,google_books,page_count,UNVERIFIABLE,no
MB-005,9780718185510,unknown,google_books,cover,CORRECT,no
MB-005,9780718185510,unknown,google_books,work_link,MISSING,no
MB-005,9780718185510,unknown,google_books,series,MISSING,no
MB-005,9780718185510,unknown,google_books,series_position,MISSING,no
MB-005,9780718185510,unknown,google_books,subjects,MISSING,no
MB-005,9780718185510,unknown,wikidata,isbn_exact,MISSING,no
MB-005,9780718185510,unknown,wikidata,title,MISSING,no
MB-005,9780718185510,unknown,wikidata,subtitle,MISSING,no
MB-005,9780718185510,unknown,wikidata,authors,MISSING,no
MB-005,9780718185510,unknown,wikidata,language,MISSING,no
MB-005,9780718185510,unknown,wikidata,publisher,MISSING,no
MB-005,9780718185510,unknown,wikidata,publication_date,MISSING,no
MB-005,9780718185510,unknown,wikidata,page_count,MISSING,no
MB-005,9780718185510,unknown,wikidata,cover,MISSING,no
MB-005,9780718185510,unknown,wikidata,work_link,MISSING,no
MB-005,9780718185510,unknown,wikidata,series,MISSING,no
MB-005,9780718185510,unknown,wikidata,series_position,MISSING,no
MB-005,9780718185510,unknown,wikidata,subjects,MISSING,no
MB-005,9780718185510,unknown,bookbrainz,isbn_exact,MISSING,no
MB-005,9780718185510,unknown,bookbrainz,title,MISSING,no
MB-005,9780718185510,unknown,bookbrainz,subtitle,MISSING,no
MB-005,9780718185510,unknown,bookbrainz,authors,MISSING,no
MB-005,9780718185510,unknown,bookbrainz,language,MISSING,no
MB-005,9780718185510,unknown,bookbrainz,publisher,MISSING,no
MB-005,9780718185510,unknown,bookbrainz,publication_date,MISSING,no
MB-005,9780718185510,unknown,bookbrainz,page_count,MISSING,no
MB-005,9780718185510,unknown,bookbrainz,cover,MISSING,no
MB-005,9780718185510,unknown,bookbrainz,work_link,MISSING,no
MB-005,9780718185510,unknown,bookbrainz,series,MISSING,no
MB-005,9780718185510,unknown,bookbrainz,series_position,MISSING,no
MB-005,9780718185510,unknown,bookbrainz,subjects,MISSING,no
MB-006,9780765385253,unknown,open_library,isbn_exact,CORRECT,no
MB-006,9780765385253,unknown,open_library,title,CORRECT,no
MB-006,9780765385253,unknown,open_library,subtitle,MISSING,no
MB-006,9780765385253,unknown,open_library,authors,MISSING,no
MB-006,9780765385253,unknown,open_library,language,MISSING,no
MB-006,9780765385253,unknown,open_library,publisher,CORRECT,no
MB-006,9780765385253,unknown,open_library,publication_date,CORRECT,no
MB-006,9780765385253,unknown,open_library,page_count,MISSING,no
MB-006,9780765385253,unknown,open_library,cover,CORRECT,no
MB-006,9780765385253,unknown,open_library,work_link,CORRECT,no
MB-006,9780765385253,unknown,open_library,series,MISSING,no
MB-006,9780765385253,unknown,open_library,series_position,MISSING,no
MB-006,9780765385253,unknown,open_library,subjects,MISSING,no
MB-006,9780765385253,unknown,google_books,isbn_exact,CORRECT,no
MB-006,9780765385253,unknown,google_books,title,CORRECT,no
MB-006,9780765385253,unknown,google_books,subtitle,MISSING,no
MB-006,9780765385253,unknown,google_books,authors,UNVERIFIABLE,no
MB-006,9780765385253,unknown,google_books,language,UNVERIFIABLE,no
MB-006,9780765385253,unknown,google_books,publisher,CORRECT,no
MB-006,9780765385253,unknown,google_books,publication_date,CORRECT,no
MB-006,9780765385253,unknown,google_books,page_count,UNVERIFIABLE,no
MB-006,9780765385253,unknown,google_books,cover,CORRECT,no
MB-006,9780765385253,unknown,google_books,work_link,MISSING,no
MB-006,9780765385253,unknown,google_books,series,MISSING,no
MB-006,9780765385253,unknown,google_books,series_position,MISSING,no
MB-006,9780765385253,unknown,google_books,subjects,CORRECT,no
MB-006,9780765385253,unknown,wikidata,isbn_exact,MISSING,no
MB-006,9780765385253,unknown,wikidata,title,MISSING,no
MB-006,9780765385253,unknown,wikidata,subtitle,MISSING,no
MB-006,9780765385253,unknown,wikidata,authors,MISSING,no
MB-006,9780765385253,unknown,wikidata,language,MISSING,no
MB-006,9780765385253,unknown,wikidata,publisher,MISSING,no
MB-006,9780765385253,unknown,wikidata,publication_date,MISSING,no
MB-006,9780765385253,unknown,wikidata,page_count,MISSING,no
MB-006,9780765385253,unknown,wikidata,cover,MISSING,no
MB-006,9780765385253,unknown,wikidata,work_link,MISSING,no
MB-006,9780765385253,unknown,wikidata,series,MISSING,no
MB-006,9780765385253,unknown,wikidata,series_position,MISSING,no
MB-006,9780765385253,unknown,wikidata,subjects,MISSING,no
MB-006,9780765385253,unknown,bookbrainz,isbn_exact,CORRECT,no
MB-006,9780765385253,unknown,bookbrainz,title,CORRECT,no
MB-006,9780765385253,unknown,bookbrainz,subtitle,MISSING,no
MB-006,9780765385253,unknown,bookbrainz,authors,UNVERIFIABLE,no
MB-006,9780765385253,unknown,bookbrainz,language,UNVERIFIABLE,no
MB-006,9780765385253,unknown,bookbrainz,publisher,CORRECT,no
MB-006,9780765385253,unknown,bookbrainz,publication_date,CORRECT,no
MB-006,9780765385253,unknown,bookbrainz,page_count,UNVERIFIABLE,no
MB-006,9780765385253,unknown,bookbrainz,cover,MISSING,no
MB-006,9780765385253,unknown,bookbrainz,work_link,CORRECT,no
MB-006,9780765385253,unknown,bookbrainz,series,MISSING,no
MB-006,9780765385253,unknown,bookbrainz,series_position,MISSING,no
MB-006,9780765385253,unknown,bookbrainz,subjects,MISSING,no
MB-007,9780802170910,unknown,open_library,isbn_exact,CORRECT,no
MB-007,9780802170910,unknown,open_library,title,CORRECT,no
MB-007,9780802170910,unknown,open_library,subtitle,MISSING,no
MB-007,9780802170910,unknown,open_library,authors,MISSING,no
MB-007,9780802170910,unknown,open_library,language,MISSING,no
MB-007,9780802170910,unknown,open_library,publisher,CORRECT,no
MB-007,9780802170910,unknown,open_library,publication_date,CORRECT,no
MB-007,9780802170910,unknown,open_library,page_count,MISSING,no
MB-007,9780802170910,unknown,open_library,cover,CORRECT,no
MB-007,9780802170910,unknown,open_library,work_link,CORRECT,no
MB-007,9780802170910,unknown,open_library,series,MISSING,no
MB-007,9780802170910,unknown,open_library,series_position,MISSING,no
MB-007,9780802170910,unknown,open_library,subjects,MISSING,no
MB-007,9780802170910,unknown,google_books,isbn_exact,CORRECT,no
MB-007,9780802170910,unknown,google_books,title,CORRECT,no
MB-007,9780802170910,unknown,google_books,subtitle,MISSING,no
MB-007,9780802170910,unknown,google_books,authors,UNVERIFIABLE,no
MB-007,9780802170910,unknown,google_books,language,UNVERIFIABLE,no
MB-007,9780802170910,unknown,google_books,publisher,CORRECT,no
MB-007,9780802170910,unknown,google_books,publication_date,CORRECT,no
MB-007,9780802170910,unknown,google_books,page_count,UNVERIFIABLE,no
MB-007,9780802170910,unknown,google_books,cover,CORRECT,no
MB-007,9780802170910,unknown,google_books,work_link,MISSING,no
MB-007,9780802170910,unknown,google_books,series,MISSING,no
MB-007,9780802170910,unknown,google_books,series_position,MISSING,no
MB-007,9780802170910,unknown,google_books,subjects,CORRECT,no
MB-007,9780802170910,unknown,wikidata,isbn_exact,MISSING,no
MB-007,9780802170910,unknown,wikidata,title,MISSING,no
MB-007,9780802170910,unknown,wikidata,subtitle,MISSING,no
MB-007,9780802170910,unknown,wikidata,authors,MISSING,no
MB-007,9780802170910,unknown,wikidata,language,MISSING,no
MB-007,9780802170910,unknown,wikidata,publisher,MISSING,no
MB-007,9780802170910,unknown,wikidata,publication_date,MISSING,no
MB-007,9780802170910,unknown,wikidata,page_count,MISSING,no
MB-007,9780802170910,unknown,wikidata,cover,MISSING,no
MB-007,9780802170910,unknown,wikidata,work_link,MISSING,no
MB-007,9780802170910,unknown,wikidata,series,MISSING,no
MB-007,9780802170910,unknown,wikidata,series_position,MISSING,no
MB-007,9780802170910,unknown,wikidata,subjects,MISSING,no
MB-007,9780802170910,unknown,bookbrainz,isbn_exact,MISSING,no
MB-007,9780802170910,unknown,bookbrainz,title,MISSING,no
MB-007,9780802170910,unknown,bookbrainz,subtitle,MISSING,no
MB-007,9780802170910,unknown,bookbrainz,authors,MISSING,no
MB-007,9780802170910,unknown,bookbrainz,language,MISSING,no
MB-007,9780802170910,unknown,bookbrainz,publisher,MISSING,no
MB-007,9780802170910,unknown,bookbrainz,publication_date,MISSING,no
MB-007,9780802170910,unknown,bookbrainz,page_count,MISSING,no
MB-007,9780802170910,unknown,bookbrainz,cover,MISSING,no
MB-007,9780802170910,unknown,bookbrainz,work_link,MISSING,no
MB-007,9780802170910,unknown,bookbrainz,series,MISSING,no
MB-007,9780802170910,unknown,bookbrainz,series_position,MISSING,no
MB-007,9780802170910,unknown,bookbrainz,subjects,MISSING,no
MB-008,9781509800339,unknown,open_library,isbn_exact,CORRECT,no
MB-008,9781509800339,unknown,open_library,title,CORRECT,no
MB-008,9781509800339,unknown,open_library,subtitle,MISSING,no
MB-008,9781509800339,unknown,open_library,authors,MISSING,no
MB-008,9781509800339,unknown,open_library,language,MISSING,no
MB-008,9781509800339,unknown,open_library,publisher,MISSING,no
MB-008,9781509800339,unknown,open_library,publication_date,MISSING,no
MB-008,9781509800339,unknown,open_library,page_count,MISSING,no
MB-008,9781509800339,unknown,open_library,cover,CORRECT,no
MB-008,9781509800339,unknown,open_library,work_link,CORRECT,no
MB-008,9781509800339,unknown,open_library,series,MISSING,no
MB-008,9781509800339,unknown,open_library,series_position,MISSING,no
MB-008,9781509800339,unknown,open_library,subjects,MISSING,no
MB-008,9781509800339,unknown,google_books,isbn_exact,CORRECT,no
MB-008,9781509800339,unknown,google_books,title,CORRECT,no
MB-008,9781509800339,unknown,google_books,subtitle,MISSING,no
MB-008,9781509800339,unknown,google_books,authors,CORRECT,no
MB-008,9781509800339,unknown,google_books,language,UNVERIFIABLE,no
MB-008,9781509800339,unknown,google_books,publisher,MISSING,no
MB-008,9781509800339,unknown,google_books,publication_date,UNVERIFIABLE,no
MB-008,9781509800339,unknown,google_books,page_count,MISSING,no
MB-008,9781509800339,unknown,google_books,cover,CORRECT,no
MB-008,9781509800339,unknown,google_books,work_link,MISSING,no
MB-008,9781509800339,unknown,google_books,series,MISSING,no
MB-008,9781509800339,unknown,google_books,series_position,MISSING,no
MB-008,9781509800339,unknown,google_books,subjects,CORRECT,no
MB-008,9781509800339,unknown,wikidata,isbn_exact,MISSING,no
MB-008,9781509800339,unknown,wikidata,title,MISSING,no
MB-008,9781509800339,unknown,wikidata,subtitle,MISSING,no
MB-008,9781509800339,unknown,wikidata,authors,MISSING,no
MB-008,9781509800339,unknown,wikidata,language,MISSING,no
MB-008,9781509800339,unknown,wikidata,publisher,MISSING,no
MB-008,9781509800339,unknown,wikidata,publication_date,MISSING,no
MB-008,9781509800339,unknown,wikidata,page_count,MISSING,no
MB-008,9781509800339,unknown,wikidata,cover,MISSING,no
MB-008,9781509800339,unknown,wikidata,work_link,MISSING,no
MB-008,9781509800339,unknown,wikidata,series,MISSING,no
MB-008,9781509800339,unknown,wikidata,series_position,MISSING,no
MB-008,9781509800339,unknown,wikidata,subjects,MISSING,no
MB-008,9781509800339,unknown,bookbrainz,isbn_exact,MISSING,no
MB-008,9781509800339,unknown,bookbrainz,title,MISSING,no
MB-008,9781509800339,unknown,bookbrainz,subtitle,MISSING,no
MB-008,9781509800339,unknown,bookbrainz,authors,MISSING,no
MB-008,9781509800339,unknown,bookbrainz,language,MISSING,no
MB-008,9781509800339,unknown,bookbrainz,publisher,MISSING,no
MB-008,9781509800339,unknown,bookbrainz,publication_date,MISSING,no
MB-008,9781509800339,unknown,bookbrainz,page_count,MISSING,no
MB-008,9781509800339,unknown,bookbrainz,cover,MISSING,no
MB-008,9781509800339,unknown,bookbrainz,work_link,MISSING,no
MB-008,9781509800339,unknown,bookbrainz,series,MISSING,no
MB-008,9781509800339,unknown,bookbrainz,series_position,MISSING,no
MB-008,9781509800339,unknown,bookbrainz,subjects,MISSING,no
MB-009,9781718502321,unknown,open_library,isbn_exact,CORRECT,no
MB-009,9781718502321,unknown,open_library,title,CORRECT,no
MB-009,9781718502321,unknown,open_library,subtitle,UNVERIFIABLE,no
MB-009,9781718502321,unknown,open_library,authors,CORRECT,no
MB-009,9781718502321,unknown,open_library,language,MISSING,no
MB-009,9781718502321,unknown,open_library,publisher,CORRECT,no
MB-009,9781718502321,unknown,open_library,publication_date,CORRECT,no
MB-009,9781718502321,unknown,open_library,page_count,CORRECT,no
MB-009,9781718502321,unknown,open_library,cover,CORRECT,no
MB-009,9781718502321,unknown,open_library,work_link,CORRECT,no
MB-009,9781718502321,unknown,open_library,series,MISSING,no
MB-009,9781718502321,unknown,open_library,series_position,MISSING,no
MB-009,9781718502321,unknown,open_library,subjects,MISSING,no
MB-009,9781718502321,unknown,google_books,isbn_exact,CORRECT,no
MB-009,9781718502321,unknown,google_books,title,CORRECT,no
MB-009,9781718502321,unknown,google_books,subtitle,UNVERIFIABLE,no
MB-009,9781718502321,unknown,google_books,authors,CORRECT,no
MB-009,9781718502321,unknown,google_books,language,UNVERIFIABLE,no
MB-009,9781718502321,unknown,google_books,publisher,CORRECT,no
MB-009,9781718502321,unknown,google_books,publication_date,CORRECT,no
MB-009,9781718502321,unknown,google_books,page_count,INCORRECT,no
MB-009,9781718502321,unknown,google_books,cover,CORRECT,no
MB-009,9781718502321,unknown,google_books,work_link,MISSING,no
MB-009,9781718502321,unknown,google_books,series,MISSING,no
MB-009,9781718502321,unknown,google_books,series_position,MISSING,no
MB-009,9781718502321,unknown,google_books,subjects,CORRECT,no
MB-009,9781718502321,unknown,wikidata,isbn_exact,MISSING,no
MB-009,9781718502321,unknown,wikidata,title,MISSING,no
MB-009,9781718502321,unknown,wikidata,subtitle,MISSING,no
MB-009,9781718502321,unknown,wikidata,authors,MISSING,no
MB-009,9781718502321,unknown,wikidata,language,MISSING,no
MB-009,9781718502321,unknown,wikidata,publisher,MISSING,no
MB-009,9781718502321,unknown,wikidata,publication_date,MISSING,no
MB-009,9781718502321,unknown,wikidata,page_count,MISSING,no
MB-009,9781718502321,unknown,wikidata,cover,MISSING,no
MB-009,9781718502321,unknown,wikidata,work_link,MISSING,no
MB-009,9781718502321,unknown,wikidata,series,MISSING,no
MB-009,9781718502321,unknown,wikidata,series_position,MISSING,no
MB-009,9781718502321,unknown,wikidata,subjects,MISSING,no
MB-009,9781718502321,unknown,bookbrainz,isbn_exact,MISSING,no
MB-009,9781718502321,unknown,bookbrainz,title,MISSING,no
MB-009,9781718502321,unknown,bookbrainz,subtitle,MISSING,no
MB-009,9781718502321,unknown,bookbrainz,authors,MISSING,no
MB-009,9781718502321,unknown,bookbrainz,language,MISSING,no
MB-009,9781718502321,unknown,bookbrainz,publisher,MISSING,no
MB-009,9781718502321,unknown,bookbrainz,publication_date,MISSING,no
MB-009,9781718502321,unknown,bookbrainz,page_count,MISSING,no
MB-009,9781718502321,unknown,bookbrainz,cover,MISSING,no
MB-009,9781718502321,unknown,bookbrainz,work_link,MISSING,no
MB-009,9781718502321,unknown,bookbrainz,series,MISSING,no
MB-009,9781718502321,unknown,bookbrainz,series_position,MISSING,no
MB-009,9781718502321,unknown,bookbrainz,subjects,MISSING,no
MB-010,9781905654291,unknown,open_library,isbn_exact,CORRECT,no
MB-010,9781905654291,unknown,open_library,title,CORRECT,no
MB-010,9781905654291,unknown,open_library,subtitle,MISSING,no
MB-010,9781905654291,unknown,open_library,authors,MISSING,no
MB-010,9781905654291,unknown,open_library,language,MISSING,no
MB-010,9781905654291,unknown,open_library,publisher,CORRECT,no
MB-010,9781905654291,unknown,open_library,publication_date,CORRECT,no
MB-010,9781905654291,unknown,open_library,page_count,MISSING,no
MB-010,9781905654291,unknown,open_library,cover,MISSING,no
MB-010,9781905654291,unknown,open_library,work_link,CORRECT,no
MB-010,9781905654291,unknown,open_library,series,INCORRECT,yes
MB-010,9781905654291,unknown,open_library,series_position,MISSING,no
MB-010,9781905654291,unknown,open_library,subjects,MISSING,no
MB-010,9781905654291,unknown,google_books,isbn_exact,MISSING,no
MB-010,9781905654291,unknown,google_books,title,MISSING,no
MB-010,9781905654291,unknown,google_books,subtitle,MISSING,no
MB-010,9781905654291,unknown,google_books,authors,MISSING,no
MB-010,9781905654291,unknown,google_books,language,MISSING,no
MB-010,9781905654291,unknown,google_books,publisher,MISSING,no
MB-010,9781905654291,unknown,google_books,publication_date,MISSING,no
MB-010,9781905654291,unknown,google_books,page_count,MISSING,no
MB-010,9781905654291,unknown,google_books,cover,MISSING,no
MB-010,9781905654291,unknown,google_books,work_link,MISSING,no
MB-010,9781905654291,unknown,google_books,series,MISSING,yes
MB-010,9781905654291,unknown,google_books,series_position,MISSING,no
MB-010,9781905654291,unknown,google_books,subjects,MISSING,no
MB-010,9781905654291,unknown,wikidata,isbn_exact,MISSING,no
MB-010,9781905654291,unknown,wikidata,title,MISSING,no
MB-010,9781905654291,unknown,wikidata,subtitle,MISSING,no
MB-010,9781905654291,unknown,wikidata,authors,MISSING,no
MB-010,9781905654291,unknown,wikidata,language,MISSING,no
MB-010,9781905654291,unknown,wikidata,publisher,MISSING,no
MB-010,9781905654291,unknown,wikidata,publication_date,MISSING,no
MB-010,9781905654291,unknown,wikidata,page_count,MISSING,no
MB-010,9781905654291,unknown,wikidata,cover,MISSING,no
MB-010,9781905654291,unknown,wikidata,work_link,MISSING,no
MB-010,9781905654291,unknown,wikidata,series,MISSING,yes
MB-010,9781905654291,unknown,wikidata,series_position,MISSING,no
MB-010,9781905654291,unknown,wikidata,subjects,MISSING,no
MB-010,9781905654291,unknown,bookbrainz,isbn_exact,MISSING,no
MB-010,9781905654291,unknown,bookbrainz,title,MISSING,no
MB-010,9781905654291,unknown,bookbrainz,subtitle,MISSING,no
MB-010,9781905654291,unknown,bookbrainz,authors,MISSING,no
MB-010,9781905654291,unknown,bookbrainz,language,MISSING,no
MB-010,9781905654291,unknown,bookbrainz,publisher,MISSING,no
MB-010,9781905654291,unknown,bookbrainz,publication_date,MISSING,no
MB-010,9781905654291,unknown,bookbrainz,page_count,MISSING,no
MB-010,9781905654291,unknown,bookbrainz,cover,MISSING,no
MB-010,9781905654291,unknown,bookbrainz,work_link,MISSING,no
MB-010,9781905654291,unknown,bookbrainz,series,MISSING,yes
MB-010,9781905654291,unknown,bookbrainz,series_position,MISSING,no
MB-010,9781905654291,unknown,bookbrainz,subjects,MISSING,no
MB-011,9783625123408,unknown,open_library,isbn_exact,CORRECT,no
MB-011,9783625123408,unknown,open_library,title,INCORRECT,no
MB-011,9783625123408,unknown,open_library,subtitle,MISSING,no
MB-011,9783625123408,unknown,open_library,authors,CORRECT,no
MB-011,9783625123408,unknown,open_library,language,MISSING,no
MB-011,9783625123408,unknown,open_library,publisher,CORRECT,no
MB-011,9783625123408,unknown,open_library,publication_date,CORRECT,no
MB-011,9783625123408,unknown,open_library,page_count,MISSING,no
MB-011,9783625123408,unknown,open_library,cover,MISSING,no
MB-011,9783625123408,unknown,open_library,work_link,CORRECT,no
MB-011,9783625123408,unknown,open_library,series,MISSING,no
MB-011,9783625123408,unknown,open_library,series_position,MISSING,no
MB-011,9783625123408,unknown,open_library,subjects,MISSING,no
MB-011,9783625123408,unknown,google_books,isbn_exact,CORRECT,no
MB-011,9783625123408,unknown,google_books,title,INCORRECT,no
MB-011,9783625123408,unknown,google_books,subtitle,MISSING,no
MB-011,9783625123408,unknown,google_books,authors,MISSING,no
MB-011,9783625123408,unknown,google_books,language,UNVERIFIABLE,no
MB-011,9783625123408,unknown,google_books,publisher,MISSING,no
MB-011,9783625123408,unknown,google_books,publication_date,INCORRECT,no
MB-011,9783625123408,unknown,google_books,page_count,UNVERIFIABLE,no
MB-011,9783625123408,unknown,google_books,cover,CORRECT,no
MB-011,9783625123408,unknown,google_books,work_link,MISSING,no
MB-011,9783625123408,unknown,google_books,series,MISSING,no
MB-011,9783625123408,unknown,google_books,series_position,MISSING,no
MB-011,9783625123408,unknown,google_books,subjects,MISSING,no
MB-011,9783625123408,unknown,wikidata,isbn_exact,MISSING,no
MB-011,9783625123408,unknown,wikidata,title,MISSING,no
MB-011,9783625123408,unknown,wikidata,subtitle,MISSING,no
MB-011,9783625123408,unknown,wikidata,authors,MISSING,no
MB-011,9783625123408,unknown,wikidata,language,MISSING,no
MB-011,9783625123408,unknown,wikidata,publisher,MISSING,no
MB-011,9783625123408,unknown,wikidata,publication_date,MISSING,no
MB-011,9783625123408,unknown,wikidata,page_count,MISSING,no
MB-011,9783625123408,unknown,wikidata,cover,MISSING,no
MB-011,9783625123408,unknown,wikidata,work_link,MISSING,no
MB-011,9783625123408,unknown,wikidata,series,MISSING,no
MB-011,9783625123408,unknown,wikidata,series_position,MISSING,no
MB-011,9783625123408,unknown,wikidata,subjects,MISSING,no
MB-011,9783625123408,unknown,bookbrainz,isbn_exact,MISSING,no
MB-011,9783625123408,unknown,bookbrainz,title,MISSING,no
MB-011,9783625123408,unknown,bookbrainz,subtitle,MISSING,no
MB-011,9783625123408,unknown,bookbrainz,authors,MISSING,no
MB-011,9783625123408,unknown,bookbrainz,language,MISSING,no
MB-011,9783625123408,unknown,bookbrainz,publisher,MISSING,no
MB-011,9783625123408,unknown,bookbrainz,publication_date,MISSING,no
MB-011,9783625123408,unknown,bookbrainz,page_count,MISSING,no
MB-011,9783625123408,unknown,bookbrainz,cover,MISSING,no
MB-011,9783625123408,unknown,bookbrainz,work_link,MISSING,no
MB-011,9783625123408,unknown,bookbrainz,series,MISSING,no
MB-011,9783625123408,unknown,bookbrainz,series_position,MISSING,no
MB-011,9783625123408,unknown,bookbrainz,subjects,MISSING,no
MB-012,9789024528943,unknown,open_library,isbn_exact,CORRECT,no
MB-012,9789024528943,unknown,open_library,title,CORRECT,no
MB-012,9789024528943,unknown,open_library,subtitle,MISSING,no
MB-012,9789024528943,unknown,open_library,authors,MISSING,no
MB-012,9789024528943,unknown,open_library,language,MISSING,no
MB-012,9789024528943,unknown,open_library,publisher,CORRECT,no
MB-012,9789024528943,unknown,open_library,publication_date,MISSING,no
MB-012,9789024528943,unknown,open_library,page_count,MISSING,no
MB-012,9789024528943,unknown,open_library,cover,CORRECT,no
MB-012,9789024528943,unknown,open_library,work_link,CORRECT,no
MB-012,9789024528943,unknown,open_library,series,MISSING,no
MB-012,9789024528943,unknown,open_library,series_position,MISSING,no
MB-012,9789024528943,unknown,open_library,subjects,MISSING,no
MB-012,9789024528943,unknown,google_books,isbn_exact,CORRECT,no
MB-012,9789024528943,unknown,google_books,title,CORRECT,no
MB-012,9789024528943,unknown,google_books,subtitle,MISSING,no
MB-012,9789024528943,unknown,google_books,authors,CORRECT,no
MB-012,9789024528943,unknown,google_books,language,UNVERIFIABLE,no
MB-012,9789024528943,unknown,google_books,publisher,MISSING,no
MB-012,9789024528943,unknown,google_books,publication_date,UNVERIFIABLE,no
MB-012,9789024528943,unknown,google_books,page_count,UNVERIFIABLE,no
MB-012,9789024528943,unknown,google_books,cover,MISSING,no
MB-012,9789024528943,unknown,google_books,work_link,MISSING,no
MB-012,9789024528943,unknown,google_books,series,MISSING,no
MB-012,9789024528943,unknown,google_books,series_position,MISSING,no
MB-012,9789024528943,unknown,google_books,subjects,MISSING,no
MB-012,9789024528943,unknown,wikidata,isbn_exact,MISSING,no
MB-012,9789024528943,unknown,wikidata,title,MISSING,no
MB-012,9789024528943,unknown,wikidata,subtitle,MISSING,no
MB-012,9789024528943,unknown,wikidata,authors,MISSING,no
MB-012,9789024528943,unknown,wikidata,language,MISSING,no
MB-012,9789024528943,unknown,wikidata,publisher,MISSING,no
MB-012,9789024528943,unknown,wikidata,publication_date,MISSING,no
MB-012,9789024528943,unknown,wikidata,page_count,MISSING,no
MB-012,9789024528943,unknown,wikidata,cover,MISSING,no
MB-012,9789024528943,unknown,wikidata,work_link,MISSING,no
MB-012,9789024528943,unknown,wikidata,series,MISSING,no
MB-012,9789024528943,unknown,wikidata,series_position,MISSING,no
MB-012,9789024528943,unknown,wikidata,subjects,MISSING,no
MB-012,9789024528943,unknown,bookbrainz,isbn_exact,MISSING,no
MB-012,9789024528943,unknown,bookbrainz,title,MISSING,no
MB-012,9789024528943,unknown,bookbrainz,subtitle,MISSING,no
MB-012,9789024528943,unknown,bookbrainz,authors,MISSING,no
MB-012,9789024528943,unknown,bookbrainz,language,MISSING,no
MB-012,9789024528943,unknown,bookbrainz,publisher,MISSING,no
MB-012,9789024528943,unknown,bookbrainz,publication_date,MISSING,no
MB-012,9789024528943,unknown,bookbrainz,page_count,MISSING,no
MB-012,9789024528943,unknown,bookbrainz,cover,MISSING,no
MB-012,9789024528943,unknown,bookbrainz,work_link,MISSING,no
MB-012,9789024528943,unknown,bookbrainz,series,MISSING,no
MB-012,9789024528943,unknown,bookbrainz,series_position,MISSING,no
MB-012,9789024528943,unknown,bookbrainz,subjects,MISSING,no
MB-013,9789029015264,unknown,open_library,isbn_exact,CORRECT,no
MB-013,9789029015264,unknown,open_library,title,CORRECT,no
MB-013,9789029015264,unknown,open_library,subtitle,UNVERIFIABLE,no
MB-013,9789029015264,unknown,open_library,authors,MISSING,no
MB-013,9789029015264,unknown,open_library,language,MISSING,no
MB-013,9789029015264,unknown,open_library,publisher,CORRECT,no
MB-013,9789029015264,unknown,open_library,publication_date,CORRECT,no
MB-013,9789029015264,unknown,open_library,page_count,CORRECT,no
MB-013,9789029015264,unknown,open_library,cover,CORRECT,no
MB-013,9789029015264,unknown,open_library,work_link,CORRECT,no
MB-013,9789029015264,unknown,open_library,series,MISSING,no
MB-013,9789029015264,unknown,open_library,series_position,MISSING,no
MB-013,9789029015264,unknown,open_library,subjects,MISSING,no
MB-013,9789029015264,unknown,google_books,isbn_exact,CORRECT,no
MB-013,9789029015264,unknown,google_books,title,CORRECT,no
MB-013,9789029015264,unknown,google_books,subtitle,MISSING,no
MB-013,9789029015264,unknown,google_books,authors,UNVERIFIABLE,no
MB-013,9789029015264,unknown,google_books,language,UNVERIFIABLE,no
MB-013,9789029015264,unknown,google_books,publisher,MISSING,no
MB-013,9789029015264,unknown,google_books,publication_date,INCORRECT,no
MB-013,9789029015264,unknown,google_books,page_count,CORRECT,no
MB-013,9789029015264,unknown,google_books,cover,MISSING,no
MB-013,9789029015264,unknown,google_books,work_link,MISSING,no
MB-013,9789029015264,unknown,google_books,series,MISSING,no
MB-013,9789029015264,unknown,google_books,series_position,MISSING,no
MB-013,9789029015264,unknown,google_books,subjects,CORRECT,no
MB-013,9789029015264,unknown,wikidata,isbn_exact,MISSING,no
MB-013,9789029015264,unknown,wikidata,title,MISSING,no
MB-013,9789029015264,unknown,wikidata,subtitle,MISSING,no
MB-013,9789029015264,unknown,wikidata,authors,MISSING,no
MB-013,9789029015264,unknown,wikidata,language,MISSING,no
MB-013,9789029015264,unknown,wikidata,publisher,MISSING,no
MB-013,9789029015264,unknown,wikidata,publication_date,MISSING,no
MB-013,9789029015264,unknown,wikidata,page_count,MISSING,no
MB-013,9789029015264,unknown,wikidata,cover,MISSING,no
MB-013,9789029015264,unknown,wikidata,work_link,MISSING,no
MB-013,9789029015264,unknown,wikidata,series,MISSING,no
MB-013,9789029015264,unknown,wikidata,series_position,MISSING,no
MB-013,9789029015264,unknown,wikidata,subjects,MISSING,no
MB-013,9789029015264,unknown,bookbrainz,isbn_exact,MISSING,no
MB-013,9789029015264,unknown,bookbrainz,title,MISSING,no
MB-013,9789029015264,unknown,bookbrainz,subtitle,MISSING,no
MB-013,9789029015264,unknown,bookbrainz,authors,MISSING,no
MB-013,9789029015264,unknown,bookbrainz,language,MISSING,no
MB-013,9789029015264,unknown,bookbrainz,publisher,MISSING,no
MB-013,9789029015264,unknown,bookbrainz,publication_date,MISSING,no
MB-013,9789029015264,unknown,bookbrainz,page_count,MISSING,no
MB-013,9789029015264,unknown,bookbrainz,cover,MISSING,no
MB-013,9789029015264,unknown,bookbrainz,work_link,MISSING,no
MB-013,9789029015264,unknown,bookbrainz,series,MISSING,no
MB-013,9789029015264,unknown,bookbrainz,series_position,MISSING,no
MB-013,9789029015264,unknown,bookbrainz,subjects,MISSING,no
MB-014,9789036616430,unknown,open_library,isbn_exact,MISSING,no
MB-014,9789036616430,unknown,open_library,title,MISSING,no
MB-014,9789036616430,unknown,open_library,subtitle,MISSING,no
MB-014,9789036616430,unknown,open_library,authors,MISSING,no
MB-014,9789036616430,unknown,open_library,language,MISSING,no
MB-014,9789036616430,unknown,open_library,publisher,MISSING,no
MB-014,9789036616430,unknown,open_library,publication_date,MISSING,no
MB-014,9789036616430,unknown,open_library,page_count,MISSING,no
MB-014,9789036616430,unknown,open_library,cover,MISSING,no
MB-014,9789036616430,unknown,open_library,work_link,MISSING,no
MB-014,9789036616430,unknown,open_library,series,MISSING,no
MB-014,9789036616430,unknown,open_library,series_position,MISSING,no
MB-014,9789036616430,unknown,open_library,subjects,MISSING,no
MB-014,9789036616430,unknown,google_books,isbn_exact,CORRECT,no
MB-014,9789036616430,unknown,google_books,title,INCORRECT,no
MB-014,9789036616430,unknown,google_books,subtitle,MISSING,no
MB-014,9789036616430,unknown,google_books,authors,CORRECT,no
MB-014,9789036616430,unknown,google_books,language,UNVERIFIABLE,no
MB-014,9789036616430,unknown,google_books,publisher,MISSING,no
MB-014,9789036616430,unknown,google_books,publication_date,CORRECT,no
MB-014,9789036616430,unknown,google_books,page_count,CORRECT,no
MB-014,9789036616430,unknown,google_books,cover,CORRECT,no
MB-014,9789036616430,unknown,google_books,work_link,MISSING,no
MB-014,9789036616430,unknown,google_books,series,MISSING,no
MB-014,9789036616430,unknown,google_books,series_position,MISSING,no
MB-014,9789036616430,unknown,google_books,subjects,MISSING,no
MB-014,9789036616430,unknown,wikidata,isbn_exact,MISSING,no
MB-014,9789036616430,unknown,wikidata,title,MISSING,no
MB-014,9789036616430,unknown,wikidata,subtitle,MISSING,no
MB-014,9789036616430,unknown,wikidata,authors,MISSING,no
MB-014,9789036616430,unknown,wikidata,language,MISSING,no
MB-014,9789036616430,unknown,wikidata,publisher,MISSING,no
MB-014,9789036616430,unknown,wikidata,publication_date,MISSING,no
MB-014,9789036616430,unknown,wikidata,page_count,MISSING,no
MB-014,9789036616430,unknown,wikidata,cover,MISSING,no
MB-014,9789036616430,unknown,wikidata,work_link,MISSING,no
MB-014,9789036616430,unknown,wikidata,series,MISSING,no
MB-014,9789036616430,unknown,wikidata,series_position,MISSING,no
MB-014,9789036616430,unknown,wikidata,subjects,MISSING,no
MB-014,9789036616430,unknown,bookbrainz,isbn_exact,MISSING,no
MB-014,9789036616430,unknown,bookbrainz,title,MISSING,no
MB-014,9789036616430,unknown,bookbrainz,subtitle,MISSING,no
MB-014,9789036616430,unknown,bookbrainz,authors,MISSING,no
MB-014,9789036616430,unknown,bookbrainz,language,MISSING,no
MB-014,9789036616430,unknown,bookbrainz,publisher,MISSING,no
MB-014,9789036616430,unknown,bookbrainz,publication_date,MISSING,no
MB-014,9789036616430,unknown,bookbrainz,page_count,MISSING,no
MB-014,9789036616430,unknown,bookbrainz,cover,MISSING,no
MB-014,9789036616430,unknown,bookbrainz,work_link,MISSING,no
MB-014,9789036616430,unknown,bookbrainz,series,MISSING,no
MB-014,9789036616430,unknown,bookbrainz,series_position,MISSING,no
MB-014,9789036616430,unknown,bookbrainz,subjects,MISSING,no
MB-015,9789056722692,unknown,open_library,isbn_exact,CORRECT,no
MB-015,9789056722692,unknown,open_library,title,CORRECT,no
MB-015,9789056722692,unknown,open_library,subtitle,MISSING,no
MB-015,9789056722692,unknown,open_library,authors,CORRECT,no
MB-015,9789056722692,unknown,open_library,language,MISSING,no
MB-015,9789056722692,unknown,open_library,publisher,CORRECT,no
MB-015,9789056722692,unknown,open_library,publication_date,CORRECT,no
MB-015,9789056722692,unknown,open_library,page_count,MISSING,no
MB-015,9789056722692,unknown,open_library,cover,CORRECT,no
MB-015,9789056722692,unknown,open_library,work_link,CORRECT,no
MB-015,9789056722692,unknown,open_library,series,MISSING,no
MB-015,9789056722692,unknown,open_library,series_position,MISSING,no
MB-015,9789056722692,unknown,open_library,subjects,MISSING,no
MB-015,9789056722692,unknown,google_books,isbn_exact,CORRECT,no
MB-015,9789056722692,unknown,google_books,title,CORRECT,no
MB-015,9789056722692,unknown,google_books,subtitle,MISSING,no
MB-015,9789056722692,unknown,google_books,authors,CORRECT,no
MB-015,9789056722692,unknown,google_books,language,UNVERIFIABLE,no
MB-015,9789056722692,unknown,google_books,publisher,MISSING,no
MB-015,9789056722692,unknown,google_books,publication_date,CORRECT,no
MB-015,9789056722692,unknown,google_books,page_count,UNVERIFIABLE,no
MB-015,9789056722692,unknown,google_books,cover,CORRECT,no
MB-015,9789056722692,unknown,google_books,work_link,MISSING,no
MB-015,9789056722692,unknown,google_books,series,MISSING,no
MB-015,9789056722692,unknown,google_books,series_position,MISSING,no
MB-015,9789056722692,unknown,google_books,subjects,MISSING,no
MB-015,9789056722692,unknown,wikidata,isbn_exact,MISSING,no
MB-015,9789056722692,unknown,wikidata,title,MISSING,no
MB-015,9789056722692,unknown,wikidata,subtitle,MISSING,no
MB-015,9789056722692,unknown,wikidata,authors,MISSING,no
MB-015,9789056722692,unknown,wikidata,language,MISSING,no
MB-015,9789056722692,unknown,wikidata,publisher,MISSING,no
MB-015,9789056722692,unknown,wikidata,publication_date,MISSING,no
MB-015,9789056722692,unknown,wikidata,page_count,MISSING,no
MB-015,9789056722692,unknown,wikidata,cover,MISSING,no
MB-015,9789056722692,unknown,wikidata,work_link,MISSING,no
MB-015,9789056722692,unknown,wikidata,series,MISSING,no
MB-015,9789056722692,unknown,wikidata,series_position,MISSING,no
MB-015,9789056722692,unknown,wikidata,subjects,MISSING,no
MB-015,9789056722692,unknown,bookbrainz,isbn_exact,MISSING,no
MB-015,9789056722692,unknown,bookbrainz,title,MISSING,no
MB-015,9789056722692,unknown,bookbrainz,subtitle,MISSING,no
MB-015,9789056722692,unknown,bookbrainz,authors,MISSING,no
MB-015,9789056722692,unknown,bookbrainz,language,MISSING,no
MB-015,9789056722692,unknown,bookbrainz,publisher,MISSING,no
MB-015,9789056722692,unknown,bookbrainz,publication_date,MISSING,no
MB-015,9789056722692,unknown,bookbrainz,page_count,MISSING,no
MB-015,9789056722692,unknown,bookbrainz,cover,MISSING,no
MB-015,9789056722692,unknown,bookbrainz,work_link,MISSING,no
MB-015,9789056722692,unknown,bookbrainz,series,MISSING,no
MB-015,9789056722692,unknown,bookbrainz,series_position,MISSING,no
MB-015,9789056722692,unknown,bookbrainz,subjects,MISSING,no
MB-016,9789059651081,unknown,open_library,isbn_exact,CORRECT,no
MB-016,9789059651081,unknown,open_library,title,CORRECT,no
MB-016,9789059651081,unknown,open_library,subtitle,MISSING,no
MB-016,9789059651081,unknown,open_library,authors,CORRECT,no
MB-016,9789059651081,unknown,open_library,language,MISSING,no
MB-016,9789059651081,unknown,open_library,publisher,CORRECT,no
MB-016,9789059651081,unknown,open_library,publication_date,CORRECT,no
MB-016,9789059651081,unknown,open_library,page_count,MISSING,no
MB-016,9789059651081,unknown,open_library,cover,CORRECT,no
MB-016,9789059651081,unknown,open_library,work_link,CORRECT,no
MB-016,9789059651081,unknown,open_library,series,MISSING,no
MB-016,9789059651081,unknown,open_library,series_position,MISSING,no
MB-016,9789059651081,unknown,open_library,subjects,MISSING,no
MB-016,9789059651081,unknown,google_books,isbn_exact,CORRECT,no
MB-016,9789059651081,unknown,google_books,title,CORRECT,no
MB-016,9789059651081,unknown,google_books,subtitle,MISSING,no
MB-016,9789059651081,unknown,google_books,authors,CORRECT,no
MB-016,9789059651081,unknown,google_books,language,UNVERIFIABLE,no
MB-016,9789059651081,unknown,google_books,publisher,MISSING,no
MB-016,9789059651081,unknown,google_books,publication_date,CORRECT,no
MB-016,9789059651081,unknown,google_books,page_count,UNVERIFIABLE,no
MB-016,9789059651081,unknown,google_books,cover,MISSING,no
MB-016,9789059651081,unknown,google_books,work_link,MISSING,no
MB-016,9789059651081,unknown,google_books,series,MISSING,no
MB-016,9789059651081,unknown,google_books,series_position,MISSING,no
MB-016,9789059651081,unknown,google_books,subjects,MISSING,no
MB-016,9789059651081,unknown,wikidata,isbn_exact,MISSING,no
MB-016,9789059651081,unknown,wikidata,title,MISSING,no
MB-016,9789059651081,unknown,wikidata,subtitle,MISSING,no
MB-016,9789059651081,unknown,wikidata,authors,MISSING,no
MB-016,9789059651081,unknown,wikidata,language,MISSING,no
MB-016,9789059651081,unknown,wikidata,publisher,MISSING,no
MB-016,9789059651081,unknown,wikidata,publication_date,MISSING,no
MB-016,9789059651081,unknown,wikidata,page_count,MISSING,no
MB-016,9789059651081,unknown,wikidata,cover,MISSING,no
MB-016,9789059651081,unknown,wikidata,work_link,MISSING,no
MB-016,9789059651081,unknown,wikidata,series,MISSING,no
MB-016,9789059651081,unknown,wikidata,series_position,MISSING,no
MB-016,9789059651081,unknown,wikidata,subjects,MISSING,no
MB-016,9789059651081,unknown,bookbrainz,isbn_exact,MISSING,no
MB-016,9789059651081,unknown,bookbrainz,title,MISSING,no
MB-016,9789059651081,unknown,bookbrainz,subtitle,MISSING,no
MB-016,9789059651081,unknown,bookbrainz,authors,MISSING,no
MB-016,9789059651081,unknown,bookbrainz,language,MISSING,no
MB-016,9789059651081,unknown,bookbrainz,publisher,MISSING,no
MB-016,9789059651081,unknown,bookbrainz,publication_date,MISSING,no
MB-016,9789059651081,unknown,bookbrainz,page_count,MISSING,no
MB-016,9789059651081,unknown,bookbrainz,cover,MISSING,no
MB-016,9789059651081,unknown,bookbrainz,work_link,MISSING,no
MB-016,9789059651081,unknown,bookbrainz,series,MISSING,no
MB-016,9789059651081,unknown,bookbrainz,series_position,MISSING,no
MB-016,9789059651081,unknown,bookbrainz,subjects,MISSING,no
MB-017,9789059657328,unknown,open_library,isbn_exact,CORRECT,no
MB-017,9789059657328,unknown,open_library,title,CORRECT,no
MB-017,9789059657328,unknown,open_library,subtitle,MISSING,no
MB-017,9789059657328,unknown,open_library,authors,MISSING,no
MB-017,9789059657328,unknown,open_library,language,MISSING,no
MB-017,9789059657328,unknown,open_library,publisher,MISSING,no
MB-017,9789059657328,unknown,open_library,publication_date,MISSING,no
MB-017,9789059657328,unknown,open_library,page_count,MISSING,no
MB-017,9789059657328,unknown,open_library,cover,CORRECT,no
MB-017,9789059657328,unknown,open_library,work_link,CORRECT,no
MB-017,9789059657328,unknown,open_library,series,MISSING,no
MB-017,9789059657328,unknown,open_library,series_position,MISSING,no
MB-017,9789059657328,unknown,open_library,subjects,MISSING,no
MB-017,9789059657328,unknown,google_books,isbn_exact,CORRECT,no
MB-017,9789059657328,unknown,google_books,title,CORRECT,no
MB-017,9789059657328,unknown,google_books,subtitle,MISSING,no
MB-017,9789059657328,unknown,google_books,authors,UNVERIFIABLE,no
MB-017,9789059657328,unknown,google_books,language,UNVERIFIABLE,no
MB-017,9789059657328,unknown,google_books,publisher,MISSING,no
MB-017,9789059657328,unknown,google_books,publication_date,UNVERIFIABLE,no
MB-017,9789059657328,unknown,google_books,page_count,MISSING,no
MB-017,9789059657328,unknown,google_books,cover,MISSING,no
MB-017,9789059657328,unknown,google_books,work_link,MISSING,no
MB-017,9789059657328,unknown,google_books,series,MISSING,no
MB-017,9789059657328,unknown,google_books,series_position,MISSING,no
MB-017,9789059657328,unknown,google_books,subjects,MISSING,no
MB-017,9789059657328,unknown,wikidata,isbn_exact,MISSING,no
MB-017,9789059657328,unknown,wikidata,title,MISSING,no
MB-017,9789059657328,unknown,wikidata,subtitle,MISSING,no
MB-017,9789059657328,unknown,wikidata,authors,MISSING,no
MB-017,9789059657328,unknown,wikidata,language,MISSING,no
MB-017,9789059657328,unknown,wikidata,publisher,MISSING,no
MB-017,9789059657328,unknown,wikidata,publication_date,MISSING,no
MB-017,9789059657328,unknown,wikidata,page_count,MISSING,no
MB-017,9789059657328,unknown,wikidata,cover,MISSING,no
MB-017,9789059657328,unknown,wikidata,work_link,MISSING,no
MB-017,9789059657328,unknown,wikidata,series,MISSING,no
MB-017,9789059657328,unknown,wikidata,series_position,MISSING,no
MB-017,9789059657328,unknown,wikidata,subjects,MISSING,no
MB-017,9789059657328,unknown,bookbrainz,isbn_exact,MISSING,no
MB-017,9789059657328,unknown,bookbrainz,title,MISSING,no
MB-017,9789059657328,unknown,bookbrainz,subtitle,MISSING,no
MB-017,9789059657328,unknown,bookbrainz,authors,MISSING,no
MB-017,9789059657328,unknown,bookbrainz,language,MISSING,no
MB-017,9789059657328,unknown,bookbrainz,publisher,MISSING,no
MB-017,9789059657328,unknown,bookbrainz,publication_date,MISSING,no
MB-017,9789059657328,unknown,bookbrainz,page_count,MISSING,no
MB-017,9789059657328,unknown,bookbrainz,cover,MISSING,no
MB-017,9789059657328,unknown,bookbrainz,work_link,MISSING,no
MB-017,9789059657328,unknown,bookbrainz,series,MISSING,no
MB-017,9789059657328,unknown,bookbrainz,series_position,MISSING,no
MB-017,9789059657328,unknown,bookbrainz,subjects,MISSING,no
MB-018,9789060123447,unknown,open_library,isbn_exact,CORRECT,no
MB-018,9789060123447,unknown,open_library,title,CORRECT,no
MB-018,9789060123447,unknown,open_library,subtitle,MISSING,no
MB-018,9789060123447,unknown,open_library,authors,CORRECT,no
MB-018,9789060123447,unknown,open_library,language,MISSING,no
MB-018,9789060123447,unknown,open_library,publisher,CORRECT,no
MB-018,9789060123447,unknown,open_library,publication_date,CORRECT,no
MB-018,9789060123447,unknown,open_library,page_count,MISSING,no
MB-018,9789060123447,unknown,open_library,cover,CORRECT,no
MB-018,9789060123447,unknown,open_library,work_link,CORRECT,no
MB-018,9789060123447,unknown,open_library,series,MISSING,no
MB-018,9789060123447,unknown,open_library,series_position,MISSING,no
MB-018,9789060123447,unknown,open_library,subjects,MISSING,no
MB-018,9789060123447,unknown,google_books,isbn_exact,CORRECT,no
MB-018,9789060123447,unknown,google_books,title,CORRECT,no
MB-018,9789060123447,unknown,google_books,subtitle,UNVERIFIABLE,no
MB-018,9789060123447,unknown,google_books,authors,INCORRECT,no
MB-018,9789060123447,unknown,google_books,language,UNVERIFIABLE,no
MB-018,9789060123447,unknown,google_books,publisher,MISSING,no
MB-018,9789060123447,unknown,google_books,publication_date,CORRECT,no
MB-018,9789060123447,unknown,google_books,page_count,UNVERIFIABLE,no
MB-018,9789060123447,unknown,google_books,cover,MISSING,no
MB-018,9789060123447,unknown,google_books,work_link,MISSING,no
MB-018,9789060123447,unknown,google_books,series,MISSING,no
MB-018,9789060123447,unknown,google_books,series_position,MISSING,no
MB-018,9789060123447,unknown,google_books,subjects,MISSING,no
MB-018,9789060123447,unknown,wikidata,isbn_exact,MISSING,no
MB-018,9789060123447,unknown,wikidata,title,MISSING,no
MB-018,9789060123447,unknown,wikidata,subtitle,MISSING,no
MB-018,9789060123447,unknown,wikidata,authors,MISSING,no
MB-018,9789060123447,unknown,wikidata,language,MISSING,no
MB-018,9789060123447,unknown,wikidata,publisher,MISSING,no
MB-018,9789060123447,unknown,wikidata,publication_date,MISSING,no
MB-018,9789060123447,unknown,wikidata,page_count,MISSING,no
MB-018,9789060123447,unknown,wikidata,cover,MISSING,no
MB-018,9789060123447,unknown,wikidata,work_link,MISSING,no
MB-018,9789060123447,unknown,wikidata,series,MISSING,no
MB-018,9789060123447,unknown,wikidata,series_position,MISSING,no
MB-018,9789060123447,unknown,wikidata,subjects,MISSING,no
MB-018,9789060123447,unknown,bookbrainz,isbn_exact,MISSING,no
MB-018,9789060123447,unknown,bookbrainz,title,MISSING,no
MB-018,9789060123447,unknown,bookbrainz,subtitle,MISSING,no
MB-018,9789060123447,unknown,bookbrainz,authors,MISSING,no
MB-018,9789060123447,unknown,bookbrainz,language,MISSING,no
MB-018,9789060123447,unknown,bookbrainz,publisher,MISSING,no
MB-018,9789060123447,unknown,bookbrainz,publication_date,MISSING,no
MB-018,9789060123447,unknown,bookbrainz,page_count,MISSING,no
MB-018,9789060123447,unknown,bookbrainz,cover,MISSING,no
MB-018,9789060123447,unknown,bookbrainz,work_link,MISSING,no
MB-018,9789060123447,unknown,bookbrainz,series,MISSING,no
MB-018,9789060123447,unknown,bookbrainz,series_position,MISSING,no
MB-018,9789060123447,unknown,bookbrainz,subjects,MISSING,no
MB-019,9789492790095,unknown,open_library,isbn_exact,MISSING,no
MB-019,9789492790095,unknown,open_library,title,MISSING,no
MB-019,9789492790095,unknown,open_library,subtitle,MISSING,no
MB-019,9789492790095,unknown,open_library,authors,MISSING,no
MB-019,9789492790095,unknown,open_library,language,MISSING,no
MB-019,9789492790095,unknown,open_library,publisher,MISSING,no
MB-019,9789492790095,unknown,open_library,publication_date,MISSING,no
MB-019,9789492790095,unknown,open_library,page_count,MISSING,no
MB-019,9789492790095,unknown,open_library,cover,MISSING,no
MB-019,9789492790095,unknown,open_library,work_link,MISSING,no
MB-019,9789492790095,unknown,open_library,series,MISSING,no
MB-019,9789492790095,unknown,open_library,series_position,MISSING,no
MB-019,9789492790095,unknown,open_library,subjects,MISSING,no
MB-019,9789492790095,unknown,google_books,isbn_exact,CORRECT,no
MB-019,9789492790095,unknown,google_books,title,CORRECT,no
MB-019,9789492790095,unknown,google_books,subtitle,MISSING,no
MB-019,9789492790095,unknown,google_books,authors,CORRECT,no
MB-019,9789492790095,unknown,google_books,language,UNVERIFIABLE,no
MB-019,9789492790095,unknown,google_books,publisher,MISSING,no
MB-019,9789492790095,unknown,google_books,publication_date,CORRECT,no
MB-019,9789492790095,unknown,google_books,page_count,UNVERIFIABLE,no
MB-019,9789492790095,unknown,google_books,cover,MISSING,no
MB-019,9789492790095,unknown,google_books,work_link,MISSING,no
MB-019,9789492790095,unknown,google_books,series,MISSING,no
MB-019,9789492790095,unknown,google_books,series_position,MISSING,no
MB-019,9789492790095,unknown,google_books,subjects,MISSING,no
MB-019,9789492790095,unknown,wikidata,isbn_exact,MISSING,no
MB-019,9789492790095,unknown,wikidata,title,MISSING,no
MB-019,9789492790095,unknown,wikidata,subtitle,MISSING,no
MB-019,9789492790095,unknown,wikidata,authors,MISSING,no
MB-019,9789492790095,unknown,wikidata,language,MISSING,no
MB-019,9789492790095,unknown,wikidata,publisher,MISSING,no
MB-019,9789492790095,unknown,wikidata,publication_date,MISSING,no
MB-019,9789492790095,unknown,wikidata,page_count,MISSING,no
MB-019,9789492790095,unknown,wikidata,cover,MISSING,no
MB-019,9789492790095,unknown,wikidata,work_link,MISSING,no
MB-019,9789492790095,unknown,wikidata,series,MISSING,no
MB-019,9789492790095,unknown,wikidata,series_position,MISSING,no
MB-019,9789492790095,unknown,wikidata,subjects,MISSING,no
MB-019,9789492790095,unknown,bookbrainz,isbn_exact,MISSING,no
MB-019,9789492790095,unknown,bookbrainz,title,MISSING,no
MB-019,9789492790095,unknown,bookbrainz,subtitle,MISSING,no
MB-019,9789492790095,unknown,bookbrainz,authors,MISSING,no
MB-019,9789492790095,unknown,bookbrainz,language,MISSING,no
MB-019,9789492790095,unknown,bookbrainz,publisher,MISSING,no
MB-019,9789492790095,unknown,bookbrainz,publication_date,MISSING,no
MB-019,9789492790095,unknown,bookbrainz,page_count,MISSING,no
MB-019,9789492790095,unknown,bookbrainz,cover,MISSING,no
MB-019,9789492790095,unknown,bookbrainz,work_link,MISSING,no
MB-019,9789492790095,unknown,bookbrainz,series,MISSING,no
MB-019,9789492790095,unknown,bookbrainz,series_position,MISSING,no
MB-019,9789492790095,unknown,bookbrainz,subjects,MISSING,no
MB-020,9789608386761,other,open_library,isbn_exact,MISSING,no
MB-020,9789608386761,other,open_library,title,MISSING,no
MB-020,9789608386761,other,open_library,subtitle,MISSING,no
MB-020,9789608386761,other,open_library,authors,MISSING,no
MB-020,9789608386761,other,open_library,language,MISSING,no
MB-020,9789608386761,other,open_library,publisher,MISSING,no
MB-020,9789608386761,other,open_library,publication_date,MISSING,no
MB-020,9789608386761,other,open_library,page_count,MISSING,no
MB-020,9789608386761,other,open_library,cover,MISSING,no
MB-020,9789608386761,other,open_library,work_link,MISSING,no
MB-020,9789608386761,other,open_library,series,MISSING,no
MB-020,9789608386761,other,open_library,series_position,MISSING,no
MB-020,9789608386761,other,open_library,subjects,MISSING,no
MB-020,9789608386761,other,google_books,isbn_exact,CORRECT,no
MB-020,9789608386761,other,google_books,title,CORRECT,no
MB-020,9789608386761,other,google_books,subtitle,MISSING,no
MB-020,9789608386761,other,google_books,authors,CORRECT,no
MB-020,9789608386761,other,google_books,language,UNVERIFIABLE,no
MB-020,9789608386761,other,google_books,publisher,MISSING,no
MB-020,9789608386761,other,google_books,publication_date,CORRECT,no
MB-020,9789608386761,other,google_books,page_count,MISSING,no
MB-020,9789608386761,other,google_books,cover,CORRECT,no
MB-020,9789608386761,other,google_books,work_link,MISSING,no
MB-020,9789608386761,other,google_books,series,MISSING,no
MB-020,9789608386761,other,google_books,series_position,MISSING,no
MB-020,9789608386761,other,google_books,subjects,CORRECT,no
MB-020,9789608386761,other,wikidata,isbn_exact,MISSING,no
MB-020,9789608386761,other,wikidata,title,MISSING,no
MB-020,9789608386761,other,wikidata,subtitle,MISSING,no
MB-020,9789608386761,other,wikidata,authors,MISSING,no
MB-020,9789608386761,other,wikidata,language,MISSING,no
MB-020,9789608386761,other,wikidata,publisher,MISSING,no
MB-020,9789608386761,other,wikidata,publication_date,MISSING,no
MB-020,9789608386761,other,wikidata,page_count,MISSING,no
MB-020,9789608386761,other,wikidata,cover,MISSING,no
MB-020,9789608386761,other,wikidata,work_link,MISSING,no
MB-020,9789608386761,other,wikidata,series,MISSING,no
MB-020,9789608386761,other,wikidata,series_position,MISSING,no
MB-020,9789608386761,other,wikidata,subjects,MISSING,no
MB-020,9789608386761,other,bookbrainz,isbn_exact,MISSING,no
MB-020,9789608386761,other,bookbrainz,title,MISSING,no
MB-020,9789608386761,other,bookbrainz,subtitle,MISSING,no
MB-020,9789608386761,other,bookbrainz,authors,MISSING,no
MB-020,9789608386761,other,bookbrainz,language,MISSING,no
MB-020,9789608386761,other,bookbrainz,publisher,MISSING,no
MB-020,9789608386761,other,bookbrainz,publication_date,MISSING,no
MB-020,9789608386761,other,bookbrainz,page_count,MISSING,no
MB-020,9789608386761,other,bookbrainz,cover,MISSING,no
MB-020,9789608386761,other,bookbrainz,work_link,MISSING,no
MB-020,9789608386761,other,bookbrainz,series,MISSING,no
MB-020,9789608386761,other,bookbrainz,series_position,MISSING,no
MB-020,9789608386761,other,bookbrainz,subjects,MISSING,no
MB-021,9780007279371,en,open_library,isbn_exact,CORRECT,no
MB-021,9780007279371,en,open_library,title,CORRECT,no
MB-021,9780007279371,en,open_library,subtitle,MISSING,no
MB-021,9780007279371,en,open_library,authors,CORRECT,no
MB-021,9780007279371,en,open_library,language,CORRECT,no
MB-021,9780007279371,en,open_library,publisher,CORRECT,no
MB-021,9780007279371,en,open_library,publication_date,CORRECT,no
MB-021,9780007279371,en,open_library,page_count,CORRECT,no
MB-021,9780007279371,en,open_library,cover,CORRECT,no
MB-021,9780007279371,en,open_library,work_link,CORRECT,no
MB-021,9780007279371,en,open_library,series,MISSING,no
MB-021,9780007279371,en,open_library,series_position,MISSING,no
MB-021,9780007279371,en,open_library,subjects,CORRECT,no
MB-021,9780007279371,en,google_books,isbn_exact,CORRECT,no
MB-021,9780007279371,en,google_books,title,CORRECT,no
MB-021,9780007279371,en,google_books,subtitle,MISSING,no
MB-021,9780007279371,en,google_books,authors,CORRECT,no
MB-021,9780007279371,en,google_books,language,CORRECT,no
MB-021,9780007279371,en,google_books,publisher,INCORRECT,no
MB-021,9780007279371,en,google_books,publication_date,CORRECT,no
MB-021,9780007279371,en,google_books,page_count,INCORRECT,no
MB-021,9780007279371,en,google_books,cover,CORRECT,no
MB-021,9780007279371,en,google_books,work_link,MISSING,no
MB-021,9780007279371,en,google_books,series,MISSING,no
MB-021,9780007279371,en,google_books,series_position,MISSING,no
MB-021,9780007279371,en,google_books,subjects,CORRECT,no
MB-021,9780007279371,en,wikidata,isbn_exact,MISSING,no
MB-021,9780007279371,en,wikidata,title,MISSING,no
MB-021,9780007279371,en,wikidata,subtitle,MISSING,no
MB-021,9780007279371,en,wikidata,authors,MISSING,no
MB-021,9780007279371,en,wikidata,language,MISSING,no
MB-021,9780007279371,en,wikidata,publisher,MISSING,no
MB-021,9780007279371,en,wikidata,publication_date,MISSING,no
MB-021,9780007279371,en,wikidata,page_count,MISSING,no
MB-021,9780007279371,en,wikidata,cover,MISSING,no
MB-021,9780007279371,en,wikidata,work_link,MISSING,no
MB-021,9780007279371,en,wikidata,series,MISSING,no
MB-021,9780007279371,en,wikidata,series_position,MISSING,no
MB-021,9780007279371,en,wikidata,subjects,MISSING,no
MB-021,9780007279371,en,bookbrainz,isbn_exact,MISSING,no
MB-021,9780007279371,en,bookbrainz,title,MISSING,no
MB-021,9780007279371,en,bookbrainz,subtitle,MISSING,no
MB-021,9780007279371,en,bookbrainz,authors,MISSING,no
MB-021,9780007279371,en,bookbrainz,language,MISSING,no
MB-021,9780007279371,en,bookbrainz,publisher,MISSING,no
MB-021,9780007279371,en,bookbrainz,publication_date,MISSING,no
MB-021,9780007279371,en,bookbrainz,page_count,MISSING,no
MB-021,9780007279371,en,bookbrainz,cover,MISSING,no
MB-021,9780007279371,en,bookbrainz,work_link,MISSING,no
MB-021,9780007279371,en,bookbrainz,series,MISSING,no
MB-021,9780007279371,en,bookbrainz,series_position,MISSING,no
MB-021,9780007279371,en,bookbrainz,subjects,MISSING,no
MB-022,9780099410218,en,open_library,isbn_exact,CORRECT,no
MB-022,9780099410218,en,open_library,title,CORRECT,no
MB-022,9780099410218,en,open_library,subtitle,MISSING,no
MB-022,9780099410218,en,open_library,authors,MISSING,no
MB-022,9780099410218,en,open_library,language,CORRECT,no
MB-022,9780099410218,en,open_library,publisher,CORRECT,no
MB-022,9780099410218,en,open_library,publication_date,INCORRECT,no
MB-022,9780099410218,en,open_library,page_count,MISSING,no
MB-022,9780099410218,en,open_library,cover,CORRECT,no
MB-022,9780099410218,en,open_library,work_link,CORRECT,no
MB-022,9780099410218,en,open_library,series,MISSING,no
MB-022,9780099410218,en,open_library,series_position,MISSING,no
MB-022,9780099410218,en,open_library,subjects,MISSING,no
MB-022,9780099410218,en,google_books,isbn_exact,CORRECT,no
MB-022,9780099410218,en,google_books,title,CORRECT,no
MB-022,9780099410218,en,google_books,subtitle,MISSING,no
MB-022,9780099410218,en,google_books,authors,CORRECT,no
MB-022,9780099410218,en,google_books,language,CORRECT,no
MB-022,9780099410218,en,google_books,publisher,INCORRECT,no
MB-022,9780099410218,en,google_books,publication_date,INCORRECT,no
MB-022,9780099410218,en,google_books,page_count,UNVERIFIABLE,no
MB-022,9780099410218,en,google_books,cover,CORRECT,no
MB-022,9780099410218,en,google_books,work_link,MISSING,no
MB-022,9780099410218,en,google_books,series,MISSING,no
MB-022,9780099410218,en,google_books,series_position,MISSING,no
MB-022,9780099410218,en,google_books,subjects,CORRECT,no
MB-022,9780099410218,en,wikidata,isbn_exact,CORRECT,no
MB-022,9780099410218,en,wikidata,title,CORRECT,no
MB-022,9780099410218,en,wikidata,subtitle,MISSING,no
MB-022,9780099410218,en,wikidata,authors,MISSING,no
MB-022,9780099410218,en,wikidata,language,CORRECT,no
MB-022,9780099410218,en,wikidata,publisher,CORRECT,no
MB-022,9780099410218,en,wikidata,publication_date,INCORRECT,no
MB-022,9780099410218,en,wikidata,page_count,MISSING,no
MB-022,9780099410218,en,wikidata,cover,MISSING,no
MB-022,9780099410218,en,wikidata,work_link,CORRECT,no
MB-022,9780099410218,en,wikidata,series,MISSING,no
MB-022,9780099410218,en,wikidata,series_position,MISSING,no
MB-022,9780099410218,en,wikidata,subjects,MISSING,no
MB-022,9780099410218,en,bookbrainz,isbn_exact,MISSING,no
MB-022,9780099410218,en,bookbrainz,title,MISSING,no
MB-022,9780099410218,en,bookbrainz,subtitle,MISSING,no
MB-022,9780099410218,en,bookbrainz,authors,MISSING,no
MB-022,9780099410218,en,bookbrainz,language,MISSING,no
MB-022,9780099410218,en,bookbrainz,publisher,MISSING,no
MB-022,9780099410218,en,bookbrainz,publication_date,MISSING,no
MB-022,9780099410218,en,bookbrainz,page_count,MISSING,no
MB-022,9780099410218,en,bookbrainz,cover,MISSING,no
MB-022,9780099410218,en,bookbrainz,work_link,MISSING,no
MB-022,9780099410218,en,bookbrainz,series,MISSING,no
MB-022,9780099410218,en,bookbrainz,series_position,MISSING,no
MB-022,9780099410218,en,bookbrainz,subjects,MISSING,no
MB-023,9780141021737,en,open_library,isbn_exact,CORRECT,no
MB-023,9780141021737,en,open_library,title,CORRECT,no
MB-023,9780141021737,en,open_library,subtitle,MISSING,no
MB-023,9780141021737,en,open_library,authors,CORRECT,no
MB-023,9780141021737,en,open_library,language,CORRECT,no
MB-023,9780141021737,en,open_library,publisher,CORRECT,no
MB-023,9780141021737,en,open_library,publication_date,CORRECT,no
MB-023,9780141021737,en,open_library,page_count,CORRECT,no
MB-023,9780141021737,en,open_library,cover,CORRECT,no
MB-023,9780141021737,en,open_library,work_link,CORRECT,no
MB-023,9780141021737,en,open_library,series,MISSING,no
MB-023,9780141021737,en,open_library,series_position,MISSING,no
MB-023,9780141021737,en,open_library,subjects,CORRECT,no
MB-023,9780141021737,en,google_books,isbn_exact,CORRECT,no
MB-023,9780141021737,en,google_books,title,CORRECT,no
MB-023,9780141021737,en,google_books,subtitle,MISSING,no
MB-023,9780141021737,en,google_books,authors,CORRECT,no
MB-023,9780141021737,en,google_books,language,CORRECT,no
MB-023,9780141021737,en,google_books,publisher,INCORRECT,no
MB-023,9780141021737,en,google_books,publication_date,INCORRECT,no
MB-023,9780141021737,en,google_books,page_count,INCORRECT,no
MB-023,9780141021737,en,google_books,cover,CORRECT,no
MB-023,9780141021737,en,google_books,work_link,MISSING,no
MB-023,9780141021737,en,google_books,series,MISSING,no
MB-023,9780141021737,en,google_books,series_position,MISSING,no
MB-023,9780141021737,en,google_books,subjects,CORRECT,no
MB-023,9780141021737,en,wikidata,isbn_exact,MISSING,no
MB-023,9780141021737,en,wikidata,title,MISSING,no
MB-023,9780141021737,en,wikidata,subtitle,MISSING,no
MB-023,9780141021737,en,wikidata,authors,MISSING,no
MB-023,9780141021737,en,wikidata,language,MISSING,no
MB-023,9780141021737,en,wikidata,publisher,MISSING,no
MB-023,9780141021737,en,wikidata,publication_date,MISSING,no
MB-023,9780141021737,en,wikidata,page_count,MISSING,no
MB-023,9780141021737,en,wikidata,cover,MISSING,no
MB-023,9780141021737,en,wikidata,work_link,MISSING,no
MB-023,9780141021737,en,wikidata,series,MISSING,no
MB-023,9780141021737,en,wikidata,series_position,MISSING,no
MB-023,9780141021737,en,wikidata,subjects,MISSING,no
MB-023,9780141021737,en,bookbrainz,isbn_exact,MISSING,no
MB-023,9780141021737,en,bookbrainz,title,MISSING,no
MB-023,9780141021737,en,bookbrainz,subtitle,MISSING,no
MB-023,9780141021737,en,bookbrainz,authors,MISSING,no
MB-023,9780141021737,en,bookbrainz,language,MISSING,no
MB-023,9780141021737,en,bookbrainz,publisher,MISSING,no
MB-023,9780141021737,en,bookbrainz,publication_date,MISSING,no
MB-023,9780141021737,en,bookbrainz,page_count,MISSING,no
MB-023,9780141021737,en,bookbrainz,cover,MISSING,no
MB-023,9780141021737,en,bookbrainz,work_link,MISSING,no
MB-023,9780141021737,en,bookbrainz,series,MISSING,no
MB-023,9780141021737,en,bookbrainz,series_position,MISSING,no
MB-023,9780141021737,en,bookbrainz,subjects,MISSING,no
MB-024,9780263872316,en,open_library,isbn_exact,CORRECT,no
MB-024,9780263872316,en,open_library,title,CORRECT,no
MB-024,9780263872316,en,open_library,subtitle,MISSING,no
MB-024,9780263872316,en,open_library,authors,CORRECT,no
MB-024,9780263872316,en,open_library,language,CORRECT,no
MB-024,9780263872316,en,open_library,publisher,CORRECT,no
MB-024,9780263872316,en,open_library,publication_date,CORRECT,no
MB-024,9780263872316,en,open_library,page_count,CORRECT,no
MB-024,9780263872316,en,open_library,cover,CORRECT,no
MB-024,9780263872316,en,open_library,work_link,CORRECT,no
MB-024,9780263872316,en,open_library,series,MISSING,no
MB-024,9780263872316,en,open_library,series_position,MISSING,no
MB-024,9780263872316,en,open_library,subjects,CORRECT,no
MB-024,9780263872316,en,google_books,isbn_exact,CORRECT,no
MB-024,9780263872316,en,google_books,title,CORRECT,no
MB-024,9780263872316,en,google_books,subtitle,MISSING,no
MB-024,9780263872316,en,google_books,authors,CORRECT,no
MB-024,9780263872316,en,google_books,language,CORRECT,no
MB-024,9780263872316,en,google_books,publisher,INCORRECT,no
MB-024,9780263872316,en,google_books,publication_date,INCORRECT,no
MB-024,9780263872316,en,google_books,page_count,MISSING,no
MB-024,9780263872316,en,google_books,cover,CORRECT,no
MB-024,9780263872316,en,google_books,work_link,MISSING,no
MB-024,9780263872316,en,google_books,series,MISSING,no
MB-024,9780263872316,en,google_books,series_position,MISSING,no
MB-024,9780263872316,en,google_books,subjects,CORRECT,no
MB-024,9780263872316,en,wikidata,isbn_exact,MISSING,no
MB-024,9780263872316,en,wikidata,title,MISSING,no
MB-024,9780263872316,en,wikidata,subtitle,MISSING,no
MB-024,9780263872316,en,wikidata,authors,MISSING,no
MB-024,9780263872316,en,wikidata,language,MISSING,no
MB-024,9780263872316,en,wikidata,publisher,MISSING,no
MB-024,9780263872316,en,wikidata,publication_date,MISSING,no
MB-024,9780263872316,en,wikidata,page_count,MISSING,no
MB-024,9780263872316,en,wikidata,cover,MISSING,no
MB-024,9780263872316,en,wikidata,work_link,MISSING,no
MB-024,9780263872316,en,wikidata,series,MISSING,no
MB-024,9780263872316,en,wikidata,series_position,MISSING,no
MB-024,9780263872316,en,wikidata,subjects,MISSING,no
MB-024,9780263872316,en,bookbrainz,isbn_exact,MISSING,no
MB-024,9780263872316,en,bookbrainz,title,MISSING,no
MB-024,9780263872316,en,bookbrainz,subtitle,MISSING,no
MB-024,9780263872316,en,bookbrainz,authors,MISSING,no
MB-024,9780263872316,en,bookbrainz,language,MISSING,no
MB-024,9780263872316,en,bookbrainz,publisher,MISSING,no
MB-024,9780263872316,en,bookbrainz,publication_date,MISSING,no
MB-024,9780263872316,en,bookbrainz,page_count,MISSING,no
MB-024,9780263872316,en,bookbrainz,cover,MISSING,no
MB-024,9780263872316,en,bookbrainz,work_link,MISSING,no
MB-024,9780263872316,en,bookbrainz,series,MISSING,no
MB-024,9780263872316,en,bookbrainz,series_position,MISSING,no
MB-024,9780263872316,en,bookbrainz,subjects,MISSING,no
MB-025,9780307275554,en,open_library,isbn_exact,CORRECT,no
MB-025,9780307275554,en,open_library,title,CORRECT,no
MB-025,9780307275554,en,open_library,subtitle,MISSING,no
MB-025,9780307275554,en,open_library,authors,CORRECT,no
MB-025,9780307275554,en,open_library,language,CORRECT,no
MB-025,9780307275554,en,open_library,publisher,CORRECT,no
MB-025,9780307275554,en,open_library,publication_date,CORRECT,no
MB-025,9780307275554,en,open_library,page_count,CORRECT,no
MB-025,9780307275554,en,open_library,cover,CORRECT,no
MB-025,9780307275554,en,open_library,work_link,CORRECT,no
MB-025,9780307275554,en,open_library,series,MISSING,no
MB-025,9780307275554,en,open_library,series_position,MISSING,no
MB-025,9780307275554,en,open_library,subjects,CORRECT,no
MB-025,9780307275554,en,google_books,isbn_exact,CORRECT,no
MB-025,9780307275554,en,google_books,title,CORRECT,no
MB-025,9780307275554,en,google_books,subtitle,MISSING,no
MB-025,9780307275554,en,google_books,authors,CORRECT,no
MB-025,9780307275554,en,google_books,language,CORRECT,no
MB-025,9780307275554,en,google_books,publisher,CORRECT,no
MB-025,9780307275554,en,google_books,publication_date,CORRECT,no
MB-025,9780307275554,en,google_books,page_count,INCORRECT,no
MB-025,9780307275554,en,google_books,cover,CORRECT,no
MB-025,9780307275554,en,google_books,work_link,MISSING,no
MB-025,9780307275554,en,google_books,series,MISSING,no
MB-025,9780307275554,en,google_books,series_position,MISSING,no
MB-025,9780307275554,en,google_books,subjects,CORRECT,no
MB-025,9780307275554,en,wikidata,isbn_exact,MISSING,no
MB-025,9780307275554,en,wikidata,title,MISSING,no
MB-025,9780307275554,en,wikidata,subtitle,MISSING,no
MB-025,9780307275554,en,wikidata,authors,MISSING,no
MB-025,9780307275554,en,wikidata,language,MISSING,no
MB-025,9780307275554,en,wikidata,publisher,MISSING,no
MB-025,9780307275554,en,wikidata,publication_date,MISSING,no
MB-025,9780307275554,en,wikidata,page_count,MISSING,no
MB-025,9780307275554,en,wikidata,cover,MISSING,no
MB-025,9780307275554,en,wikidata,work_link,MISSING,no
MB-025,9780307275554,en,wikidata,series,MISSING,no
MB-025,9780307275554,en,wikidata,series_position,MISSING,no
MB-025,9780307275554,en,wikidata,subjects,MISSING,no
MB-025,9780307275554,en,bookbrainz,isbn_exact,MISSING,no
MB-025,9780307275554,en,bookbrainz,title,MISSING,no
MB-025,9780307275554,en,bookbrainz,subtitle,MISSING,no
MB-025,9780307275554,en,bookbrainz,authors,MISSING,no
MB-025,9780307275554,en,bookbrainz,language,MISSING,no
MB-025,9780307275554,en,bookbrainz,publisher,MISSING,no
MB-025,9780307275554,en,bookbrainz,publication_date,MISSING,no
MB-025,9780307275554,en,bookbrainz,page_count,MISSING,no
MB-025,9780307275554,en,bookbrainz,cover,MISSING,no
MB-025,9780307275554,en,bookbrainz,work_link,MISSING,no
MB-025,9780307275554,en,bookbrainz,series,MISSING,no
MB-025,9780307275554,en,bookbrainz,series_position,MISSING,no
MB-025,9780307275554,en,bookbrainz,subjects,MISSING,no
MB-026,9780312330538,en,open_library,isbn_exact,CORRECT,no
MB-026,9780312330538,en,open_library,title,CORRECT,no
MB-026,9780312330538,en,open_library,subtitle,MISSING,no
MB-026,9780312330538,en,open_library,authors,CORRECT,no
MB-026,9780312330538,en,open_library,language,CORRECT,no
MB-026,9780312330538,en,open_library,publisher,CORRECT,no
MB-026,9780312330538,en,open_library,publication_date,INCORRECT,no
MB-026,9780312330538,en,open_library,page_count,INCORRECT,no
MB-026,9780312330538,en,open_library,cover,CORRECT,no
MB-026,9780312330538,en,open_library,work_link,CORRECT,no
MB-026,9780312330538,en,open_library,series,MISSING,no
MB-026,9780312330538,en,open_library,series_position,MISSING,no
MB-026,9780312330538,en,open_library,subjects,CORRECT,no
MB-026,9780312330538,en,google_books,isbn_exact,CORRECT,no
MB-026,9780312330538,en,google_books,title,CORRECT,no
MB-026,9780312330538,en,google_books,subtitle,UNVERIFIABLE,no
MB-026,9780312330538,en,google_books,authors,CORRECT,no
MB-026,9780312330538,en,google_books,language,CORRECT,no
MB-026,9780312330538,en,google_books,publisher,INCORRECT,no
MB-026,9780312330538,en,google_books,publication_date,CORRECT,no
MB-026,9780312330538,en,google_books,page_count,INCORRECT,no
MB-026,9780312330538,en,google_books,cover,CORRECT,no
MB-026,9780312330538,en,google_books,work_link,MISSING,no
MB-026,9780312330538,en,google_books,series,MISSING,no
MB-026,9780312330538,en,google_books,series_position,MISSING,no
MB-026,9780312330538,en,google_books,subjects,CORRECT,no
MB-026,9780312330538,en,wikidata,isbn_exact,MISSING,no
MB-026,9780312330538,en,wikidata,title,MISSING,no
MB-026,9780312330538,en,wikidata,subtitle,MISSING,no
MB-026,9780312330538,en,wikidata,authors,MISSING,no
MB-026,9780312330538,en,wikidata,language,MISSING,no
MB-026,9780312330538,en,wikidata,publisher,MISSING,no
MB-026,9780312330538,en,wikidata,publication_date,MISSING,no
MB-026,9780312330538,en,wikidata,page_count,MISSING,no
MB-026,9780312330538,en,wikidata,cover,MISSING,no
MB-026,9780312330538,en,wikidata,work_link,MISSING,no
MB-026,9780312330538,en,wikidata,series,MISSING,no
MB-026,9780312330538,en,wikidata,series_position,MISSING,no
MB-026,9780312330538,en,wikidata,subjects,MISSING,no
MB-026,9780312330538,en,bookbrainz,isbn_exact,MISSING,no
MB-026,9780312330538,en,bookbrainz,title,MISSING,no
MB-026,9780312330538,en,bookbrainz,subtitle,MISSING,no
MB-026,9780312330538,en,bookbrainz,authors,MISSING,no
MB-026,9780312330538,en,bookbrainz,language,MISSING,no
MB-026,9780312330538,en,bookbrainz,publisher,MISSING,no
MB-026,9780312330538,en,bookbrainz,publication_date,MISSING,no
MB-026,9780312330538,en,bookbrainz,page_count,MISSING,no
MB-026,9780312330538,en,bookbrainz,cover,MISSING,no
MB-026,9780312330538,en,bookbrainz,work_link,MISSING,no
MB-026,9780312330538,en,bookbrainz,series,MISSING,no
MB-026,9780312330538,en,bookbrainz,series_position,MISSING,no
MB-026,9780312330538,en,bookbrainz,subjects,MISSING,no
MB-027,9780316067812,en,open_library,isbn_exact,CORRECT,no
MB-027,9780316067812,en,open_library,title,CORRECT,no
MB-027,9780316067812,en,open_library,subtitle,MISSING,no
MB-027,9780316067812,en,open_library,authors,CORRECT,no
MB-027,9780316067812,en,open_library,language,CORRECT,no
MB-027,9780316067812,en,open_library,publisher,CORRECT,no
MB-027,9780316067812,en,open_library,publication_date,CORRECT,no
MB-027,9780316067812,en,open_library,page_count,CORRECT,no
MB-027,9780316067812,en,open_library,cover,CORRECT,no
MB-027,9780316067812,en,open_library,work_link,CORRECT,no
MB-027,9780316067812,en,open_library,series,MISSING,no
MB-027,9780316067812,en,open_library,series_position,MISSING,no
MB-027,9780316067812,en,open_library,subjects,CORRECT,no
MB-027,9780316067812,en,google_books,isbn_exact,CORRECT,no
MB-027,9780316067812,en,google_books,title,INCORRECT,no
MB-027,9780316067812,en,google_books,subtitle,MISSING,no
MB-027,9780316067812,en,google_books,authors,CORRECT,no
MB-027,9780316067812,en,google_books,language,CORRECT,no
MB-027,9780316067812,en,google_books,publisher,CORRECT,no
MB-027,9780316067812,en,google_books,publication_date,CORRECT,no
MB-027,9780316067812,en,google_books,page_count,MISSING,no
MB-027,9780316067812,en,google_books,cover,CORRECT,no
MB-027,9780316067812,en,google_books,work_link,MISSING,no
MB-027,9780316067812,en,google_books,series,MISSING,no
MB-027,9780316067812,en,google_books,series_position,MISSING,no
MB-027,9780316067812,en,google_books,subjects,CORRECT,no
MB-027,9780316067812,en,wikidata,isbn_exact,MISSING,no
MB-027,9780316067812,en,wikidata,title,MISSING,no
MB-027,9780316067812,en,wikidata,subtitle,MISSING,no
MB-027,9780316067812,en,wikidata,authors,MISSING,no
MB-027,9780316067812,en,wikidata,language,MISSING,no
MB-027,9780316067812,en,wikidata,publisher,MISSING,no
MB-027,9780316067812,en,wikidata,publication_date,MISSING,no
MB-027,9780316067812,en,wikidata,page_count,MISSING,no
MB-027,9780316067812,en,wikidata,cover,MISSING,no
MB-027,9780316067812,en,wikidata,work_link,MISSING,no
MB-027,9780316067812,en,wikidata,series,MISSING,no
MB-027,9780316067812,en,wikidata,series_position,MISSING,no
MB-027,9780316067812,en,wikidata,subjects,MISSING,no
MB-027,9780316067812,en,bookbrainz,isbn_exact,MISSING,no
MB-027,9780316067812,en,bookbrainz,title,MISSING,no
MB-027,9780316067812,en,bookbrainz,subtitle,MISSING,no
MB-027,9780316067812,en,bookbrainz,authors,MISSING,no
MB-027,9780316067812,en,bookbrainz,language,MISSING,no
MB-027,9780316067812,en,bookbrainz,publisher,MISSING,no
MB-027,9780316067812,en,bookbrainz,publication_date,MISSING,no
MB-027,9780316067812,en,bookbrainz,page_count,MISSING,no
MB-027,9780316067812,en,bookbrainz,cover,MISSING,no
MB-027,9780316067812,en,bookbrainz,work_link,MISSING,no
MB-027,9780316067812,en,bookbrainz,series,MISSING,no
MB-027,9780316067812,en,bookbrainz,series_position,MISSING,no
MB-027,9780316067812,en,bookbrainz,subjects,MISSING,no
MB-028,9780345359797,en,open_library,isbn_exact,CORRECT,no
MB-028,9780345359797,en,open_library,title,CORRECT,no
MB-028,9780345359797,en,open_library,subtitle,MISSING,no
MB-028,9780345359797,en,open_library,authors,CORRECT,no
MB-028,9780345359797,en,open_library,language,CORRECT,no
MB-028,9780345359797,en,open_library,publisher,CORRECT,no
MB-028,9780345359797,en,open_library,publication_date,CORRECT,no
MB-028,9780345359797,en,open_library,page_count,CORRECT,no
MB-028,9780345359797,en,open_library,cover,MISSING,no
MB-028,9780345359797,en,open_library,work_link,CORRECT,no
MB-028,9780345359797,en,open_library,series,MISSING,no
MB-028,9780345359797,en,open_library,series_position,MISSING,no
MB-028,9780345359797,en,open_library,subjects,CORRECT,no
MB-028,9780345359797,en,google_books,isbn_exact,MISSING,no
MB-028,9780345359797,en,google_books,title,MISSING,no
MB-028,9780345359797,en,google_books,subtitle,MISSING,no
MB-028,9780345359797,en,google_books,authors,MISSING,no
MB-028,9780345359797,en,google_books,language,MISSING,no
MB-028,9780345359797,en,google_books,publisher,MISSING,no
MB-028,9780345359797,en,google_books,publication_date,MISSING,no
MB-028,9780345359797,en,google_books,page_count,MISSING,no
MB-028,9780345359797,en,google_books,cover,MISSING,no
MB-028,9780345359797,en,google_books,work_link,MISSING,no
MB-028,9780345359797,en,google_books,series,MISSING,no
MB-028,9780345359797,en,google_books,series_position,MISSING,no
MB-028,9780345359797,en,google_books,subjects,MISSING,no
MB-028,9780345359797,en,wikidata,isbn_exact,MISSING,no
MB-028,9780345359797,en,wikidata,title,MISSING,no
MB-028,9780345359797,en,wikidata,subtitle,MISSING,no
MB-028,9780345359797,en,wikidata,authors,MISSING,no
MB-028,9780345359797,en,wikidata,language,MISSING,no
MB-028,9780345359797,en,wikidata,publisher,MISSING,no
MB-028,9780345359797,en,wikidata,publication_date,MISSING,no
MB-028,9780345359797,en,wikidata,page_count,MISSING,no
MB-028,9780345359797,en,wikidata,cover,MISSING,no
MB-028,9780345359797,en,wikidata,work_link,MISSING,no
MB-028,9780345359797,en,wikidata,series,MISSING,no
MB-028,9780345359797,en,wikidata,series_position,MISSING,no
MB-028,9780345359797,en,wikidata,subjects,MISSING,no
MB-028,9780345359797,en,bookbrainz,isbn_exact,MISSING,no
MB-028,9780345359797,en,bookbrainz,title,MISSING,no
MB-028,9780345359797,en,bookbrainz,subtitle,MISSING,no
MB-028,9780345359797,en,bookbrainz,authors,MISSING,no
MB-028,9780345359797,en,bookbrainz,language,MISSING,no
MB-028,9780345359797,en,bookbrainz,publisher,MISSING,no
MB-028,9780345359797,en,bookbrainz,publication_date,MISSING,no
MB-028,9780345359797,en,bookbrainz,page_count,MISSING,no
MB-028,9780345359797,en,bookbrainz,cover,MISSING,no
MB-028,9780345359797,en,bookbrainz,work_link,MISSING,no
MB-028,9780345359797,en,bookbrainz,series,MISSING,no
MB-028,9780345359797,en,bookbrainz,series_position,MISSING,no
MB-028,9780345359797,en,bookbrainz,subjects,MISSING,no
MB-029,9780349114033,en,open_library,isbn_exact,CORRECT,no
MB-029,9780349114033,en,open_library,title,CORRECT,no
MB-029,9780349114033,en,open_library,subtitle,MISSING,no
MB-029,9780349114033,en,open_library,authors,CORRECT,no
MB-029,9780349114033,en,open_library,language,CORRECT,no
MB-029,9780349114033,en,open_library,publisher,CORRECT,no
MB-029,9780349114033,en,open_library,publication_date,CORRECT,no
MB-029,9780349114033,en,open_library,page_count,CORRECT,no
MB-029,9780349114033,en,open_library,cover,MISSING,no
MB-029,9780349114033,en,open_library,work_link,CORRECT,no
MB-029,9780349114033,en,open_library,series,MISSING,no
MB-029,9780349114033,en,open_library,series_position,MISSING,no
MB-029,9780349114033,en,open_library,subjects,CORRECT,no
MB-029,9780349114033,en,google_books,isbn_exact,CORRECT,no
MB-029,9780349114033,en,google_books,title,CORRECT,no
MB-029,9780349114033,en,google_books,subtitle,MISSING,no
MB-029,9780349114033,en,google_books,authors,CORRECT,no
MB-029,9780349114033,en,google_books,language,CORRECT,no
MB-029,9780349114033,en,google_books,publisher,INCORRECT,no
MB-029,9780349114033,en,google_books,publication_date,CORRECT,no
MB-029,9780349114033,en,google_books,page_count,INCORRECT,no
MB-029,9780349114033,en,google_books,cover,CORRECT,no
MB-029,9780349114033,en,google_books,work_link,MISSING,no
MB-029,9780349114033,en,google_books,series,MISSING,no
MB-029,9780349114033,en,google_books,series_position,MISSING,no
MB-029,9780349114033,en,google_books,subjects,CORRECT,no
MB-029,9780349114033,en,wikidata,isbn_exact,MISSING,no
MB-029,9780349114033,en,wikidata,title,MISSING,no
MB-029,9780349114033,en,wikidata,subtitle,MISSING,no
MB-029,9780349114033,en,wikidata,authors,MISSING,no
MB-029,9780349114033,en,wikidata,language,MISSING,no
MB-029,9780349114033,en,wikidata,publisher,MISSING,no
MB-029,9780349114033,en,wikidata,publication_date,MISSING,no
MB-029,9780349114033,en,wikidata,page_count,MISSING,no
MB-029,9780349114033,en,wikidata,cover,MISSING,no
MB-029,9780349114033,en,wikidata,work_link,MISSING,no
MB-029,9780349114033,en,wikidata,series,MISSING,no
MB-029,9780349114033,en,wikidata,series_position,MISSING,no
MB-029,9780349114033,en,wikidata,subjects,MISSING,no
MB-029,9780349114033,en,bookbrainz,isbn_exact,MISSING,no
MB-029,9780349114033,en,bookbrainz,title,MISSING,no
MB-029,9780349114033,en,bookbrainz,subtitle,MISSING,no
MB-029,9780349114033,en,bookbrainz,authors,MISSING,no
MB-029,9780349114033,en,bookbrainz,language,MISSING,no
MB-029,9780349114033,en,bookbrainz,publisher,MISSING,no
MB-029,9780349114033,en,bookbrainz,publication_date,MISSING,no
MB-029,9780349114033,en,bookbrainz,page_count,MISSING,no
MB-029,9780349114033,en,bookbrainz,cover,MISSING,no
MB-029,9780349114033,en,bookbrainz,work_link,MISSING,no
MB-029,9780349114033,en,bookbrainz,series,MISSING,no
MB-029,9780349114033,en,bookbrainz,series_position,MISSING,no
MB-029,9780349114033,en,bookbrainz,subjects,MISSING,no
MB-030,9780349415000,en,open_library,isbn_exact,CORRECT,no
MB-030,9780349415000,en,open_library,title,INCORRECT,no
MB-030,9780349415000,en,open_library,subtitle,MISSING,no
MB-030,9780349415000,en,open_library,authors,CORRECT,no
MB-030,9780349415000,en,open_library,language,CORRECT,no
MB-030,9780349415000,en,open_library,publisher,CORRECT,no
MB-030,9780349415000,en,open_library,publication_date,CORRECT,no
MB-030,9780349415000,en,open_library,page_count,CORRECT,no
MB-030,9780349415000,en,open_library,cover,CORRECT,no
MB-030,9780349415000,en,open_library,work_link,CORRECT,no
MB-030,9780349415000,en,open_library,series,MISSING,yes
MB-030,9780349415000,en,open_library,series_position,MISSING,yes
MB-030,9780349415000,en,open_library,subjects,MISSING,no
MB-030,9780349415000,en,google_books,isbn_exact,CORRECT,no
MB-030,9780349415000,en,google_books,title,CORRECT,no
MB-030,9780349415000,en,google_books,subtitle,MISSING,no
MB-030,9780349415000,en,google_books,authors,CORRECT,no
MB-030,9780349415000,en,google_books,language,CORRECT,no
MB-030,9780349415000,en,google_books,publisher,CORRECT,no
MB-030,9780349415000,en,google_books,publication_date,CORRECT,no
MB-030,9780349415000,en,google_books,page_count,MISSING,no
MB-030,9780349415000,en,google_books,cover,CORRECT,no
MB-030,9780349415000,en,google_books,work_link,MISSING,no
MB-030,9780349415000,en,google_books,series,MISSING,yes
MB-030,9780349415000,en,google_books,series_position,MISSING,yes
MB-030,9780349415000,en,google_books,subjects,CORRECT,no
MB-030,9780349415000,en,wikidata,isbn_exact,MISSING,no
MB-030,9780349415000,en,wikidata,title,MISSING,no
MB-030,9780349415000,en,wikidata,subtitle,MISSING,no
MB-030,9780349415000,en,wikidata,authors,MISSING,no
MB-030,9780349415000,en,wikidata,language,MISSING,no
MB-030,9780349415000,en,wikidata,publisher,MISSING,no
MB-030,9780349415000,en,wikidata,publication_date,MISSING,no
MB-030,9780349415000,en,wikidata,page_count,MISSING,no
MB-030,9780349415000,en,wikidata,cover,MISSING,no
MB-030,9780349415000,en,wikidata,work_link,MISSING,no
MB-030,9780349415000,en,wikidata,series,MISSING,yes
MB-030,9780349415000,en,wikidata,series_position,MISSING,yes
MB-030,9780349415000,en,wikidata,subjects,MISSING,no
MB-030,9780349415000,en,bookbrainz,isbn_exact,MISSING,no
MB-030,9780349415000,en,bookbrainz,title,MISSING,no
MB-030,9780349415000,en,bookbrainz,subtitle,MISSING,no
MB-030,9780349415000,en,bookbrainz,authors,MISSING,no
MB-030,9780349415000,en,bookbrainz,language,MISSING,no
MB-030,9780349415000,en,bookbrainz,publisher,MISSING,no
MB-030,9780349415000,en,bookbrainz,publication_date,MISSING,no
MB-030,9780349415000,en,bookbrainz,page_count,MISSING,no
MB-030,9780349415000,en,bookbrainz,cover,MISSING,no
MB-030,9780349415000,en,bookbrainz,work_link,MISSING,no
MB-030,9780349415000,en,bookbrainz,series,MISSING,yes
MB-030,9780349415000,en,bookbrainz,series_position,MISSING,yes
MB-030,9780349415000,en,bookbrainz,subjects,MISSING,no
MB-031,9780349424170,en,open_library,isbn_exact,CORRECT,no
MB-031,9780349424170,en,open_library,title,CORRECT,no
MB-031,9780349424170,en,open_library,subtitle,MISSING,no
MB-031,9780349424170,en,open_library,authors,CORRECT,no
MB-031,9780349424170,en,open_library,language,CORRECT,no
MB-031,9780349424170,en,open_library,publisher,CORRECT,no
MB-031,9780349424170,en,open_library,publication_date,CORRECT,no
MB-031,9780349424170,en,open_library,page_count,CORRECT,no
MB-031,9780349424170,en,open_library,cover,MISSING,no
MB-031,9780349424170,en,open_library,work_link,CORRECT,no
MB-031,9780349424170,en,open_library,series,MISSING,no
MB-031,9780349424170,en,open_library,series_position,MISSING,no
MB-031,9780349424170,en,open_library,subjects,CORRECT,no
MB-031,9780349424170,en,google_books,isbn_exact,CORRECT,no
MB-031,9780349424170,en,google_books,title,CORRECT,no
MB-031,9780349424170,en,google_books,subtitle,UNVERIFIABLE,no
MB-031,9780349424170,en,google_books,authors,CORRECT,no
MB-031,9780349424170,en,google_books,language,CORRECT,no
MB-031,9780349424170,en,google_books,publisher,INCORRECT,no
MB-031,9780349424170,en,google_books,publication_date,CORRECT,no
MB-031,9780349424170,en,google_books,page_count,CORRECT,no
MB-031,9780349424170,en,google_books,cover,CORRECT,no
MB-031,9780349424170,en,google_books,work_link,MISSING,no
MB-031,9780349424170,en,google_books,series,MISSING,no
MB-031,9780349424170,en,google_books,series_position,MISSING,no
MB-031,9780349424170,en,google_books,subjects,CORRECT,no
MB-031,9780349424170,en,wikidata,isbn_exact,MISSING,no
MB-031,9780349424170,en,wikidata,title,MISSING,no
MB-031,9780349424170,en,wikidata,subtitle,MISSING,no
MB-031,9780349424170,en,wikidata,authors,MISSING,no
MB-031,9780349424170,en,wikidata,language,MISSING,no
MB-031,9780349424170,en,wikidata,publisher,MISSING,no
MB-031,9780349424170,en,wikidata,publication_date,MISSING,no
MB-031,9780349424170,en,wikidata,page_count,MISSING,no
MB-031,9780349424170,en,wikidata,cover,MISSING,no
MB-031,9780349424170,en,wikidata,work_link,MISSING,no
MB-031,9780349424170,en,wikidata,series,MISSING,no
MB-031,9780349424170,en,wikidata,series_position,MISSING,no
MB-031,9780349424170,en,wikidata,subjects,MISSING,no
MB-031,9780349424170,en,bookbrainz,isbn_exact,MISSING,no
MB-031,9780349424170,en,bookbrainz,title,MISSING,no
MB-031,9780349424170,en,bookbrainz,subtitle,MISSING,no
MB-031,9780349424170,en,bookbrainz,authors,MISSING,no
MB-031,9780349424170,en,bookbrainz,language,MISSING,no
MB-031,9780349424170,en,bookbrainz,publisher,MISSING,no
MB-031,9780349424170,en,bookbrainz,publication_date,MISSING,no
MB-031,9780349424170,en,bookbrainz,page_count,MISSING,no
MB-031,9780349424170,en,bookbrainz,cover,MISSING,no
MB-031,9780349424170,en,bookbrainz,work_link,MISSING,no
MB-031,9780349424170,en,bookbrainz,series,MISSING,no
MB-031,9780349424170,en,bookbrainz,series_position,MISSING,no
MB-031,9780349424170,en,bookbrainz,subjects,MISSING,no
MB-032,9780349426365,en,open_library,isbn_exact,CORRECT,no
MB-032,9780349426365,en,open_library,title,CORRECT,no
MB-032,9780349426365,en,open_library,subtitle,UNVERIFIABLE,no
MB-032,9780349426365,en,open_library,authors,CORRECT,no
MB-032,9780349426365,en,open_library,language,CORRECT,no
MB-032,9780349426365,en,open_library,publisher,CORRECT,no
MB-032,9780349426365,en,open_library,publication_date,CORRECT,no
MB-032,9780349426365,en,open_library,page_count,CORRECT,no
MB-032,9780349426365,en,open_library,cover,MISSING,no
MB-032,9780349426365,en,open_library,work_link,CORRECT,no
MB-032,9780349426365,en,open_library,series,MISSING,no
MB-032,9780349426365,en,open_library,series_position,MISSING,no
MB-032,9780349426365,en,open_library,subjects,MISSING,no
MB-032,9780349426365,en,google_books,isbn_exact,CORRECT,no
MB-032,9780349426365,en,google_books,title,CORRECT,no
MB-032,9780349426365,en,google_books,subtitle,MISSING,no
MB-032,9780349426365,en,google_books,authors,CORRECT,no
MB-032,9780349426365,en,google_books,language,CORRECT,no
MB-032,9780349426365,en,google_books,publisher,INCORRECT,no
MB-032,9780349426365,en,google_books,publication_date,CORRECT,no
MB-032,9780349426365,en,google_books,page_count,CORRECT,no
MB-032,9780349426365,en,google_books,cover,CORRECT,no
MB-032,9780349426365,en,google_books,work_link,MISSING,no
MB-032,9780349426365,en,google_books,series,MISSING,no
MB-032,9780349426365,en,google_books,series_position,MISSING,no
MB-032,9780349426365,en,google_books,subjects,MISSING,no
MB-032,9780349426365,en,wikidata,isbn_exact,MISSING,no
MB-032,9780349426365,en,wikidata,title,MISSING,no
MB-032,9780349426365,en,wikidata,subtitle,MISSING,no
MB-032,9780349426365,en,wikidata,authors,MISSING,no
MB-032,9780349426365,en,wikidata,language,MISSING,no
MB-032,9780349426365,en,wikidata,publisher,MISSING,no
MB-032,9780349426365,en,wikidata,publication_date,MISSING,no
MB-032,9780349426365,en,wikidata,page_count,MISSING,no
MB-032,9780349426365,en,wikidata,cover,MISSING,no
MB-032,9780349426365,en,wikidata,work_link,MISSING,no
MB-032,9780349426365,en,wikidata,series,MISSING,no
MB-032,9780349426365,en,wikidata,series_position,MISSING,no
MB-032,9780349426365,en,wikidata,subjects,MISSING,no
MB-032,9780349426365,en,bookbrainz,isbn_exact,MISSING,no
MB-032,9780349426365,en,bookbrainz,title,MISSING,no
MB-032,9780349426365,en,bookbrainz,subtitle,MISSING,no
MB-032,9780349426365,en,bookbrainz,authors,MISSING,no
MB-032,9780349426365,en,bookbrainz,language,MISSING,no
MB-032,9780349426365,en,bookbrainz,publisher,MISSING,no
MB-032,9780349426365,en,bookbrainz,publication_date,MISSING,no
MB-032,9780349426365,en,bookbrainz,page_count,MISSING,no
MB-032,9780349426365,en,bookbrainz,cover,MISSING,no
MB-032,9780349426365,en,bookbrainz,work_link,MISSING,no
MB-032,9780349426365,en,bookbrainz,series,MISSING,no
MB-032,9780349426365,en,bookbrainz,series_position,MISSING,no
MB-032,9780349426365,en,bookbrainz,subjects,MISSING,no
MB-033,9780349427058,en,open_library,isbn_exact,CORRECT,no
MB-033,9780349427058,en,open_library,title,CORRECT,no
MB-033,9780349427058,en,open_library,subtitle,MISSING,no
MB-033,9780349427058,en,open_library,authors,CORRECT,no
MB-033,9780349427058,en,open_library,language,CORRECT,no
MB-033,9780349427058,en,open_library,publisher,CORRECT,no
MB-033,9780349427058,en,open_library,publication_date,CORRECT,no
MB-033,9780349427058,en,open_library,page_count,CORRECT,no
MB-033,9780349427058,en,open_library,cover,CORRECT,no
MB-033,9780349427058,en,open_library,work_link,CORRECT,no
MB-033,9780349427058,en,open_library,series,MISSING,no
MB-033,9780349427058,en,open_library,series_position,MISSING,no
MB-033,9780349427058,en,open_library,subjects,MISSING,no
MB-033,9780349427058,en,google_books,isbn_exact,CORRECT,no
MB-033,9780349427058,en,google_books,title,CORRECT,no
MB-033,9780349427058,en,google_books,subtitle,MISSING,no
MB-033,9780349427058,en,google_books,authors,CORRECT,no
MB-033,9780349427058,en,google_books,language,CORRECT,no
MB-033,9780349427058,en,google_books,publisher,INCORRECT,no
MB-033,9780349427058,en,google_books,publication_date,CORRECT,no
MB-033,9780349427058,en,google_books,page_count,MISSING,no
MB-033,9780349427058,en,google_books,cover,CORRECT,no
MB-033,9780349427058,en,google_books,work_link,MISSING,no
MB-033,9780349427058,en,google_books,series,MISSING,no
MB-033,9780349427058,en,google_books,series_position,MISSING,no
MB-033,9780349427058,en,google_books,subjects,CORRECT,no
MB-033,9780349427058,en,wikidata,isbn_exact,MISSING,no
MB-033,9780349427058,en,wikidata,title,MISSING,no
MB-033,9780349427058,en,wikidata,subtitle,MISSING,no
MB-033,9780349427058,en,wikidata,authors,MISSING,no
MB-033,9780349427058,en,wikidata,language,MISSING,no
MB-033,9780349427058,en,wikidata,publisher,MISSING,no
MB-033,9780349427058,en,wikidata,publication_date,MISSING,no
MB-033,9780349427058,en,wikidata,page_count,MISSING,no
MB-033,9780349427058,en,wikidata,cover,MISSING,no
MB-033,9780349427058,en,wikidata,work_link,MISSING,no
MB-033,9780349427058,en,wikidata,series,MISSING,no
MB-033,9780349427058,en,wikidata,series_position,MISSING,no
MB-033,9780349427058,en,wikidata,subjects,MISSING,no
MB-033,9780349427058,en,bookbrainz,isbn_exact,MISSING,no
MB-033,9780349427058,en,bookbrainz,title,MISSING,no
MB-033,9780349427058,en,bookbrainz,subtitle,MISSING,no
MB-033,9780349427058,en,bookbrainz,authors,MISSING,no
MB-033,9780349427058,en,bookbrainz,language,MISSING,no
MB-033,9780349427058,en,bookbrainz,publisher,MISSING,no
MB-033,9780349427058,en,bookbrainz,publication_date,MISSING,no
MB-033,9780349427058,en,bookbrainz,page_count,MISSING,no
MB-033,9780349427058,en,bookbrainz,cover,MISSING,no
MB-033,9780349427058,en,bookbrainz,work_link,MISSING,no
MB-033,9780349427058,en,bookbrainz,series,MISSING,no
MB-033,9780349427058,en,bookbrainz,series_position,MISSING,no
MB-033,9780349427058,en,bookbrainz,subjects,MISSING,no
MB-034,9780349437507,en,open_library,isbn_exact,CORRECT,no
MB-034,9780349437507,en,open_library,title,CORRECT,no
MB-034,9780349437507,en,open_library,subtitle,UNVERIFIABLE,no
MB-034,9780349437507,en,open_library,authors,CORRECT,no
MB-034,9780349437507,en,open_library,language,CORRECT,no
MB-034,9780349437507,en,open_library,publisher,CORRECT,no
MB-034,9780349437507,en,open_library,publication_date,CORRECT,no
MB-034,9780349437507,en,open_library,page_count,MISSING,no
MB-034,9780349437507,en,open_library,cover,MISSING,no
MB-034,9780349437507,en,open_library,work_link,CORRECT,no
MB-034,9780349437507,en,open_library,series,MISSING,yes
MB-034,9780349437507,en,open_library,series_position,MISSING,yes
MB-034,9780349437507,en,open_library,subjects,CORRECT,no
MB-034,9780349437507,en,google_books,isbn_exact,CORRECT,no
MB-034,9780349437507,en,google_books,title,CORRECT,no
MB-034,9780349437507,en,google_books,subtitle,MISSING,no
MB-034,9780349437507,en,google_books,authors,CORRECT,no
MB-034,9780349437507,en,google_books,language,CORRECT,no
MB-034,9780349437507,en,google_books,publisher,INCORRECT,no
MB-034,9780349437507,en,google_books,publication_date,CORRECT,no
MB-034,9780349437507,en,google_books,page_count,MISSING,no
MB-034,9780349437507,en,google_books,cover,CORRECT,no
MB-034,9780349437507,en,google_books,work_link,MISSING,no
MB-034,9780349437507,en,google_books,series,MISSING,yes
MB-034,9780349437507,en,google_books,series_position,MISSING,yes
MB-034,9780349437507,en,google_books,subjects,CORRECT,no
MB-034,9780349437507,en,wikidata,isbn_exact,MISSING,no
MB-034,9780349437507,en,wikidata,title,MISSING,no
MB-034,9780349437507,en,wikidata,subtitle,MISSING,no
MB-034,9780349437507,en,wikidata,authors,MISSING,no
MB-034,9780349437507,en,wikidata,language,MISSING,no
MB-034,9780349437507,en,wikidata,publisher,MISSING,no
MB-034,9780349437507,en,wikidata,publication_date,MISSING,no
MB-034,9780349437507,en,wikidata,page_count,MISSING,no
MB-034,9780349437507,en,wikidata,cover,MISSING,no
MB-034,9780349437507,en,wikidata,work_link,MISSING,no
MB-034,9780349437507,en,wikidata,series,MISSING,yes
MB-034,9780349437507,en,wikidata,series_position,MISSING,yes
MB-034,9780349437507,en,wikidata,subjects,MISSING,no
MB-034,9780349437507,en,bookbrainz,isbn_exact,MISSING,no
MB-034,9780349437507,en,bookbrainz,title,MISSING,no
MB-034,9780349437507,en,bookbrainz,subtitle,MISSING,no
MB-034,9780349437507,en,bookbrainz,authors,MISSING,no
MB-034,9780349437507,en,bookbrainz,language,MISSING,no
MB-034,9780349437507,en,bookbrainz,publisher,MISSING,no
MB-034,9780349437507,en,bookbrainz,publication_date,MISSING,no
MB-034,9780349437507,en,bookbrainz,page_count,MISSING,no
MB-034,9780349437507,en,bookbrainz,cover,MISSING,no
MB-034,9780349437507,en,bookbrainz,work_link,MISSING,no
MB-034,9780349437507,en,bookbrainz,series,MISSING,yes
MB-034,9780349437507,en,bookbrainz,series_position,MISSING,yes
MB-034,9780349437507,en,bookbrainz,subjects,MISSING,no
MB-035,9780385543910,en,open_library,isbn_exact,CORRECT,no
MB-035,9780385543910,en,open_library,title,CORRECT,no
MB-035,9780385543910,en,open_library,subtitle,MISSING,no
MB-035,9780385543910,en,open_library,authors,CORRECT,no
MB-035,9780385543910,en,open_library,language,CORRECT,no
MB-035,9780385543910,en,open_library,publisher,CORRECT,no
MB-035,9780385543910,en,open_library,publication_date,CORRECT,no
MB-035,9780385543910,en,open_library,page_count,CORRECT,no
MB-035,9780385543910,en,open_library,cover,CORRECT,no
MB-035,9780385543910,en,open_library,work_link,CORRECT,no
MB-035,9780385543910,en,open_library,series,MISSING,no
MB-035,9780385543910,en,open_library,series_position,MISSING,no
MB-035,9780385543910,en,open_library,subjects,CORRECT,no
MB-035,9780385543910,en,google_books,isbn_exact,CORRECT,no
MB-035,9780385543910,en,google_books,title,CORRECT,no
MB-035,9780385543910,en,google_books,subtitle,MISSING,no
MB-035,9780385543910,en,google_books,authors,CORRECT,no
MB-035,9780385543910,en,google_books,language,CORRECT,no
MB-035,9780385543910,en,google_books,publisher,INCORRECT,no
MB-035,9780385543910,en,google_books,publication_date,CORRECT,no
MB-035,9780385543910,en,google_books,page_count,MISSING,no
MB-035,9780385543910,en,google_books,cover,CORRECT,no
MB-035,9780385543910,en,google_books,work_link,MISSING,no
MB-035,9780385543910,en,google_books,series,MISSING,no
MB-035,9780385543910,en,google_books,series_position,MISSING,no
MB-035,9780385543910,en,google_books,subjects,CORRECT,no
MB-035,9780385543910,en,wikidata,isbn_exact,MISSING,no
MB-035,9780385543910,en,wikidata,title,MISSING,no
MB-035,9780385543910,en,wikidata,subtitle,MISSING,no
MB-035,9780385543910,en,wikidata,authors,MISSING,no
MB-035,9780385543910,en,wikidata,language,MISSING,no
MB-035,9780385543910,en,wikidata,publisher,MISSING,no
MB-035,9780385543910,en,wikidata,publication_date,MISSING,no
MB-035,9780385543910,en,wikidata,page_count,MISSING,no
MB-035,9780385543910,en,wikidata,cover,MISSING,no
MB-035,9780385543910,en,wikidata,work_link,MISSING,no
MB-035,9780385543910,en,wikidata,series,MISSING,no
MB-035,9780385543910,en,wikidata,series_position,MISSING,no
MB-035,9780385543910,en,wikidata,subjects,MISSING,no
MB-035,9780385543910,en,bookbrainz,isbn_exact,MISSING,no
MB-035,9780385543910,en,bookbrainz,title,MISSING,no
MB-035,9780385543910,en,bookbrainz,subtitle,MISSING,no
MB-035,9780385543910,en,bookbrainz,authors,MISSING,no
MB-035,9780385543910,en,bookbrainz,language,MISSING,no
MB-035,9780385543910,en,bookbrainz,publisher,MISSING,no
MB-035,9780385543910,en,bookbrainz,publication_date,MISSING,no
MB-035,9780385543910,en,bookbrainz,page_count,MISSING,no
MB-035,9780385543910,en,bookbrainz,cover,MISSING,no
MB-035,9780385543910,en,bookbrainz,work_link,MISSING,no
MB-035,9780385543910,en,bookbrainz,series,MISSING,no
MB-035,9780385543910,en,bookbrainz,series_position,MISSING,no
MB-035,9780385543910,en,bookbrainz,subjects,MISSING,no
MB-036,9780425155189,en,open_library,isbn_exact,CORRECT,no
MB-036,9780425155189,en,open_library,title,CORRECT,no
MB-036,9780425155189,en,open_library,subtitle,MISSING,no
MB-036,9780425155189,en,open_library,authors,MISSING,no
MB-036,9780425155189,en,open_library,language,CORRECT,no
MB-036,9780425155189,en,open_library,publisher,CORRECT,no
MB-036,9780425155189,en,open_library,publication_date,CORRECT,no
MB-036,9780425155189,en,open_library,page_count,MISSING,no
MB-036,9780425155189,en,open_library,cover,CORRECT,no
MB-036,9780425155189,en,open_library,work_link,CORRECT,no
MB-036,9780425155189,en,open_library,series,MISSING,yes
MB-036,9780425155189,en,open_library,series_position,MISSING,yes
MB-036,9780425155189,en,open_library,subjects,MISSING,no
MB-036,9780425155189,en,google_books,isbn_exact,CORRECT,no
MB-036,9780425155189,en,google_books,title,CORRECT,no
MB-036,9780425155189,en,google_books,subtitle,MISSING,no
MB-036,9780425155189,en,google_books,authors,INCORRECT,no
MB-036,9780425155189,en,google_books,language,CORRECT,no
MB-036,9780425155189,en,google_books,publisher,INCORRECT,no
MB-036,9780425155189,en,google_books,publication_date,CORRECT,no
MB-036,9780425155189,en,google_books,page_count,UNVERIFIABLE,no
MB-036,9780425155189,en,google_books,cover,CORRECT,no
MB-036,9780425155189,en,google_books,work_link,MISSING,no
MB-036,9780425155189,en,google_books,series,MISSING,yes
MB-036,9780425155189,en,google_books,series_position,MISSING,yes
MB-036,9780425155189,en,google_books,subjects,CORRECT,no
MB-036,9780425155189,en,wikidata,isbn_exact,MISSING,no
MB-036,9780425155189,en,wikidata,title,MISSING,no
MB-036,9780425155189,en,wikidata,subtitle,MISSING,no
MB-036,9780425155189,en,wikidata,authors,MISSING,no
MB-036,9780425155189,en,wikidata,language,MISSING,no
MB-036,9780425155189,en,wikidata,publisher,MISSING,no
MB-036,9780425155189,en,wikidata,publication_date,MISSING,no
MB-036,9780425155189,en,wikidata,page_count,MISSING,no
MB-036,9780425155189,en,wikidata,cover,MISSING,no
MB-036,9780425155189,en,wikidata,work_link,MISSING,no
MB-036,9780425155189,en,wikidata,series,MISSING,yes
MB-036,9780425155189,en,wikidata,series_position,MISSING,yes
MB-036,9780425155189,en,wikidata,subjects,MISSING,no
MB-036,9780425155189,en,bookbrainz,isbn_exact,MISSING,no
MB-036,9780425155189,en,bookbrainz,title,MISSING,no
MB-036,9780425155189,en,bookbrainz,subtitle,MISSING,no
MB-036,9780425155189,en,bookbrainz,authors,MISSING,no
MB-036,9780425155189,en,bookbrainz,language,MISSING,no
MB-036,9780425155189,en,bookbrainz,publisher,MISSING,no
MB-036,9780425155189,en,bookbrainz,publication_date,MISSING,no
MB-036,9780425155189,en,bookbrainz,page_count,MISSING,no
MB-036,9780425155189,en,bookbrainz,cover,MISSING,no
MB-036,9780425155189,en,bookbrainz,work_link,MISSING,no
MB-036,9780425155189,en,bookbrainz,series,MISSING,yes
MB-036,9780425155189,en,bookbrainz,series_position,MISSING,yes
MB-036,9780425155189,en,bookbrainz,subjects,MISSING,no
MB-037,9780425183977,en,open_library,isbn_exact,CORRECT,no
MB-037,9780425183977,en,open_library,title,CORRECT,no
MB-037,9780425183977,en,open_library,subtitle,MISSING,no
MB-037,9780425183977,en,open_library,authors,CORRECT,no
MB-037,9780425183977,en,open_library,language,CORRECT,no
MB-037,9780425183977,en,open_library,publisher,CORRECT,no
MB-037,9780425183977,en,open_library,publication_date,CORRECT,no
MB-037,9780425183977,en,open_library,page_count,CORRECT,no
MB-037,9780425183977,en,open_library,cover,CORRECT,no
MB-037,9780425183977,en,open_library,work_link,CORRECT,no
MB-037,9780425183977,en,open_library,series,MISSING,yes
MB-037,9780425183977,en,open_library,series_position,MISSING,no
MB-037,9780425183977,en,open_library,subjects,CORRECT,no
MB-037,9780425183977,en,google_books,isbn_exact,CORRECT,no
MB-037,9780425183977,en,google_books,title,CORRECT,no
MB-037,9780425183977,en,google_books,subtitle,MISSING,no
MB-037,9780425183977,en,google_books,authors,INCORRECT,no
MB-037,9780425183977,en,google_books,language,CORRECT,no
MB-037,9780425183977,en,google_books,publisher,CORRECT,no
MB-037,9780425183977,en,google_books,publication_date,CORRECT,no
MB-037,9780425183977,en,google_books,page_count,INCORRECT,no
MB-037,9780425183977,en,google_books,cover,CORRECT,no
MB-037,9780425183977,en,google_books,work_link,MISSING,no
MB-037,9780425183977,en,google_books,series,MISSING,yes
MB-037,9780425183977,en,google_books,series_position,MISSING,no
MB-037,9780425183977,en,google_books,subjects,CORRECT,no
MB-037,9780425183977,en,wikidata,isbn_exact,MISSING,no
MB-037,9780425183977,en,wikidata,title,MISSING,no
MB-037,9780425183977,en,wikidata,subtitle,MISSING,no
MB-037,9780425183977,en,wikidata,authors,MISSING,no
MB-037,9780425183977,en,wikidata,language,MISSING,no
MB-037,9780425183977,en,wikidata,publisher,MISSING,no
MB-037,9780425183977,en,wikidata,publication_date,MISSING,no
MB-037,9780425183977,en,wikidata,page_count,MISSING,no
MB-037,9780425183977,en,wikidata,cover,MISSING,no
MB-037,9780425183977,en,wikidata,work_link,MISSING,no
MB-037,9780425183977,en,wikidata,series,MISSING,yes
MB-037,9780425183977,en,wikidata,series_position,MISSING,no
MB-037,9780425183977,en,wikidata,subjects,MISSING,no
MB-037,9780425183977,en,bookbrainz,isbn_exact,MISSING,no
MB-037,9780425183977,en,bookbrainz,title,MISSING,no
MB-037,9780425183977,en,bookbrainz,subtitle,MISSING,no
MB-037,9780425183977,en,bookbrainz,authors,MISSING,no
MB-037,9780425183977,en,bookbrainz,language,MISSING,no
MB-037,9780425183977,en,bookbrainz,publisher,MISSING,no
MB-037,9780425183977,en,bookbrainz,publication_date,MISSING,no
MB-037,9780425183977,en,bookbrainz,page_count,MISSING,no
MB-037,9780425183977,en,bookbrainz,cover,MISSING,no
MB-037,9780425183977,en,bookbrainz,work_link,MISSING,no
MB-037,9780425183977,en,bookbrainz,series,MISSING,yes
MB-037,9780425183977,en,bookbrainz,series_position,MISSING,no
MB-037,9780425183977,en,bookbrainz,subjects,MISSING,no
MB-038,9780425208816,en,open_library,isbn_exact,CORRECT,no
MB-038,9780425208816,en,open_library,title,CORRECT,no
MB-038,9780425208816,en,open_library,subtitle,MISSING,no
MB-038,9780425208816,en,open_library,authors,CORRECT,no
MB-038,9780425208816,en,open_library,language,CORRECT,no
MB-038,9780425208816,en,open_library,publisher,CORRECT,no
MB-038,9780425208816,en,open_library,publication_date,CORRECT,no
MB-038,9780425208816,en,open_library,page_count,CORRECT,no
MB-038,9780425208816,en,open_library,cover,CORRECT,no
MB-038,9780425208816,en,open_library,work_link,CORRECT,no
MB-038,9780425208816,en,open_library,series,CORRECT,yes
MB-038,9780425208816,en,open_library,series_position,MISSING,no
MB-038,9780425208816,en,open_library,subjects,MISSING,no
MB-038,9780425208816,en,google_books,isbn_exact,CORRECT,no
MB-038,9780425208816,en,google_books,title,CORRECT,no
MB-038,9780425208816,en,google_books,subtitle,MISSING,no
MB-038,9780425208816,en,google_books,authors,INCORRECT,no
MB-038,9780425208816,en,google_books,language,CORRECT,no
MB-038,9780425208816,en,google_books,publisher,INCORRECT,no
MB-038,9780425208816,en,google_books,publication_date,CORRECT,no
MB-038,9780425208816,en,google_books,page_count,INCORRECT,no
MB-038,9780425208816,en,google_books,cover,CORRECT,no
MB-038,9780425208816,en,google_books,work_link,MISSING,no
MB-038,9780425208816,en,google_books,series,MISSING,yes
MB-038,9780425208816,en,google_books,series_position,MISSING,no
MB-038,9780425208816,en,google_books,subjects,CORRECT,no
MB-038,9780425208816,en,wikidata,isbn_exact,MISSING,no
MB-038,9780425208816,en,wikidata,title,MISSING,no
MB-038,9780425208816,en,wikidata,subtitle,MISSING,no
MB-038,9780425208816,en,wikidata,authors,MISSING,no
MB-038,9780425208816,en,wikidata,language,MISSING,no
MB-038,9780425208816,en,wikidata,publisher,MISSING,no
MB-038,9780425208816,en,wikidata,publication_date,MISSING,no
MB-038,9780425208816,en,wikidata,page_count,MISSING,no
MB-038,9780425208816,en,wikidata,cover,MISSING,no
MB-038,9780425208816,en,wikidata,work_link,MISSING,no
MB-038,9780425208816,en,wikidata,series,MISSING,yes
MB-038,9780425208816,en,wikidata,series_position,MISSING,no
MB-038,9780425208816,en,wikidata,subjects,MISSING,no
MB-038,9780425208816,en,bookbrainz,isbn_exact,MISSING,no
MB-038,9780425208816,en,bookbrainz,title,MISSING,no
MB-038,9780425208816,en,bookbrainz,subtitle,MISSING,no
MB-038,9780425208816,en,bookbrainz,authors,MISSING,no
MB-038,9780425208816,en,bookbrainz,language,MISSING,no
MB-038,9780425208816,en,bookbrainz,publisher,MISSING,no
MB-038,9780425208816,en,bookbrainz,publication_date,MISSING,no
MB-038,9780425208816,en,bookbrainz,page_count,MISSING,no
MB-038,9780425208816,en,bookbrainz,cover,MISSING,no
MB-038,9780425208816,en,bookbrainz,work_link,MISSING,no
MB-038,9780425208816,en,bookbrainz,series,MISSING,yes
MB-038,9780425208816,en,bookbrainz,series_position,MISSING,no
MB-038,9780425208816,en,bookbrainz,subjects,MISSING,no
MB-039,9780440220299,en,open_library,isbn_exact,CORRECT,no
MB-039,9780440220299,en,open_library,title,INCORRECT,no
MB-039,9780440220299,en,open_library,subtitle,MISSING,no
MB-039,9780440220299,en,open_library,authors,CORRECT,no
MB-039,9780440220299,en,open_library,language,CORRECT,no
MB-039,9780440220299,en,open_library,publisher,CORRECT,no
MB-039,9780440220299,en,open_library,publication_date,CORRECT,no
MB-039,9780440220299,en,open_library,page_count,INCORRECT,no
MB-039,9780440220299,en,open_library,cover,CORRECT,no
MB-039,9780440220299,en,open_library,work_link,CORRECT,no
MB-039,9780440220299,en,open_library,series,MISSING,no
MB-039,9780440220299,en,open_library,series_position,MISSING,no
MB-039,9780440220299,en,open_library,subjects,CORRECT,no
MB-039,9780440220299,en,google_books,isbn_exact,CORRECT,no
MB-039,9780440220299,en,google_books,title,INCORRECT,no
MB-039,9780440220299,en,google_books,subtitle,MISSING,no
MB-039,9780440220299,en,google_books,authors,CORRECT,no
MB-039,9780440220299,en,google_books,language,CORRECT,no
MB-039,9780440220299,en,google_books,publisher,CORRECT,no
MB-039,9780440220299,en,google_books,publication_date,CORRECT,no
MB-039,9780440220299,en,google_books,page_count,INCORRECT,no
MB-039,9780440220299,en,google_books,cover,CORRECT,no
MB-039,9780440220299,en,google_books,work_link,MISSING,no
MB-039,9780440220299,en,google_books,series,MISSING,no
MB-039,9780440220299,en,google_books,series_position,MISSING,no
MB-039,9780440220299,en,google_books,subjects,CORRECT,no
MB-039,9780440220299,en,wikidata,isbn_exact,MISSING,no
MB-039,9780440220299,en,wikidata,title,MISSING,no
MB-039,9780440220299,en,wikidata,subtitle,MISSING,no
MB-039,9780440220299,en,wikidata,authors,MISSING,no
MB-039,9780440220299,en,wikidata,language,MISSING,no
MB-039,9780440220299,en,wikidata,publisher,MISSING,no
MB-039,9780440220299,en,wikidata,publication_date,MISSING,no
MB-039,9780440220299,en,wikidata,page_count,MISSING,no
MB-039,9780440220299,en,wikidata,cover,MISSING,no
MB-039,9780440220299,en,wikidata,work_link,MISSING,no
MB-039,9780440220299,en,wikidata,series,MISSING,no
MB-039,9780440220299,en,wikidata,series_position,MISSING,no
MB-039,9780440220299,en,wikidata,subjects,MISSING,no
MB-039,9780440220299,en,bookbrainz,isbn_exact,MISSING,no
MB-039,9780440220299,en,bookbrainz,title,MISSING,no
MB-039,9780440220299,en,bookbrainz,subtitle,MISSING,no
MB-039,9780440220299,en,bookbrainz,authors,MISSING,no
MB-039,9780440220299,en,bookbrainz,language,MISSING,no
MB-039,9780440220299,en,bookbrainz,publisher,MISSING,no
MB-039,9780440220299,en,bookbrainz,publication_date,MISSING,no
MB-039,9780440220299,en,bookbrainz,page_count,MISSING,no
MB-039,9780440220299,en,bookbrainz,cover,MISSING,no
MB-039,9780440220299,en,bookbrainz,work_link,MISSING,no
MB-039,9780440220299,en,bookbrainz,series,MISSING,no
MB-039,9780440220299,en,bookbrainz,series_position,MISSING,no
MB-039,9780440220299,en,bookbrainz,subjects,MISSING,no
MB-040,9780441003709,en,open_library,isbn_exact,CORRECT,no
MB-040,9780441003709,en,open_library,title,CORRECT,no
MB-040,9780441003709,en,open_library,subtitle,MISSING,no
MB-040,9780441003709,en,open_library,authors,CORRECT,no
MB-040,9780441003709,en,open_library,language,CORRECT,no
MB-040,9780441003709,en,open_library,publisher,CORRECT,no
MB-040,9780441003709,en,open_library,publication_date,CORRECT,no
MB-040,9780441003709,en,open_library,page_count,CORRECT,no
MB-040,9780441003709,en,open_library,cover,CORRECT,no
MB-040,9780441003709,en,open_library,work_link,CORRECT,no
MB-040,9780441003709,en,open_library,series,MISSING,no
MB-040,9780441003709,en,open_library,series_position,MISSING,no
MB-040,9780441003709,en,open_library,subjects,MISSING,no
MB-040,9780441003709,en,google_books,isbn_exact,INCORRECT,no
MB-040,9780441003709,en,google_books,title,INCORRECT,no
MB-040,9780441003709,en,google_books,subtitle,MISSING,no
MB-040,9780441003709,en,google_books,authors,CORRECT,no
MB-040,9780441003709,en,google_books,language,CORRECT,no
MB-040,9780441003709,en,google_books,publisher,INCORRECT,no
MB-040,9780441003709,en,google_books,publication_date,CORRECT,no
MB-040,9780441003709,en,google_books,page_count,INCORRECT,no
MB-040,9780441003709,en,google_books,cover,CORRECT,no
MB-040,9780441003709,en,google_books,work_link,MISSING,no
MB-040,9780441003709,en,google_books,series,MISSING,no
MB-040,9780441003709,en,google_books,series_position,MISSING,no
MB-040,9780441003709,en,google_books,subjects,CORRECT,no
MB-040,9780441003709,en,wikidata,isbn_exact,MISSING,no
MB-040,9780441003709,en,wikidata,title,MISSING,no
MB-040,9780441003709,en,wikidata,subtitle,MISSING,no
MB-040,9780441003709,en,wikidata,authors,MISSING,no
MB-040,9780441003709,en,wikidata,language,MISSING,no
MB-040,9780441003709,en,wikidata,publisher,MISSING,no
MB-040,9780441003709,en,wikidata,publication_date,MISSING,no
MB-040,9780441003709,en,wikidata,page_count,MISSING,no
MB-040,9780441003709,en,wikidata,cover,MISSING,no
MB-040,9780441003709,en,wikidata,work_link,MISSING,no
MB-040,9780441003709,en,wikidata,series,MISSING,no
MB-040,9780441003709,en,wikidata,series_position,MISSING,no
MB-040,9780441003709,en,wikidata,subjects,MISSING,no
MB-040,9780441003709,en,bookbrainz,isbn_exact,CORRECT,no
MB-040,9780441003709,en,bookbrainz,title,CORRECT,no
MB-040,9780441003709,en,bookbrainz,subtitle,MISSING,no
MB-040,9780441003709,en,bookbrainz,authors,CORRECT,no
MB-040,9780441003709,en,bookbrainz,language,CORRECT,no
MB-040,9780441003709,en,bookbrainz,publisher,INCORRECT,no
MB-040,9780441003709,en,bookbrainz,publication_date,CORRECT,no
MB-040,9780441003709,en,bookbrainz,page_count,CORRECT,no
MB-040,9780441003709,en,bookbrainz,cover,MISSING,no
MB-040,9780441003709,en,bookbrainz,work_link,CORRECT,no
MB-040,9780441003709,en,bookbrainz,series,MISSING,no
MB-040,9780441003709,en,bookbrainz,series_position,MISSING,no
MB-040,9780441003709,en,bookbrainz,subjects,MISSING,no
MB-041,9780441006601,en,open_library,isbn_exact,CORRECT,no
MB-041,9780441006601,en,open_library,title,INCORRECT,no
MB-041,9780441006601,en,open_library,subtitle,MISSING,no
MB-041,9780441006601,en,open_library,authors,CORRECT,no
MB-041,9780441006601,en,open_library,language,CORRECT,no
MB-041,9780441006601,en,open_library,publisher,CORRECT,no
MB-041,9780441006601,en,open_library,publication_date,CORRECT,no
MB-041,9780441006601,en,open_library,page_count,CORRECT,no
MB-041,9780441006601,en,open_library,cover,CORRECT,no
MB-041,9780441006601,en,open_library,work_link,CORRECT,no
MB-041,9780441006601,en,open_library,series,MISSING,yes
MB-041,9780441006601,en,open_library,series_position,MISSING,yes
MB-041,9780441006601,en,open_library,subjects,MISSING,no
MB-041,9780441006601,en,google_books,isbn_exact,CORRECT,no
MB-041,9780441006601,en,google_books,title,INCORRECT,no
MB-041,9780441006601,en,google_books,subtitle,MISSING,no
MB-041,9780441006601,en,google_books,authors,CORRECT,no
MB-041,9780441006601,en,google_books,language,CORRECT,no
MB-041,9780441006601,en,google_books,publisher,INCORRECT,no
MB-041,9780441006601,en,google_books,publication_date,CORRECT,no
MB-041,9780441006601,en,google_books,page_count,INCORRECT,no
MB-041,9780441006601,en,google_books,cover,CORRECT,no
MB-041,9780441006601,en,google_books,work_link,MISSING,no
MB-041,9780441006601,en,google_books,series,MISSING,yes
MB-041,9780441006601,en,google_books,series_position,MISSING,yes
MB-041,9780441006601,en,google_books,subjects,CORRECT,no
MB-041,9780441006601,en,wikidata,isbn_exact,MISSING,no
MB-041,9780441006601,en,wikidata,title,MISSING,no
MB-041,9780441006601,en,wikidata,subtitle,MISSING,no
MB-041,9780441006601,en,wikidata,authors,MISSING,no
MB-041,9780441006601,en,wikidata,language,MISSING,no
MB-041,9780441006601,en,wikidata,publisher,MISSING,no
MB-041,9780441006601,en,wikidata,publication_date,MISSING,no
MB-041,9780441006601,en,wikidata,page_count,MISSING,no
MB-041,9780441006601,en,wikidata,cover,MISSING,no
MB-041,9780441006601,en,wikidata,work_link,MISSING,no
MB-041,9780441006601,en,wikidata,series,MISSING,yes
MB-041,9780441006601,en,wikidata,series_position,MISSING,yes
MB-041,9780441006601,en,wikidata,subjects,MISSING,no
MB-041,9780441006601,en,bookbrainz,isbn_exact,MISSING,no
MB-041,9780441006601,en,bookbrainz,title,MISSING,no
MB-041,9780441006601,en,bookbrainz,subtitle,MISSING,no
MB-041,9780441006601,en,bookbrainz,authors,MISSING,no
MB-041,9780441006601,en,bookbrainz,language,MISSING,no
MB-041,9780441006601,en,bookbrainz,publisher,MISSING,no
MB-041,9780441006601,en,bookbrainz,publication_date,MISSING,no
MB-041,9780441006601,en,bookbrainz,page_count,MISSING,no
MB-041,9780441006601,en,bookbrainz,cover,MISSING,no
MB-041,9780441006601,en,bookbrainz,work_link,MISSING,no
MB-041,9780441006601,en,bookbrainz,series,MISSING,yes
MB-041,9780441006601,en,bookbrainz,series_position,MISSING,yes
MB-041,9780441006601,en,bookbrainz,subjects,MISSING,no
MB-042,9780450574580,en,open_library,isbn_exact,CORRECT,no
MB-042,9780450574580,en,open_library,title,CORRECT,no
MB-042,9780450574580,en,open_library,subtitle,MISSING,no
MB-042,9780450574580,en,open_library,authors,MISSING,no
MB-042,9780450574580,en,open_library,language,CORRECT,no
MB-042,9780450574580,en,open_library,publisher,CORRECT,no
MB-042,9780450574580,en,open_library,publication_date,CORRECT,no
MB-042,9780450574580,en,open_library,page_count,CORRECT,no
MB-042,9780450574580,en,open_library,cover,CORRECT,no
MB-042,9780450574580,en,open_library,work_link,CORRECT,no
MB-042,9780450574580,en,open_library,series,MISSING,no
MB-042,9780450574580,en,open_library,series_position,MISSING,no
MB-042,9780450574580,en,open_library,subjects,CORRECT,no
MB-042,9780450574580,en,google_books,isbn_exact,CORRECT,no
MB-042,9780450574580,en,google_books,title,CORRECT,no
MB-042,9780450574580,en,google_books,subtitle,MISSING,no
MB-042,9780450574580,en,google_books,authors,UNVERIFIABLE,no
MB-042,9780450574580,en,google_books,language,CORRECT,no
MB-042,9780450574580,en,google_books,publisher,MISSING,no
MB-042,9780450574580,en,google_books,publication_date,CORRECT,no
MB-042,9780450574580,en,google_books,page_count,CORRECT,no
MB-042,9780450574580,en,google_books,cover,MISSING,no
MB-042,9780450574580,en,google_books,work_link,MISSING,no
MB-042,9780450574580,en,google_books,series,MISSING,no
MB-042,9780450574580,en,google_books,series_position,MISSING,no
MB-042,9780450574580,en,google_books,subjects,CORRECT,no
MB-042,9780450574580,en,wikidata,isbn_exact,MISSING,no
MB-042,9780450574580,en,wikidata,title,MISSING,no
MB-042,9780450574580,en,wikidata,subtitle,MISSING,no
MB-042,9780450574580,en,wikidata,authors,MISSING,no
MB-042,9780450574580,en,wikidata,language,MISSING,no
MB-042,9780450574580,en,wikidata,publisher,MISSING,no
MB-042,9780450574580,en,wikidata,publication_date,MISSING,no
MB-042,9780450574580,en,wikidata,page_count,MISSING,no
MB-042,9780450574580,en,wikidata,cover,MISSING,no
MB-042,9780450574580,en,wikidata,work_link,MISSING,no
MB-042,9780450574580,en,wikidata,series,MISSING,no
MB-042,9780450574580,en,wikidata,series_position,MISSING,no
MB-042,9780450574580,en,wikidata,subjects,MISSING,no
MB-042,9780450574580,en,bookbrainz,isbn_exact,MISSING,no
MB-042,9780450574580,en,bookbrainz,title,MISSING,no
MB-042,9780450574580,en,bookbrainz,subtitle,MISSING,no
MB-042,9780450574580,en,bookbrainz,authors,MISSING,no
MB-042,9780450574580,en,bookbrainz,language,MISSING,no
MB-042,9780450574580,en,bookbrainz,publisher,MISSING,no
MB-042,9780450574580,en,bookbrainz,publication_date,MISSING,no
MB-042,9780450574580,en,bookbrainz,page_count,MISSING,no
MB-042,9780450574580,en,bookbrainz,cover,MISSING,no
MB-042,9780450574580,en,bookbrainz,work_link,MISSING,no
MB-042,9780450574580,en,bookbrainz,series,MISSING,no
MB-042,9780450574580,en,bookbrainz,series_position,MISSING,no
MB-042,9780450574580,en,bookbrainz,subjects,MISSING,no
MB-043,9780451211149,en,open_library,isbn_exact,CORRECT,no
MB-043,9780451211149,en,open_library,title,CORRECT,no
MB-043,9780451211149,en,open_library,subtitle,MISSING,no
MB-043,9780451211149,en,open_library,authors,CORRECT,no
MB-043,9780451211149,en,open_library,language,CORRECT,no
MB-043,9780451211149,en,open_library,publisher,CORRECT,no
MB-043,9780451211149,en,open_library,publication_date,CORRECT,no
MB-043,9780451211149,en,open_library,page_count,CORRECT,no
MB-043,9780451211149,en,open_library,cover,CORRECT,no
MB-043,9780451211149,en,open_library,work_link,CORRECT,no
MB-043,9780451211149,en,open_library,series,MISSING,no
MB-043,9780451211149,en,open_library,series_position,MISSING,no
MB-043,9780451211149,en,open_library,subjects,CORRECT,no
MB-043,9780451211149,en,google_books,isbn_exact,CORRECT,no
MB-043,9780451211149,en,google_books,title,CORRECT,no
MB-043,9780451211149,en,google_books,subtitle,MISSING,no
MB-043,9780451211149,en,google_books,authors,CORRECT,no
MB-043,9780451211149,en,google_books,language,CORRECT,no
MB-043,9780451211149,en,google_books,publisher,INCORRECT,no
MB-043,9780451211149,en,google_books,publication_date,CORRECT,no
MB-043,9780451211149,en,google_books,page_count,CORRECT,no
MB-043,9780451211149,en,google_books,cover,CORRECT,no
MB-043,9780451211149,en,google_books,work_link,MISSING,no
MB-043,9780451211149,en,google_books,series,MISSING,no
MB-043,9780451211149,en,google_books,series_position,MISSING,no
MB-043,9780451211149,en,google_books,subjects,CORRECT,no
MB-043,9780451211149,en,wikidata,isbn_exact,MISSING,no
MB-043,9780451211149,en,wikidata,title,MISSING,no
MB-043,9780451211149,en,wikidata,subtitle,MISSING,no
MB-043,9780451211149,en,wikidata,authors,MISSING,no
MB-043,9780451211149,en,wikidata,language,MISSING,no
MB-043,9780451211149,en,wikidata,publisher,MISSING,no
MB-043,9780451211149,en,wikidata,publication_date,MISSING,no
MB-043,9780451211149,en,wikidata,page_count,MISSING,no
MB-043,9780451211149,en,wikidata,cover,MISSING,no
MB-043,9780451211149,en,wikidata,work_link,MISSING,no
MB-043,9780451211149,en,wikidata,series,MISSING,no
MB-043,9780451211149,en,wikidata,series_position,MISSING,no
MB-043,9780451211149,en,wikidata,subjects,MISSING,no
MB-043,9780451211149,en,bookbrainz,isbn_exact,MISSING,no
MB-043,9780451211149,en,bookbrainz,title,MISSING,no
MB-043,9780451211149,en,bookbrainz,subtitle,MISSING,no
MB-043,9780451211149,en,bookbrainz,authors,MISSING,no
MB-043,9780451211149,en,bookbrainz,language,MISSING,no
MB-043,9780451211149,en,bookbrainz,publisher,MISSING,no
MB-043,9780451211149,en,bookbrainz,publication_date,MISSING,no
MB-043,9780451211149,en,bookbrainz,page_count,MISSING,no
MB-043,9780451211149,en,bookbrainz,cover,MISSING,no
MB-043,9780451211149,en,bookbrainz,work_link,MISSING,no
MB-043,9780451211149,en,bookbrainz,series,MISSING,no
MB-043,9780451211149,en,bookbrainz,series_position,MISSING,no
MB-043,9780451211149,en,bookbrainz,subjects,MISSING,no
MB-044,9780515114690,en,open_library,isbn_exact,CORRECT,no
MB-044,9780515114690,en,open_library,title,CORRECT,no
MB-044,9780515114690,en,open_library,subtitle,MISSING,no
MB-044,9780515114690,en,open_library,authors,MISSING,no
MB-044,9780515114690,en,open_library,language,CORRECT,no
MB-044,9780515114690,en,open_library,publisher,INCORRECT,no
MB-044,9780515114690,en,open_library,publication_date,CORRECT,no
MB-044,9780515114690,en,open_library,page_count,INCORRECT,no
MB-044,9780515114690,en,open_library,cover,CORRECT,no
MB-044,9780515114690,en,open_library,work_link,CORRECT,no
MB-044,9780515114690,en,open_library,series,INCORRECT,yes
MB-044,9780515114690,en,open_library,series_position,MISSING,yes
MB-044,9780515114690,en,open_library,subjects,CORRECT,no
MB-044,9780515114690,en,google_books,isbn_exact,CORRECT,no
MB-044,9780515114690,en,google_books,title,CORRECT,no
MB-044,9780515114690,en,google_books,subtitle,MISSING,no
MB-044,9780515114690,en,google_books,authors,CORRECT,no
MB-044,9780515114690,en,google_books,language,CORRECT,no
MB-044,9780515114690,en,google_books,publisher,INCORRECT,no
MB-044,9780515114690,en,google_books,publication_date,CORRECT,no
MB-044,9780515114690,en,google_books,page_count,MISSING,no
MB-044,9780515114690,en,google_books,cover,MISSING,no
MB-044,9780515114690,en,google_books,work_link,MISSING,no
MB-044,9780515114690,en,google_books,series,MISSING,yes
MB-044,9780515114690,en,google_books,series_position,MISSING,yes
MB-044,9780515114690,en,google_books,subjects,CORRECT,no
MB-044,9780515114690,en,wikidata,isbn_exact,MISSING,no
MB-044,9780515114690,en,wikidata,title,MISSING,no
MB-044,9780515114690,en,wikidata,subtitle,MISSING,no
MB-044,9780515114690,en,wikidata,authors,MISSING,no
MB-044,9780515114690,en,wikidata,language,MISSING,no
MB-044,9780515114690,en,wikidata,publisher,MISSING,no
MB-044,9780515114690,en,wikidata,publication_date,MISSING,no
MB-044,9780515114690,en,wikidata,page_count,MISSING,no
MB-044,9780515114690,en,wikidata,cover,MISSING,no
MB-044,9780515114690,en,wikidata,work_link,MISSING,no
MB-044,9780515114690,en,wikidata,series,MISSING,yes
MB-044,9780515114690,en,wikidata,series_position,MISSING,yes
MB-044,9780515114690,en,wikidata,subjects,MISSING,no
MB-044,9780515114690,en,bookbrainz,isbn_exact,MISSING,no
MB-044,9780515114690,en,bookbrainz,title,MISSING,no
MB-044,9780515114690,en,bookbrainz,subtitle,MISSING,no
MB-044,9780515114690,en,bookbrainz,authors,MISSING,no
MB-044,9780515114690,en,bookbrainz,language,MISSING,no
MB-044,9780515114690,en,bookbrainz,publisher,MISSING,no
MB-044,9780515114690,en,bookbrainz,publication_date,MISSING,no
MB-044,9780515114690,en,bookbrainz,page_count,MISSING,no
MB-044,9780515114690,en,bookbrainz,cover,MISSING,no
MB-044,9780515114690,en,bookbrainz,work_link,MISSING,no
MB-044,9780515114690,en,bookbrainz,series,MISSING,yes
MB-044,9780515114690,en,bookbrainz,series_position,MISSING,yes
MB-044,9780515114690,en,bookbrainz,subjects,MISSING,no
MB-045,9780552134620,en,open_library,isbn_exact,CORRECT,no
MB-045,9780552134620,en,open_library,title,CORRECT,no
MB-045,9780552134620,en,open_library,subtitle,UNVERIFIABLE,no
MB-045,9780552134620,en,open_library,authors,MISSING,no
MB-045,9780552134620,en,open_library,language,CORRECT,no
MB-045,9780552134620,en,open_library,publisher,CORRECT,no
MB-045,9780552134620,en,open_library,publication_date,INCORRECT,no
MB-045,9780552134620,en,open_library,page_count,CORRECT,no
MB-045,9780552134620,en,open_library,cover,CORRECT,no
MB-045,9780552134620,en,open_library,work_link,CORRECT,no
MB-045,9780552134620,en,open_library,series,UNVERIFIABLE,no
MB-045,9780552134620,en,open_library,series_position,MISSING,no
MB-045,9780552134620,en,open_library,subjects,MISSING,no
MB-045,9780552134620,en,google_books,isbn_exact,CORRECT,no
MB-045,9780552134620,en,google_books,title,CORRECT,no
MB-045,9780552134620,en,google_books,subtitle,MISSING,no
MB-045,9780552134620,en,google_books,authors,CORRECT,no
MB-045,9780552134620,en,google_books,language,CORRECT,no
MB-045,9780552134620,en,google_books,publisher,INCORRECT,no
MB-045,9780552134620,en,google_books,publication_date,INCORRECT,no
MB-045,9780552134620,en,google_books,page_count,MISSING,no
MB-045,9780552134620,en,google_books,cover,CORRECT,no
MB-045,9780552134620,en,google_books,work_link,MISSING,no
MB-045,9780552134620,en,google_books,series,MISSING,no
MB-045,9780552134620,en,google_books,series_position,MISSING,no
MB-045,9780552134620,en,google_books,subjects,CORRECT,no
MB-045,9780552134620,en,wikidata,isbn_exact,CORRECT,no
MB-045,9780552134620,en,wikidata,title,CORRECT,no
MB-045,9780552134620,en,wikidata,subtitle,MISSING,no
MB-045,9780552134620,en,wikidata,authors,MISSING,no
MB-045,9780552134620,en,wikidata,language,CORRECT,no
MB-045,9780552134620,en,wikidata,publisher,CORRECT,no
MB-045,9780552134620,en,wikidata,publication_date,INCORRECT,no
MB-045,9780552134620,en,wikidata,page_count,INCORRECT,no
MB-045,9780552134620,en,wikidata,cover,MISSING,no
MB-045,9780552134620,en,wikidata,work_link,CORRECT,no
MB-045,9780552134620,en,wikidata,series,MISSING,no
MB-045,9780552134620,en,wikidata,series_position,MISSING,no
MB-045,9780552134620,en,wikidata,subjects,MISSING,no
MB-045,9780552134620,en,bookbrainz,isbn_exact,MISSING,no
MB-045,9780552134620,en,bookbrainz,title,MISSING,no
MB-045,9780552134620,en,bookbrainz,subtitle,MISSING,no
MB-045,9780552134620,en,bookbrainz,authors,MISSING,no
MB-045,9780552134620,en,bookbrainz,language,MISSING,no
MB-045,9780552134620,en,bookbrainz,publisher,MISSING,no
MB-045,9780552134620,en,bookbrainz,publication_date,MISSING,no
MB-045,9780552134620,en,bookbrainz,page_count,MISSING,no
MB-045,9780552134620,en,bookbrainz,cover,MISSING,no
MB-045,9780552134620,en,bookbrainz,work_link,MISSING,no
MB-045,9780552134620,en,bookbrainz,series,MISSING,no
MB-045,9780552134620,en,bookbrainz,series_position,MISSING,no
MB-045,9780552134620,en,bookbrainz,subjects,MISSING,no
MB-046,9780552150736,en,open_library,isbn_exact,CORRECT,no
MB-046,9780552150736,en,open_library,title,CORRECT,no
MB-046,9780552150736,en,open_library,subtitle,MISSING,no
MB-046,9780552150736,en,open_library,authors,CORRECT,no
MB-046,9780552150736,en,open_library,language,CORRECT,no
MB-046,9780552150736,en,open_library,publisher,CORRECT,no
MB-046,9780552150736,en,open_library,publication_date,CORRECT,no
MB-046,9780552150736,en,open_library,page_count,CORRECT,no
MB-046,9780552150736,en,open_library,cover,CORRECT,no
MB-046,9780552150736,en,open_library,work_link,CORRECT,no
MB-046,9780552150736,en,open_library,series,MISSING,no
MB-046,9780552150736,en,open_library,series_position,MISSING,no
MB-046,9780552150736,en,open_library,subjects,CORRECT,no
MB-046,9780552150736,en,google_books,isbn_exact,CORRECT,no
MB-046,9780552150736,en,google_books,title,CORRECT,no
MB-046,9780552150736,en,google_books,subtitle,MISSING,no
MB-046,9780552150736,en,google_books,authors,CORRECT,no
MB-046,9780552150736,en,google_books,language,CORRECT,no
MB-046,9780552150736,en,google_books,publisher,INCORRECT,no
MB-046,9780552150736,en,google_books,publication_date,INCORRECT,no
MB-046,9780552150736,en,google_books,page_count,INCORRECT,no
MB-046,9780552150736,en,google_books,cover,CORRECT,no
MB-046,9780552150736,en,google_books,work_link,MISSING,no
MB-046,9780552150736,en,google_books,series,MISSING,no
MB-046,9780552150736,en,google_books,series_position,MISSING,no
MB-046,9780552150736,en,google_books,subjects,CORRECT,no
MB-046,9780552150736,en,wikidata,isbn_exact,MISSING,no
MB-046,9780552150736,en,wikidata,title,MISSING,no
MB-046,9780552150736,en,wikidata,subtitle,MISSING,no
MB-046,9780552150736,en,wikidata,authors,MISSING,no
MB-046,9780552150736,en,wikidata,language,MISSING,no
MB-046,9780552150736,en,wikidata,publisher,MISSING,no
MB-046,9780552150736,en,wikidata,publication_date,MISSING,no
MB-046,9780552150736,en,wikidata,page_count,MISSING,no
MB-046,9780552150736,en,wikidata,cover,MISSING,no
MB-046,9780552150736,en,wikidata,work_link,MISSING,no
MB-046,9780552150736,en,wikidata,series,MISSING,no
MB-046,9780552150736,en,wikidata,series_position,MISSING,no
MB-046,9780552150736,en,wikidata,subjects,MISSING,no
MB-046,9780552150736,en,bookbrainz,isbn_exact,MISSING,no
MB-046,9780552150736,en,bookbrainz,title,MISSING,no
MB-046,9780552150736,en,bookbrainz,subtitle,MISSING,no
MB-046,9780552150736,en,bookbrainz,authors,MISSING,no
MB-046,9780552150736,en,bookbrainz,language,MISSING,no
MB-046,9780552150736,en,bookbrainz,publisher,MISSING,no
MB-046,9780552150736,en,bookbrainz,publication_date,MISSING,no
MB-046,9780552150736,en,bookbrainz,page_count,MISSING,no
MB-046,9780552150736,en,bookbrainz,cover,MISSING,no
MB-046,9780552150736,en,bookbrainz,work_link,MISSING,no
MB-046,9780552150736,en,bookbrainz,series,MISSING,no
MB-046,9780552150736,en,bookbrainz,series_position,MISSING,no
MB-046,9780552150736,en,bookbrainz,subjects,MISSING,no
MB-047,9780552166607,en,open_library,isbn_exact,CORRECT,no
MB-047,9780552166607,en,open_library,title,CORRECT,no
MB-047,9780552166607,en,open_library,subtitle,MISSING,no
MB-047,9780552166607,en,open_library,authors,CORRECT,no
MB-047,9780552166607,en,open_library,language,CORRECT,no
MB-047,9780552166607,en,open_library,publisher,CORRECT,no
MB-047,9780552166607,en,open_library,publication_date,CORRECT,no
MB-047,9780552166607,en,open_library,page_count,CORRECT,no
MB-047,9780552166607,en,open_library,cover,CORRECT,no
MB-047,9780552166607,en,open_library,work_link,CORRECT,no
MB-047,9780552166607,en,open_library,series,UNVERIFIABLE,no
MB-047,9780552166607,en,open_library,series_position,MISSING,no
MB-047,9780552166607,en,open_library,subjects,MISSING,no
MB-047,9780552166607,en,google_books,isbn_exact,CORRECT,no
MB-047,9780552166607,en,google_books,title,CORRECT,no
MB-047,9780552166607,en,google_books,subtitle,UNVERIFIABLE,no
MB-047,9780552166607,en,google_books,authors,CORRECT,no
MB-047,9780552166607,en,google_books,language,CORRECT,no
MB-047,9780552166607,en,google_books,publisher,INCORRECT,no
MB-047,9780552166607,en,google_books,publication_date,CORRECT,no
MB-047,9780552166607,en,google_books,page_count,MISSING,no
MB-047,9780552166607,en,google_books,cover,CORRECT,no
MB-047,9780552166607,en,google_books,work_link,MISSING,no
MB-047,9780552166607,en,google_books,series,MISSING,no
MB-047,9780552166607,en,google_books,series_position,MISSING,no
MB-047,9780552166607,en,google_books,subjects,CORRECT,no
MB-047,9780552166607,en,wikidata,isbn_exact,MISSING,no
MB-047,9780552166607,en,wikidata,title,MISSING,no
MB-047,9780552166607,en,wikidata,subtitle,MISSING,no
MB-047,9780552166607,en,wikidata,authors,MISSING,no
MB-047,9780552166607,en,wikidata,language,MISSING,no
MB-047,9780552166607,en,wikidata,publisher,MISSING,no
MB-047,9780552166607,en,wikidata,publication_date,MISSING,no
MB-047,9780552166607,en,wikidata,page_count,MISSING,no
MB-047,9780552166607,en,wikidata,cover,MISSING,no
MB-047,9780552166607,en,wikidata,work_link,MISSING,no
MB-047,9780552166607,en,wikidata,series,MISSING,no
MB-047,9780552166607,en,wikidata,series_position,MISSING,no
MB-047,9780552166607,en,wikidata,subjects,MISSING,no
MB-047,9780552166607,en,bookbrainz,isbn_exact,MISSING,no
MB-047,9780552166607,en,bookbrainz,title,MISSING,no
MB-047,9780552166607,en,bookbrainz,subtitle,MISSING,no
MB-047,9780552166607,en,bookbrainz,authors,MISSING,no
MB-047,9780552166607,en,bookbrainz,language,MISSING,no
MB-047,9780552166607,en,bookbrainz,publisher,MISSING,no
MB-047,9780552166607,en,bookbrainz,publication_date,MISSING,no
MB-047,9780552166607,en,bookbrainz,page_count,MISSING,no
MB-047,9780552166607,en,bookbrainz,cover,MISSING,no
MB-047,9780552166607,en,bookbrainz,work_link,MISSING,no
MB-047,9780552166607,en,bookbrainz,series,MISSING,no
MB-047,9780552166607,en,bookbrainz,series_position,MISSING,no
MB-047,9780552166607,en,bookbrainz,subjects,MISSING,no
MB-048,9780552546935,en,open_library,isbn_exact,CORRECT,no
MB-048,9780552546935,en,open_library,title,CORRECT,no
MB-048,9780552546935,en,open_library,subtitle,MISSING,no
MB-048,9780552546935,en,open_library,authors,MISSING,no
MB-048,9780552546935,en,open_library,language,CORRECT,no
MB-048,9780552546935,en,open_library,publisher,CORRECT,no
MB-048,9780552546935,en,open_library,publication_date,CORRECT,no
MB-048,9780552546935,en,open_library,page_count,MISSING,no
MB-048,9780552546935,en,open_library,cover,CORRECT,no
MB-048,9780552546935,en,open_library,work_link,CORRECT,no
MB-048,9780552546935,en,open_library,series,MISSING,no
MB-048,9780552546935,en,open_library,series_position,MISSING,no
MB-048,9780552546935,en,open_library,subjects,MISSING,no
MB-048,9780552546935,en,google_books,isbn_exact,CORRECT,no
MB-048,9780552546935,en,google_books,title,CORRECT,no
MB-048,9780552546935,en,google_books,subtitle,MISSING,no
MB-048,9780552546935,en,google_books,authors,CORRECT,no
MB-048,9780552546935,en,google_books,language,CORRECT,no
MB-048,9780552546935,en,google_books,publisher,CORRECT,no
MB-048,9780552546935,en,google_books,publication_date,CORRECT,no
MB-048,9780552546935,en,google_books,page_count,UNVERIFIABLE,no
MB-048,9780552546935,en,google_books,cover,CORRECT,no
MB-048,9780552546935,en,google_books,work_link,MISSING,no
MB-048,9780552546935,en,google_books,series,MISSING,no
MB-048,9780552546935,en,google_books,series_position,MISSING,no
MB-048,9780552546935,en,google_books,subjects,CORRECT,no
MB-048,9780552546935,en,wikidata,isbn_exact,MISSING,no
MB-048,9780552546935,en,wikidata,title,MISSING,no
MB-048,9780552546935,en,wikidata,subtitle,MISSING,no
MB-048,9780552546935,en,wikidata,authors,MISSING,no
MB-048,9780552546935,en,wikidata,language,MISSING,no
MB-048,9780552546935,en,wikidata,publisher,MISSING,no
MB-048,9780552546935,en,wikidata,publication_date,MISSING,no
MB-048,9780552546935,en,wikidata,page_count,MISSING,no
MB-048,9780552546935,en,wikidata,cover,MISSING,no
MB-048,9780552546935,en,wikidata,work_link,MISSING,no
MB-048,9780552546935,en,wikidata,series,MISSING,no
MB-048,9780552546935,en,wikidata,series_position,MISSING,no
MB-048,9780552546935,en,wikidata,subjects,MISSING,no
MB-048,9780552546935,en,bookbrainz,isbn_exact,MISSING,no
MB-048,9780552546935,en,bookbrainz,title,MISSING,no
MB-048,9780552546935,en,bookbrainz,subtitle,MISSING,no
MB-048,9780552546935,en,bookbrainz,authors,MISSING,no
MB-048,9780552546935,en,bookbrainz,language,MISSING,no
MB-048,9780552546935,en,bookbrainz,publisher,MISSING,no
MB-048,9780552546935,en,bookbrainz,publication_date,MISSING,no
MB-048,9780552546935,en,bookbrainz,page_count,MISSING,no
MB-048,9780552546935,en,bookbrainz,cover,MISSING,no
MB-048,9780552546935,en,bookbrainz,work_link,MISSING,no
MB-048,9780552546935,en,bookbrainz,series,MISSING,no
MB-048,9780552546935,en,bookbrainz,series_position,MISSING,no
MB-048,9780552546935,en,bookbrainz,subjects,MISSING,no
MB-049,9780552552127,en,open_library,isbn_exact,CORRECT,no
MB-049,9780552552127,en,open_library,title,CORRECT,no
MB-049,9780552552127,en,open_library,subtitle,MISSING,no
MB-049,9780552552127,en,open_library,authors,CORRECT,no
MB-049,9780552552127,en,open_library,language,CORRECT,no
MB-049,9780552552127,en,open_library,publisher,CORRECT,no
MB-049,9780552552127,en,open_library,publication_date,CORRECT,no
MB-049,9780552552127,en,open_library,page_count,CORRECT,no
MB-049,9780552552127,en,open_library,cover,CORRECT,no
MB-049,9780552552127,en,open_library,work_link,CORRECT,no
MB-049,9780552552127,en,open_library,series,MISSING,no
MB-049,9780552552127,en,open_library,series_position,MISSING,no
MB-049,9780552552127,en,open_library,subjects,CORRECT,no
MB-049,9780552552127,en,google_books,isbn_exact,CORRECT,no
MB-049,9780552552127,en,google_books,title,INCORRECT,no
MB-049,9780552552127,en,google_books,subtitle,MISSING,no
MB-049,9780552552127,en,google_books,authors,CORRECT,no
MB-049,9780552552127,en,google_books,language,CORRECT,no
MB-049,9780552552127,en,google_books,publisher,CORRECT,no
MB-049,9780552552127,en,google_books,publication_date,CORRECT,no
MB-049,9780552552127,en,google_books,page_count,INCORRECT,no
MB-049,9780552552127,en,google_books,cover,CORRECT,no
MB-049,9780552552127,en,google_books,work_link,MISSING,no
MB-049,9780552552127,en,google_books,series,MISSING,no
MB-049,9780552552127,en,google_books,series_position,MISSING,no
MB-049,9780552552127,en,google_books,subjects,CORRECT,no
MB-049,9780552552127,en,wikidata,isbn_exact,MISSING,no
MB-049,9780552552127,en,wikidata,title,MISSING,no
MB-049,9780552552127,en,wikidata,subtitle,MISSING,no
MB-049,9780552552127,en,wikidata,authors,MISSING,no
MB-049,9780552552127,en,wikidata,language,MISSING,no
MB-049,9780552552127,en,wikidata,publisher,MISSING,no
MB-049,9780552552127,en,wikidata,publication_date,MISSING,no
MB-049,9780552552127,en,wikidata,page_count,MISSING,no
MB-049,9780552552127,en,wikidata,cover,MISSING,no
MB-049,9780552552127,en,wikidata,work_link,MISSING,no
MB-049,9780552552127,en,wikidata,series,MISSING,no
MB-049,9780552552127,en,wikidata,series_position,MISSING,no
MB-049,9780552552127,en,wikidata,subjects,MISSING,no
MB-049,9780552552127,en,bookbrainz,isbn_exact,MISSING,no
MB-049,9780552552127,en,bookbrainz,title,MISSING,no
MB-049,9780552552127,en,bookbrainz,subtitle,MISSING,no
MB-049,9780552552127,en,bookbrainz,authors,MISSING,no
MB-049,9780552552127,en,bookbrainz,language,MISSING,no
MB-049,9780552552127,en,bookbrainz,publisher,MISSING,no
MB-049,9780552552127,en,bookbrainz,publication_date,MISSING,no
MB-049,9780552552127,en,bookbrainz,page_count,MISSING,no
MB-049,9780552552127,en,bookbrainz,cover,MISSING,no
MB-049,9780552552127,en,bookbrainz,work_link,MISSING,no
MB-049,9780552552127,en,bookbrainz,series,MISSING,no
MB-049,9780552552127,en,bookbrainz,series_position,MISSING,no
MB-049,9780552552127,en,bookbrainz,subjects,MISSING,no
MB-050,9780552774390,en,open_library,isbn_exact,CORRECT,no
MB-050,9780552774390,en,open_library,title,CORRECT,no
MB-050,9780552774390,en,open_library,subtitle,MISSING,no
MB-050,9780552774390,en,open_library,authors,CORRECT,no
MB-050,9780552774390,en,open_library,language,CORRECT,no
MB-050,9780552774390,en,open_library,publisher,CORRECT,no
MB-050,9780552774390,en,open_library,publication_date,CORRECT,no
MB-050,9780552774390,en,open_library,page_count,CORRECT,no
MB-050,9780552774390,en,open_library,cover,CORRECT,no
MB-050,9780552774390,en,open_library,work_link,CORRECT,no
MB-050,9780552774390,en,open_library,series,UNVERIFIABLE,no
MB-050,9780552774390,en,open_library,series_position,MISSING,no
MB-050,9780552774390,en,open_library,subjects,CORRECT,no
MB-050,9780552774390,en,google_books,isbn_exact,CORRECT,no
MB-050,9780552774390,en,google_books,title,INCORRECT,no
MB-050,9780552774390,en,google_books,subtitle,MISSING,no
MB-050,9780552774390,en,google_books,authors,CORRECT,no
MB-050,9780552774390,en,google_books,language,CORRECT,no
MB-050,9780552774390,en,google_books,publisher,INCORRECT,no
MB-050,9780552774390,en,google_books,publication_date,CORRECT,no
MB-050,9780552774390,en,google_books,page_count,INCORRECT,no
MB-050,9780552774390,en,google_books,cover,CORRECT,no
MB-050,9780552774390,en,google_books,work_link,MISSING,no
MB-050,9780552774390,en,google_books,series,MISSING,no
MB-050,9780552774390,en,google_books,series_position,MISSING,no
MB-050,9780552774390,en,google_books,subjects,CORRECT,no
MB-050,9780552774390,en,wikidata,isbn_exact,MISSING,no
MB-050,9780552774390,en,wikidata,title,MISSING,no
MB-050,9780552774390,en,wikidata,subtitle,MISSING,no
MB-050,9780552774390,en,wikidata,authors,MISSING,no
MB-050,9780552774390,en,wikidata,language,MISSING,no
MB-050,9780552774390,en,wikidata,publisher,MISSING,no
MB-050,9780552774390,en,wikidata,publication_date,MISSING,no
MB-050,9780552774390,en,wikidata,page_count,MISSING,no
MB-050,9780552774390,en,wikidata,cover,MISSING,no
MB-050,9780552774390,en,wikidata,work_link,MISSING,no
MB-050,9780552774390,en,wikidata,series,MISSING,no
MB-050,9780552774390,en,wikidata,series_position,MISSING,no
MB-050,9780552774390,en,wikidata,subjects,MISSING,no
MB-050,9780552774390,en,bookbrainz,isbn_exact,MISSING,no
MB-050,9780552774390,en,bookbrainz,title,MISSING,no
MB-050,9780552774390,en,bookbrainz,subtitle,MISSING,no
MB-050,9780552774390,en,bookbrainz,authors,MISSING,no
MB-050,9780552774390,en,bookbrainz,language,MISSING,no
MB-050,9780552774390,en,bookbrainz,publisher,MISSING,no
MB-050,9780552774390,en,bookbrainz,publication_date,MISSING,no
MB-050,9780552774390,en,bookbrainz,page_count,MISSING,no
MB-050,9780552774390,en,bookbrainz,cover,MISSING,no
MB-050,9780552774390,en,bookbrainz,work_link,MISSING,no
MB-050,9780552774390,en,bookbrainz,series,MISSING,no
MB-050,9780552774390,en,bookbrainz,series_position,MISSING,no
MB-050,9780552774390,en,bookbrainz,subjects,MISSING,no
MB-051,9780553573404,en,open_library,isbn_exact,CORRECT,no
MB-051,9780553573404,en,open_library,title,CORRECT,no
MB-051,9780553573404,en,open_library,subtitle,MISSING,no
MB-051,9780553573404,en,open_library,authors,MISSING,no
MB-051,9780553573404,en,open_library,language,CORRECT,no
MB-051,9780553573404,en,open_library,publisher,CORRECT,no
MB-051,9780553573404,en,open_library,publication_date,CORRECT,no
MB-051,9780553573404,en,open_library,page_count,UNVERIFIABLE,no
MB-051,9780553573404,en,open_library,cover,CORRECT,no
MB-051,9780553573404,en,open_library,work_link,CORRECT,no
MB-051,9780553573404,en,open_library,series,MISSING,yes
MB-051,9780553573404,en,open_library,series_position,MISSING,yes
MB-051,9780553573404,en,open_library,subjects,MISSING,no
MB-051,9780553573404,en,google_books,isbn_exact,INCORRECT,no
MB-051,9780553573404,en,google_books,title,CORRECT,no
MB-051,9780553573404,en,google_books,subtitle,MISSING,no
MB-051,9780553573404,en,google_books,authors,CORRECT,no
MB-051,9780553573404,en,google_books,language,CORRECT,no
MB-051,9780553573404,en,google_books,publisher,INCORRECT,no
MB-051,9780553573404,en,google_books,publication_date,INCORRECT,no
MB-051,9780553573404,en,google_books,page_count,UNVERIFIABLE,no
MB-051,9780553573404,en,google_books,cover,CORRECT,no
MB-051,9780553573404,en,google_books,work_link,MISSING,no
MB-051,9780553573404,en,google_books,series,MISSING,yes
MB-051,9780553573404,en,google_books,series_position,MISSING,yes
MB-051,9780553573404,en,google_books,subjects,CORRECT,no
MB-051,9780553573404,en,wikidata,isbn_exact,CORRECT,no
MB-051,9780553573404,en,wikidata,title,CORRECT,no
MB-051,9780553573404,en,wikidata,subtitle,MISSING,no
MB-051,9780553573404,en,wikidata,authors,MISSING,no
MB-051,9780553573404,en,wikidata,language,CORRECT,no
MB-051,9780553573404,en,wikidata,publisher,CORRECT,no
MB-051,9780553573404,en,wikidata,publication_date,INCORRECT,no
MB-051,9780553573404,en,wikidata,page_count,MISSING,no
MB-051,9780553573404,en,wikidata,cover,MISSING,no
MB-051,9780553573404,en,wikidata,work_link,CORRECT,no
MB-051,9780553573404,en,wikidata,series,MISSING,yes
MB-051,9780553573404,en,wikidata,series_position,MISSING,yes
MB-051,9780553573404,en,wikidata,subjects,MISSING,no
MB-051,9780553573404,en,bookbrainz,isbn_exact,CORRECT,no
MB-051,9780553573404,en,bookbrainz,title,CORRECT,no
MB-051,9780553573404,en,bookbrainz,subtitle,MISSING,no
MB-051,9780553573404,en,bookbrainz,authors,CORRECT,no
MB-051,9780553573404,en,bookbrainz,language,CORRECT,no
MB-051,9780553573404,en,bookbrainz,publisher,CORRECT,no
MB-051,9780553573404,en,bookbrainz,publication_date,CORRECT,no
MB-051,9780553573404,en,bookbrainz,page_count,UNVERIFIABLE,no
MB-051,9780553573404,en,bookbrainz,cover,MISSING,no
MB-051,9780553573404,en,bookbrainz,work_link,CORRECT,no
MB-051,9780553573404,en,bookbrainz,series,MISSING,yes
MB-051,9780553573404,en,bookbrainz,series_position,MISSING,yes
MB-051,9780553573404,en,bookbrainz,subjects,MISSING,no
MB-052,9780749928902,en,open_library,isbn_exact,CORRECT,no
MB-052,9780749928902,en,open_library,title,CORRECT,no
MB-052,9780749928902,en,open_library,subtitle,MISSING,no
MB-052,9780749928902,en,open_library,authors,CORRECT,no
MB-052,9780749928902,en,open_library,language,CORRECT,no
MB-052,9780749928902,en,open_library,publisher,CORRECT,no
MB-052,9780749928902,en,open_library,publication_date,CORRECT,no
MB-052,9780749928902,en,open_library,page_count,CORRECT,no
MB-052,9780749928902,en,open_library,cover,CORRECT,no
MB-052,9780749928902,en,open_library,work_link,CORRECT,no
MB-052,9780749928902,en,open_library,series,INCORRECT,yes
MB-052,9780749928902,en,open_library,series_position,MISSING,yes
MB-052,9780749928902,en,open_library,subjects,CORRECT,no
MB-052,9780749928902,en,google_books,isbn_exact,CORRECT,no
MB-052,9780749928902,en,google_books,title,CORRECT,no
MB-052,9780749928902,en,google_books,subtitle,MISSING,no
MB-052,9780749928902,en,google_books,authors,CORRECT,no
MB-052,9780749928902,en,google_books,language,CORRECT,no
MB-052,9780749928902,en,google_books,publisher,CORRECT,no
MB-052,9780749928902,en,google_books,publication_date,CORRECT,no
MB-052,9780749928902,en,google_books,page_count,INCORRECT,no
MB-052,9780749928902,en,google_books,cover,CORRECT,no
MB-052,9780749928902,en,google_books,work_link,MISSING,no
MB-052,9780749928902,en,google_books,series,MISSING,yes
MB-052,9780749928902,en,google_books,series_position,MISSING,yes
MB-052,9780749928902,en,google_books,subjects,CORRECT,no
MB-052,9780749928902,en,wikidata,isbn_exact,MISSING,no
MB-052,9780749928902,en,wikidata,title,MISSING,no
MB-052,9780749928902,en,wikidata,subtitle,MISSING,no
MB-052,9780749928902,en,wikidata,authors,MISSING,no
MB-052,9780749928902,en,wikidata,language,MISSING,no
MB-052,9780749928902,en,wikidata,publisher,MISSING,no
MB-052,9780749928902,en,wikidata,publication_date,MISSING,no
MB-052,9780749928902,en,wikidata,page_count,MISSING,no
MB-052,9780749928902,en,wikidata,cover,MISSING,no
MB-052,9780749928902,en,wikidata,work_link,MISSING,no
MB-052,9780749928902,en,wikidata,series,MISSING,yes
MB-052,9780749928902,en,wikidata,series_position,MISSING,yes
MB-052,9780749928902,en,wikidata,subjects,MISSING,no
MB-052,9780749928902,en,bookbrainz,isbn_exact,MISSING,no
MB-052,9780749928902,en,bookbrainz,title,MISSING,no
MB-052,9780749928902,en,bookbrainz,subtitle,MISSING,no
MB-052,9780749928902,en,bookbrainz,authors,MISSING,no
MB-052,9780749928902,en,bookbrainz,language,MISSING,no
MB-052,9780749928902,en,bookbrainz,publisher,MISSING,no
MB-052,9780749928902,en,bookbrainz,publication_date,MISSING,no
MB-052,9780749928902,en,bookbrainz,page_count,MISSING,no
MB-052,9780749928902,en,bookbrainz,cover,MISSING,no
MB-052,9780749928902,en,bookbrainz,work_link,MISSING,no
MB-052,9780749928902,en,bookbrainz,series,MISSING,yes
MB-052,9780749928902,en,bookbrainz,series_position,MISSING,yes
MB-052,9780749928902,en,bookbrainz,subjects,MISSING,no
MB-053,9780749942083,en,open_library,isbn_exact,CORRECT,no
MB-053,9780749942083,en,open_library,title,CORRECT,no
MB-053,9780749942083,en,open_library,subtitle,MISSING,no
MB-053,9780749942083,en,open_library,authors,CORRECT,no
MB-053,9780749942083,en,open_library,language,CORRECT,no
MB-053,9780749942083,en,open_library,publisher,CORRECT,no
MB-053,9780749942083,en,open_library,publication_date,CORRECT,no
MB-053,9780749942083,en,open_library,page_count,MISSING,no
MB-053,9780749942083,en,open_library,cover,MISSING,no
MB-053,9780749942083,en,open_library,work_link,CORRECT,no
MB-053,9780749942083,en,open_library,series,MISSING,no
MB-053,9780749942083,en,open_library,series_position,MISSING,no
MB-053,9780749942083,en,open_library,subjects,CORRECT,no
MB-053,9780749942083,en,google_books,isbn_exact,CORRECT,no
MB-053,9780749942083,en,google_books,title,CORRECT,no
MB-053,9780749942083,en,google_books,subtitle,MISSING,no
MB-053,9780749942083,en,google_books,authors,CORRECT,no
MB-053,9780749942083,en,google_books,language,CORRECT,no
MB-053,9780749942083,en,google_books,publisher,CORRECT,no
MB-053,9780749942083,en,google_books,publication_date,CORRECT,no
MB-053,9780749942083,en,google_books,page_count,UNVERIFIABLE,no
MB-053,9780749942083,en,google_books,cover,CORRECT,no
MB-053,9780749942083,en,google_books,work_link,MISSING,no
MB-053,9780749942083,en,google_books,series,MISSING,no
MB-053,9780749942083,en,google_books,series_position,MISSING,no
MB-053,9780749942083,en,google_books,subjects,MISSING,no
MB-053,9780749942083,en,wikidata,isbn_exact,MISSING,no
MB-053,9780749942083,en,wikidata,title,MISSING,no
MB-053,9780749942083,en,wikidata,subtitle,MISSING,no
MB-053,9780749942083,en,wikidata,authors,MISSING,no
MB-053,9780749942083,en,wikidata,language,MISSING,no
MB-053,9780749942083,en,wikidata,publisher,MISSING,no
MB-053,9780749942083,en,wikidata,publication_date,MISSING,no
MB-053,9780749942083,en,wikidata,page_count,MISSING,no
MB-053,9780749942083,en,wikidata,cover,MISSING,no
MB-053,9780749942083,en,wikidata,work_link,MISSING,no
MB-053,9780749942083,en,wikidata,series,MISSING,no
MB-053,9780749942083,en,wikidata,series_position,MISSING,no
MB-053,9780749942083,en,wikidata,subjects,MISSING,no
MB-053,9780749942083,en,bookbrainz,isbn_exact,MISSING,no
MB-053,9780749942083,en,bookbrainz,title,MISSING,no
MB-053,9780749942083,en,bookbrainz,subtitle,MISSING,no
MB-053,9780749942083,en,bookbrainz,authors,MISSING,no
MB-053,9780749942083,en,bookbrainz,language,MISSING,no
MB-053,9780749942083,en,bookbrainz,publisher,MISSING,no
MB-053,9780749942083,en,bookbrainz,publication_date,MISSING,no
MB-053,9780749942083,en,bookbrainz,page_count,MISSING,no
MB-053,9780749942083,en,bookbrainz,cover,MISSING,no
MB-053,9780749942083,en,bookbrainz,work_link,MISSING,no
MB-053,9780749942083,en,bookbrainz,series,MISSING,no
MB-053,9780749942083,en,bookbrainz,series_position,MISSING,no
MB-053,9780749942083,en,bookbrainz,subjects,MISSING,no
MB-054,9780749954161,en,open_library,isbn_exact,CORRECT,no
MB-054,9780749954161,en,open_library,title,CORRECT,no
MB-054,9780749954161,en,open_library,subtitle,MISSING,no
MB-054,9780749954161,en,open_library,authors,CORRECT,no
MB-054,9780749954161,en,open_library,language,CORRECT,no
MB-054,9780749954161,en,open_library,publisher,CORRECT,no
MB-054,9780749954161,en,open_library,publication_date,CORRECT,no
MB-054,9780749954161,en,open_library,page_count,MISSING,no
MB-054,9780749954161,en,open_library,cover,CORRECT,no
MB-054,9780749954161,en,open_library,work_link,CORRECT,no
MB-054,9780749954161,en,open_library,series,MISSING,yes
MB-054,9780749954161,en,open_library,series_position,MISSING,yes
MB-054,9780749954161,en,open_library,subjects,CORRECT,no
MB-054,9780749954161,en,google_books,isbn_exact,CORRECT,no
MB-054,9780749954161,en,google_books,title,CORRECT,no
MB-054,9780749954161,en,google_books,subtitle,MISSING,no
MB-054,9780749954161,en,google_books,authors,INCORRECT,no
MB-054,9780749954161,en,google_books,language,CORRECT,no
MB-054,9780749954161,en,google_books,publisher,INCORRECT,no
MB-054,9780749954161,en,google_books,publication_date,CORRECT,no
MB-054,9780749954161,en,google_books,page_count,MISSING,no
MB-054,9780749954161,en,google_books,cover,CORRECT,no
MB-054,9780749954161,en,google_books,work_link,MISSING,no
MB-054,9780749954161,en,google_books,series,MISSING,yes
MB-054,9780749954161,en,google_books,series_position,MISSING,yes
MB-054,9780749954161,en,google_books,subjects,CORRECT,no
MB-054,9780749954161,en,wikidata,isbn_exact,MISSING,no
MB-054,9780749954161,en,wikidata,title,MISSING,no
MB-054,9780749954161,en,wikidata,subtitle,MISSING,no
MB-054,9780749954161,en,wikidata,authors,MISSING,no
MB-054,9780749954161,en,wikidata,language,MISSING,no
MB-054,9780749954161,en,wikidata,publisher,MISSING,no
MB-054,9780749954161,en,wikidata,publication_date,MISSING,no
MB-054,9780749954161,en,wikidata,page_count,MISSING,no
MB-054,9780749954161,en,wikidata,cover,MISSING,no
MB-054,9780749954161,en,wikidata,work_link,MISSING,no
MB-054,9780749954161,en,wikidata,series,MISSING,yes
MB-054,9780749954161,en,wikidata,series_position,MISSING,yes
MB-054,9780749954161,en,wikidata,subjects,MISSING,no
MB-054,9780749954161,en,bookbrainz,isbn_exact,MISSING,no
MB-054,9780749954161,en,bookbrainz,title,MISSING,no
MB-054,9780749954161,en,bookbrainz,subtitle,MISSING,no
MB-054,9780749954161,en,bookbrainz,authors,MISSING,no
MB-054,9780749954161,en,bookbrainz,language,MISSING,no
MB-054,9780749954161,en,bookbrainz,publisher,MISSING,no
MB-054,9780749954161,en,bookbrainz,publication_date,MISSING,no
MB-054,9780749954161,en,bookbrainz,page_count,MISSING,no
MB-054,9780749954161,en,bookbrainz,cover,MISSING,no
MB-054,9780749954161,en,bookbrainz,work_link,MISSING,no
MB-054,9780749954161,en,bookbrainz,series,MISSING,yes
MB-054,9780749954161,en,bookbrainz,series_position,MISSING,yes
MB-054,9780749954161,en,bookbrainz,subjects,MISSING,no
MB-055,9780751565355,en,open_library,isbn_exact,CORRECT,no
MB-055,9780751565355,en,open_library,title,CORRECT,no
MB-055,9780751565355,en,open_library,subtitle,UNVERIFIABLE,no
MB-055,9780751565355,en,open_library,authors,CORRECT,no
MB-055,9780751565355,en,open_library,language,CORRECT,no
MB-055,9780751565355,en,open_library,publisher,CORRECT,no
MB-055,9780751565355,en,open_library,publication_date,CORRECT,no
MB-055,9780751565355,en,open_library,page_count,CORRECT,no
MB-055,9780751565355,en,open_library,cover,CORRECT,no
MB-055,9780751565355,en,open_library,work_link,CORRECT,no
MB-055,9780751565355,en,open_library,series,MISSING,no
MB-055,9780751565355,en,open_library,series_position,MISSING,no
MB-055,9780751565355,en,open_library,subjects,MISSING,no
MB-055,9780751565355,en,google_books,isbn_exact,CORRECT,no
MB-055,9780751565355,en,google_books,title,INCORRECT,no
MB-055,9780751565355,en,google_books,subtitle,UNVERIFIABLE,no
MB-055,9780751565355,en,google_books,authors,CORRECT,no
MB-055,9780751565355,en,google_books,language,CORRECT,no
MB-055,9780751565355,en,google_books,publisher,MISSING,no
MB-055,9780751565355,en,google_books,publication_date,CORRECT,no
MB-055,9780751565355,en,google_books,page_count,INCORRECT,no
MB-055,9780751565355,en,google_books,cover,CORRECT,no
MB-055,9780751565355,en,google_books,work_link,MISSING,no
MB-055,9780751565355,en,google_books,series,MISSING,no
MB-055,9780751565355,en,google_books,series_position,MISSING,no
MB-055,9780751565355,en,google_books,subjects,MISSING,no
MB-055,9780751565355,en,wikidata,isbn_exact,CORRECT,no
MB-055,9780751565355,en,wikidata,title,INCORRECT,no
MB-055,9780751565355,en,wikidata,subtitle,MISSING,no
MB-055,9780751565355,en,wikidata,authors,CORRECT,no
MB-055,9780751565355,en,wikidata,language,CORRECT,no
MB-055,9780751565355,en,wikidata,publisher,MISSING,no
MB-055,9780751565355,en,wikidata,publication_date,CORRECT,no
MB-055,9780751565355,en,wikidata,page_count,INCORRECT,no
MB-055,9780751565355,en,wikidata,cover,CORRECT,no
MB-055,9780751565355,en,wikidata,work_link,MISSING,no
MB-055,9780751565355,en,wikidata,series,UNVERIFIABLE,no
MB-055,9780751565355,en,wikidata,series_position,MISSING,no
MB-055,9780751565355,en,wikidata,subjects,MISSING,no
MB-055,9780751565355,en,bookbrainz,isbn_exact,MISSING,no
MB-055,9780751565355,en,bookbrainz,title,MISSING,no
MB-055,9780751565355,en,bookbrainz,subtitle,MISSING,no
MB-055,9780751565355,en,bookbrainz,authors,MISSING,no
MB-055,9780751565355,en,bookbrainz,language,MISSING,no
MB-055,9780751565355,en,bookbrainz,publisher,MISSING,no
MB-055,9780751565355,en,bookbrainz,publication_date,MISSING,no
MB-055,9780751565355,en,bookbrainz,page_count,MISSING,no
MB-055,9780751565355,en,bookbrainz,cover,MISSING,no
MB-055,9780751565355,en,bookbrainz,work_link,MISSING,no
MB-055,9780751565355,en,bookbrainz,series,MISSING,no
MB-055,9780751565355,en,bookbrainz,series_position,MISSING,no
MB-055,9780751565355,en,bookbrainz,subjects,MISSING,no
MB-056,9780778326687,en,open_library,isbn_exact,CORRECT,no
MB-056,9780778326687,en,open_library,title,CORRECT,no
MB-056,9780778326687,en,open_library,subtitle,MISSING,no
MB-056,9780778326687,en,open_library,authors,CORRECT,no
MB-056,9780778326687,en,open_library,language,CORRECT,no
MB-056,9780778326687,en,open_library,publisher,CORRECT,no
MB-056,9780778326687,en,open_library,publication_date,CORRECT,no
MB-056,9780778326687,en,open_library,page_count,CORRECT,no
MB-056,9780778326687,en,open_library,cover,CORRECT,no
MB-056,9780778326687,en,open_library,work_link,CORRECT,no
MB-056,9780778326687,en,open_library,series,UNVERIFIABLE,no
MB-056,9780778326687,en,open_library,series_position,MISSING,no
MB-056,9780778326687,en,open_library,subjects,CORRECT,no
MB-056,9780778326687,en,google_books,isbn_exact,CORRECT,no
MB-056,9780778326687,en,google_books,title,CORRECT,no
MB-056,9780778326687,en,google_books,subtitle,MISSING,no
MB-056,9780778326687,en,google_books,authors,CORRECT,no
MB-056,9780778326687,en,google_books,language,CORRECT,no
MB-056,9780778326687,en,google_books,publisher,CORRECT,no
MB-056,9780778326687,en,google_books,publication_date,CORRECT,no
MB-056,9780778326687,en,google_books,page_count,MISSING,no
MB-056,9780778326687,en,google_books,cover,CORRECT,no
MB-056,9780778326687,en,google_books,work_link,MISSING,no
MB-056,9780778326687,en,google_books,series,MISSING,no
MB-056,9780778326687,en,google_books,series_position,MISSING,no
MB-056,9780778326687,en,google_books,subjects,CORRECT,no
MB-056,9780778326687,en,wikidata,isbn_exact,MISSING,no
MB-056,9780778326687,en,wikidata,title,MISSING,no
MB-056,9780778326687,en,wikidata,subtitle,MISSING,no
MB-056,9780778326687,en,wikidata,authors,MISSING,no
MB-056,9780778326687,en,wikidata,language,MISSING,no
MB-056,9780778326687,en,wikidata,publisher,MISSING,no
MB-056,9780778326687,en,wikidata,publication_date,MISSING,no
MB-056,9780778326687,en,wikidata,page_count,MISSING,no
MB-056,9780778326687,en,wikidata,cover,MISSING,no
MB-056,9780778326687,en,wikidata,work_link,MISSING,no
MB-056,9780778326687,en,wikidata,series,MISSING,no
MB-056,9780778326687,en,wikidata,series_position,MISSING,no
MB-056,9780778326687,en,wikidata,subjects,MISSING,no
MB-056,9780778326687,en,bookbrainz,isbn_exact,MISSING,no
MB-056,9780778326687,en,bookbrainz,title,MISSING,no
MB-056,9780778326687,en,bookbrainz,subtitle,MISSING,no
MB-056,9780778326687,en,bookbrainz,authors,MISSING,no
MB-056,9780778326687,en,bookbrainz,language,MISSING,no
MB-056,9780778326687,en,bookbrainz,publisher,MISSING,no
MB-056,9780778326687,en,bookbrainz,publication_date,MISSING,no
MB-056,9780778326687,en,bookbrainz,page_count,MISSING,no
MB-056,9780778326687,en,bookbrainz,cover,MISSING,no
MB-056,9780778326687,en,bookbrainz,work_link,MISSING,no
MB-056,9780778326687,en,bookbrainz,series,MISSING,no
MB-056,9780778326687,en,bookbrainz,series_position,MISSING,no
MB-056,9780778326687,en,bookbrainz,subjects,MISSING,no
MB-057,9780887331251,en,open_library,isbn_exact,CORRECT,no
MB-057,9780887331251,en,open_library,title,INCORRECT,no
MB-057,9780887331251,en,open_library,subtitle,MISSING,no
MB-057,9780887331251,en,open_library,authors,CORRECT,no
MB-057,9780887331251,en,open_library,language,CORRECT,no
MB-057,9780887331251,en,open_library,publisher,CORRECT,no
MB-057,9780887331251,en,open_library,publication_date,INCORRECT,no
MB-057,9780887331251,en,open_library,page_count,UNVERIFIABLE,no
MB-057,9780887331251,en,open_library,cover,CORRECT,no
MB-057,9780887331251,en,open_library,work_link,CORRECT,no
MB-057,9780887331251,en,open_library,series,UNVERIFIABLE,no
MB-057,9780887331251,en,open_library,series_position,MISSING,no
MB-057,9780887331251,en,open_library,subjects,CORRECT,no
MB-057,9780887331251,en,google_books,isbn_exact,CORRECT,no
MB-057,9780887331251,en,google_books,title,CORRECT,no
MB-057,9780887331251,en,google_books,subtitle,MISSING,no
MB-057,9780887331251,en,google_books,authors,CORRECT,no
MB-057,9780887331251,en,google_books,language,CORRECT,no
MB-057,9780887331251,en,google_books,publisher,CORRECT,no
MB-057,9780887331251,en,google_books,publication_date,INCORRECT,no
MB-057,9780887331251,en,google_books,page_count,UNVERIFIABLE,no
MB-057,9780887331251,en,google_books,cover,MISSING,no
MB-057,9780887331251,en,google_books,work_link,MISSING,no
MB-057,9780887331251,en,google_books,series,MISSING,no
MB-057,9780887331251,en,google_books,series_position,MISSING,no
MB-057,9780887331251,en,google_books,subjects,CORRECT,no
MB-057,9780887331251,en,wikidata,isbn_exact,MISSING,no
MB-057,9780887331251,en,wikidata,title,MISSING,no
MB-057,9780887331251,en,wikidata,subtitle,MISSING,no
MB-057,9780887331251,en,wikidata,authors,MISSING,no
MB-057,9780887331251,en,wikidata,language,MISSING,no
MB-057,9780887331251,en,wikidata,publisher,MISSING,no
MB-057,9780887331251,en,wikidata,publication_date,MISSING,no
MB-057,9780887331251,en,wikidata,page_count,MISSING,no
MB-057,9780887331251,en,wikidata,cover,MISSING,no
MB-057,9780887331251,en,wikidata,work_link,MISSING,no
MB-057,9780887331251,en,wikidata,series,MISSING,no
MB-057,9780887331251,en,wikidata,series_position,MISSING,no
MB-057,9780887331251,en,wikidata,subjects,MISSING,no
MB-057,9780887331251,en,bookbrainz,isbn_exact,MISSING,no
MB-057,9780887331251,en,bookbrainz,title,MISSING,no
MB-057,9780887331251,en,bookbrainz,subtitle,MISSING,no
MB-057,9780887331251,en,bookbrainz,authors,MISSING,no
MB-057,9780887331251,en,bookbrainz,language,MISSING,no
MB-057,9780887331251,en,bookbrainz,publisher,MISSING,no
MB-057,9780887331251,en,bookbrainz,publication_date,MISSING,no
MB-057,9780887331251,en,bookbrainz,page_count,MISSING,no
MB-057,9780887331251,en,bookbrainz,cover,MISSING,no
MB-057,9780887331251,en,bookbrainz,work_link,MISSING,no
MB-057,9780887331251,en,bookbrainz,series,MISSING,no
MB-057,9780887331251,en,bookbrainz,series_position,MISSING,no
MB-057,9780887331251,en,bookbrainz,subjects,MISSING,no
MB-058,9781250211101,en,open_library,isbn_exact,CORRECT,no
MB-058,9781250211101,en,open_library,title,CORRECT,no
MB-058,9781250211101,en,open_library,subtitle,MISSING,no
MB-058,9781250211101,en,open_library,authors,CORRECT,no
MB-058,9781250211101,en,open_library,language,CORRECT,no
MB-058,9781250211101,en,open_library,publisher,CORRECT,no
MB-058,9781250211101,en,open_library,publication_date,CORRECT,no
MB-058,9781250211101,en,open_library,page_count,MISSING,no
MB-058,9781250211101,en,open_library,cover,CORRECT,no
MB-058,9781250211101,en,open_library,work_link,CORRECT,no
MB-058,9781250211101,en,open_library,series,MISSING,yes
MB-058,9781250211101,en,open_library,series_position,MISSING,no
MB-058,9781250211101,en,open_library,subjects,MISSING,no
MB-058,9781250211101,en,google_books,isbn_exact,CORRECT,no
MB-058,9781250211101,en,google_books,title,INCORRECT,no
MB-058,9781250211101,en,google_books,subtitle,UNVERIFIABLE,no
MB-058,9781250211101,en,google_books,authors,CORRECT,no
MB-058,9781250211101,en,google_books,language,CORRECT,no
MB-058,9781250211101,en,google_books,publisher,INCORRECT,no
MB-058,9781250211101,en,google_books,publication_date,CORRECT,no
MB-058,9781250211101,en,google_books,page_count,MISSING,no
MB-058,9781250211101,en,google_books,cover,CORRECT,no
MB-058,9781250211101,en,google_books,work_link,MISSING,no
MB-058,9781250211101,en,google_books,series,MISSING,yes
MB-058,9781250211101,en,google_books,series_position,MISSING,no
MB-058,9781250211101,en,google_books,subjects,CORRECT,no
MB-058,9781250211101,en,wikidata,isbn_exact,MISSING,no
MB-058,9781250211101,en,wikidata,title,MISSING,no
MB-058,9781250211101,en,wikidata,subtitle,MISSING,no
MB-058,9781250211101,en,wikidata,authors,MISSING,no
MB-058,9781250211101,en,wikidata,language,MISSING,no
MB-058,9781250211101,en,wikidata,publisher,MISSING,no
MB-058,9781250211101,en,wikidata,publication_date,MISSING,no
MB-058,9781250211101,en,wikidata,page_count,MISSING,no
MB-058,9781250211101,en,wikidata,cover,MISSING,no
MB-058,9781250211101,en,wikidata,work_link,MISSING,no
MB-058,9781250211101,en,wikidata,series,MISSING,yes
MB-058,9781250211101,en,wikidata,series_position,MISSING,no
MB-058,9781250211101,en,wikidata,subjects,MISSING,no
MB-058,9781250211101,en,bookbrainz,isbn_exact,MISSING,no
MB-058,9781250211101,en,bookbrainz,title,MISSING,no
MB-058,9781250211101,en,bookbrainz,subtitle,MISSING,no
MB-058,9781250211101,en,bookbrainz,authors,MISSING,no
MB-058,9781250211101,en,bookbrainz,language,MISSING,no
MB-058,9781250211101,en,bookbrainz,publisher,MISSING,no
MB-058,9781250211101,en,bookbrainz,publication_date,MISSING,no
MB-058,9781250211101,en,bookbrainz,page_count,MISSING,no
MB-058,9781250211101,en,bookbrainz,cover,MISSING,no
MB-058,9781250211101,en,bookbrainz,work_link,MISSING,no
MB-058,9781250211101,en,bookbrainz,series,MISSING,yes
MB-058,9781250211101,en,bookbrainz,series_position,MISSING,no
MB-058,9781250211101,en,bookbrainz,subjects,MISSING,no
MB-059,9781399624046,en,open_library,isbn_exact,MISSING,no
MB-059,9781399624046,en,open_library,title,MISSING,no
MB-059,9781399624046,en,open_library,subtitle,MISSING,no
MB-059,9781399624046,en,open_library,authors,MISSING,no
MB-059,9781399624046,en,open_library,language,MISSING,no
MB-059,9781399624046,en,open_library,publisher,MISSING,no
MB-059,9781399624046,en,open_library,publication_date,MISSING,no
MB-059,9781399624046,en,open_library,page_count,MISSING,no
MB-059,9781399624046,en,open_library,cover,MISSING,no
MB-059,9781399624046,en,open_library,work_link,MISSING,no
MB-059,9781399624046,en,open_library,series,MISSING,no
MB-059,9781399624046,en,open_library,series_position,MISSING,no
MB-059,9781399624046,en,open_library,subjects,MISSING,no
MB-059,9781399624046,en,google_books,isbn_exact,CORRECT,no
MB-059,9781399624046,en,google_books,title,CORRECT,no
MB-059,9781399624046,en,google_books,subtitle,UNVERIFIABLE,no
MB-059,9781399624046,en,google_books,authors,CORRECT,no
MB-059,9781399624046,en,google_books,language,CORRECT,no
MB-059,9781399624046,en,google_books,publisher,CORRECT,no
MB-059,9781399624046,en,google_books,publication_date,CORRECT,no
MB-059,9781399624046,en,google_books,page_count,MISSING,no
MB-059,9781399624046,en,google_books,cover,CORRECT,no
MB-059,9781399624046,en,google_books,work_link,MISSING,no
MB-059,9781399624046,en,google_books,series,MISSING,no
MB-059,9781399624046,en,google_books,series_position,MISSING,no
MB-059,9781399624046,en,google_books,subjects,CORRECT,no
MB-059,9781399624046,en,wikidata,isbn_exact,MISSING,no
MB-059,9781399624046,en,wikidata,title,MISSING,no
MB-059,9781399624046,en,wikidata,subtitle,MISSING,no
MB-059,9781399624046,en,wikidata,authors,MISSING,no
MB-059,9781399624046,en,wikidata,language,MISSING,no
MB-059,9781399624046,en,wikidata,publisher,MISSING,no
MB-059,9781399624046,en,wikidata,publication_date,MISSING,no
MB-059,9781399624046,en,wikidata,page_count,MISSING,no
MB-059,9781399624046,en,wikidata,cover,MISSING,no
MB-059,9781399624046,en,wikidata,work_link,MISSING,no
MB-059,9781399624046,en,wikidata,series,MISSING,no
MB-059,9781399624046,en,wikidata,series_position,MISSING,no
MB-059,9781399624046,en,wikidata,subjects,MISSING,no
MB-059,9781399624046,en,bookbrainz,isbn_exact,MISSING,no
MB-059,9781399624046,en,bookbrainz,title,MISSING,no
MB-059,9781399624046,en,bookbrainz,subtitle,MISSING,no
MB-059,9781399624046,en,bookbrainz,authors,MISSING,no
MB-059,9781399624046,en,bookbrainz,language,MISSING,no
MB-059,9781399624046,en,bookbrainz,publisher,MISSING,no
MB-059,9781399624046,en,bookbrainz,publication_date,MISSING,no
MB-059,9781399624046,en,bookbrainz,page_count,MISSING,no
MB-059,9781399624046,en,bookbrainz,cover,MISSING,no
MB-059,9781399624046,en,bookbrainz,work_link,MISSING,no
MB-059,9781399624046,en,bookbrainz,series,MISSING,no
MB-059,9781399624046,en,bookbrainz,series_position,MISSING,no
MB-059,9781399624046,en,bookbrainz,subjects,MISSING,no
MB-060,9781405911429,en,open_library,isbn_exact,CORRECT,no
MB-060,9781405911429,en,open_library,title,CORRECT,no
MB-060,9781405911429,en,open_library,subtitle,MISSING,no
MB-060,9781405911429,en,open_library,authors,CORRECT,no
MB-060,9781405911429,en,open_library,language,CORRECT,no
MB-060,9781405911429,en,open_library,publisher,CORRECT,no
MB-060,9781405911429,en,open_library,publication_date,CORRECT,no
MB-060,9781405911429,en,open_library,page_count,CORRECT,no
MB-060,9781405911429,en,open_library,cover,CORRECT,no
MB-060,9781405911429,en,open_library,work_link,CORRECT,no
MB-060,9781405911429,en,open_library,series,MISSING,no
MB-060,9781405911429,en,open_library,series_position,MISSING,no
MB-060,9781405911429,en,open_library,subjects,CORRECT,no
MB-060,9781405911429,en,google_books,isbn_exact,CORRECT,no
MB-060,9781405911429,en,google_books,title,CORRECT,no
MB-060,9781405911429,en,google_books,subtitle,MISSING,no
MB-060,9781405911429,en,google_books,authors,CORRECT,no
MB-060,9781405911429,en,google_books,language,CORRECT,no
MB-060,9781405911429,en,google_books,publisher,CORRECT,no
MB-060,9781405911429,en,google_books,publication_date,CORRECT,no
MB-060,9781405911429,en,google_books,page_count,INCORRECT,no
MB-060,9781405911429,en,google_books,cover,CORRECT,no
MB-060,9781405911429,en,google_books,work_link,MISSING,no
MB-060,9781405911429,en,google_books,series,MISSING,no
MB-060,9781405911429,en,google_books,series_position,MISSING,no
MB-060,9781405911429,en,google_books,subjects,CORRECT,no
MB-060,9781405911429,en,wikidata,isbn_exact,MISSING,no
MB-060,9781405911429,en,wikidata,title,MISSING,no
MB-060,9781405911429,en,wikidata,subtitle,MISSING,no
MB-060,9781405911429,en,wikidata,authors,MISSING,no
MB-060,9781405911429,en,wikidata,language,MISSING,no
MB-060,9781405911429,en,wikidata,publisher,MISSING,no
MB-060,9781405911429,en,wikidata,publication_date,MISSING,no
MB-060,9781405911429,en,wikidata,page_count,MISSING,no
MB-060,9781405911429,en,wikidata,cover,MISSING,no
MB-060,9781405911429,en,wikidata,work_link,MISSING,no
MB-060,9781405911429,en,wikidata,series,MISSING,no
MB-060,9781405911429,en,wikidata,series_position,MISSING,no
MB-060,9781405911429,en,wikidata,subjects,MISSING,no
MB-060,9781405911429,en,bookbrainz,isbn_exact,MISSING,no
MB-060,9781405911429,en,bookbrainz,title,MISSING,no
MB-060,9781405911429,en,bookbrainz,subtitle,MISSING,no
MB-060,9781405911429,en,bookbrainz,authors,MISSING,no
MB-060,9781405911429,en,bookbrainz,language,MISSING,no
MB-060,9781405911429,en,bookbrainz,publisher,MISSING,no
MB-060,9781405911429,en,bookbrainz,publication_date,MISSING,no
MB-060,9781405911429,en,bookbrainz,page_count,MISSING,no
MB-060,9781405911429,en,bookbrainz,cover,MISSING,no
MB-060,9781405911429,en,bookbrainz,work_link,MISSING,no
MB-060,9781405911429,en,bookbrainz,series,MISSING,no
MB-060,9781405911429,en,bookbrainz,series_position,MISSING,no
MB-060,9781405911429,en,bookbrainz,subjects,MISSING,no
MB-061,9781405936552,en,open_library,isbn_exact,CORRECT,no
MB-061,9781405936552,en,open_library,title,CORRECT,no
MB-061,9781405936552,en,open_library,subtitle,MISSING,no
MB-061,9781405936552,en,open_library,authors,CORRECT,no
MB-061,9781405936552,en,open_library,language,CORRECT,no
MB-061,9781405936552,en,open_library,publisher,CORRECT,no
MB-061,9781405936552,en,open_library,publication_date,CORRECT,no
MB-061,9781405936552,en,open_library,page_count,CORRECT,no
MB-061,9781405936552,en,open_library,cover,MISSING,no
MB-061,9781405936552,en,open_library,work_link,CORRECT,no
MB-061,9781405936552,en,open_library,series,MISSING,no
MB-061,9781405936552,en,open_library,series_position,MISSING,no
MB-061,9781405936552,en,open_library,subjects,CORRECT,no
MB-061,9781405936552,en,google_books,isbn_exact,CORRECT,no
MB-061,9781405936552,en,google_books,title,CORRECT,no
MB-061,9781405936552,en,google_books,subtitle,MISSING,no
MB-061,9781405936552,en,google_books,authors,CORRECT,no
MB-061,9781405936552,en,google_books,language,CORRECT,no
MB-061,9781405936552,en,google_books,publisher,INCORRECT,no
MB-061,9781405936552,en,google_books,publication_date,CORRECT,no
MB-061,9781405936552,en,google_books,page_count,CORRECT,no
MB-061,9781405936552,en,google_books,cover,CORRECT,no
MB-061,9781405936552,en,google_books,work_link,MISSING,no
MB-061,9781405936552,en,google_books,series,MISSING,no
MB-061,9781405936552,en,google_books,series_position,MISSING,no
MB-061,9781405936552,en,google_books,subjects,MISSING,no
MB-061,9781405936552,en,wikidata,isbn_exact,MISSING,no
MB-061,9781405936552,en,wikidata,title,MISSING,no
MB-061,9781405936552,en,wikidata,subtitle,MISSING,no
MB-061,9781405936552,en,wikidata,authors,MISSING,no
MB-061,9781405936552,en,wikidata,language,MISSING,no
MB-061,9781405936552,en,wikidata,publisher,MISSING,no
MB-061,9781405936552,en,wikidata,publication_date,MISSING,no
MB-061,9781405936552,en,wikidata,page_count,MISSING,no
MB-061,9781405936552,en,wikidata,cover,MISSING,no
MB-061,9781405936552,en,wikidata,work_link,MISSING,no
MB-061,9781405936552,en,wikidata,series,MISSING,no
MB-061,9781405936552,en,wikidata,series_position,MISSING,no
MB-061,9781405936552,en,wikidata,subjects,MISSING,no
MB-061,9781405936552,en,bookbrainz,isbn_exact,MISSING,no
MB-061,9781405936552,en,bookbrainz,title,MISSING,no
MB-061,9781405936552,en,bookbrainz,subtitle,MISSING,no
MB-061,9781405936552,en,bookbrainz,authors,MISSING,no
MB-061,9781405936552,en,bookbrainz,language,MISSING,no
MB-061,9781405936552,en,bookbrainz,publisher,MISSING,no
MB-061,9781405936552,en,bookbrainz,publication_date,MISSING,no
MB-061,9781405936552,en,bookbrainz,page_count,MISSING,no
MB-061,9781405936552,en,bookbrainz,cover,MISSING,no
MB-061,9781405936552,en,bookbrainz,work_link,MISSING,no
MB-061,9781405936552,en,bookbrainz,series,MISSING,no
MB-061,9781405936552,en,bookbrainz,series_position,MISSING,no
MB-061,9781405936552,en,bookbrainz,subjects,MISSING,no
MB-062,9781471136726,en,open_library,isbn_exact,CORRECT,no
MB-062,9781471136726,en,open_library,title,CORRECT,no
MB-062,9781471136726,en,open_library,subtitle,MISSING,no
MB-062,9781471136726,en,open_library,authors,CORRECT,no
MB-062,9781471136726,en,open_library,language,CORRECT,no
MB-062,9781471136726,en,open_library,publisher,CORRECT,no
MB-062,9781471136726,en,open_library,publication_date,CORRECT,no
MB-062,9781471136726,en,open_library,page_count,MISSING,no
MB-062,9781471136726,en,open_library,cover,MISSING,no
MB-062,9781471136726,en,open_library,work_link,CORRECT,no
MB-062,9781471136726,en,open_library,series,MISSING,no
MB-062,9781471136726,en,open_library,series_position,MISSING,no
MB-062,9781471136726,en,open_library,subjects,CORRECT,no
MB-062,9781471136726,en,google_books,isbn_exact,CORRECT,no
MB-062,9781471136726,en,google_books,title,CORRECT,no
MB-062,9781471136726,en,google_books,subtitle,MISSING,no
MB-062,9781471136726,en,google_books,authors,CORRECT,no
MB-062,9781471136726,en,google_books,language,CORRECT,no
MB-062,9781471136726,en,google_books,publisher,CORRECT,no
MB-062,9781471136726,en,google_books,publication_date,CORRECT,no
MB-062,9781471136726,en,google_books,page_count,MISSING,no
MB-062,9781471136726,en,google_books,cover,CORRECT,no
MB-062,9781471136726,en,google_books,work_link,MISSING,no
MB-062,9781471136726,en,google_books,series,MISSING,no
MB-062,9781471136726,en,google_books,series_position,MISSING,no
MB-062,9781471136726,en,google_books,subjects,CORRECT,no
MB-062,9781471136726,en,wikidata,isbn_exact,MISSING,no
MB-062,9781471136726,en,wikidata,title,MISSING,no
MB-062,9781471136726,en,wikidata,subtitle,MISSING,no
MB-062,9781471136726,en,wikidata,authors,MISSING,no
MB-062,9781471136726,en,wikidata,language,MISSING,no
MB-062,9781471136726,en,wikidata,publisher,MISSING,no
MB-062,9781471136726,en,wikidata,publication_date,MISSING,no
MB-062,9781471136726,en,wikidata,page_count,MISSING,no
MB-062,9781471136726,en,wikidata,cover,MISSING,no
MB-062,9781471136726,en,wikidata,work_link,MISSING,no
MB-062,9781471136726,en,wikidata,series,MISSING,no
MB-062,9781471136726,en,wikidata,series_position,MISSING,no
MB-062,9781471136726,en,wikidata,subjects,MISSING,no
MB-062,9781471136726,en,bookbrainz,isbn_exact,MISSING,no
MB-062,9781471136726,en,bookbrainz,title,MISSING,no
MB-062,9781471136726,en,bookbrainz,subtitle,MISSING,no
MB-062,9781471136726,en,bookbrainz,authors,MISSING,no
MB-062,9781471136726,en,bookbrainz,language,MISSING,no
MB-062,9781471136726,en,bookbrainz,publisher,MISSING,no
MB-062,9781471136726,en,bookbrainz,publication_date,MISSING,no
MB-062,9781471136726,en,bookbrainz,page_count,MISSING,no
MB-062,9781471136726,en,bookbrainz,cover,MISSING,no
MB-062,9781471136726,en,bookbrainz,work_link,MISSING,no
MB-062,9781471136726,en,bookbrainz,series,MISSING,no
MB-062,9781471136726,en,bookbrainz,series_position,MISSING,no
MB-062,9781471136726,en,bookbrainz,subjects,MISSING,no
MB-063,9781471156267,en,open_library,isbn_exact,CORRECT,no
MB-063,9781471156267,en,open_library,title,CORRECT,no
MB-063,9781471156267,en,open_library,subtitle,MISSING,no
MB-063,9781471156267,en,open_library,authors,CORRECT,no
MB-063,9781471156267,en,open_library,language,CORRECT,no
MB-063,9781471156267,en,open_library,publisher,CORRECT,no
MB-063,9781471156267,en,open_library,publication_date,CORRECT,no
MB-063,9781471156267,en,open_library,page_count,CORRECT,no
MB-063,9781471156267,en,open_library,cover,CORRECT,no
MB-063,9781471156267,en,open_library,work_link,CORRECT,no
MB-063,9781471156267,en,open_library,series,UNVERIFIABLE,no
MB-063,9781471156267,en,open_library,series_position,MISSING,no
MB-063,9781471156267,en,open_library,subjects,CORRECT,no
MB-063,9781471156267,en,google_books,isbn_exact,CORRECT,no
MB-063,9781471156267,en,google_books,title,CORRECT,no
MB-063,9781471156267,en,google_books,subtitle,MISSING,no
MB-063,9781471156267,en,google_books,authors,CORRECT,no
MB-063,9781471156267,en,google_books,language,CORRECT,no
MB-063,9781471156267,en,google_books,publisher,INCORRECT,no
MB-063,9781471156267,en,google_books,publication_date,CORRECT,no
MB-063,9781471156267,en,google_books,page_count,MISSING,no
MB-063,9781471156267,en,google_books,cover,CORRECT,no
MB-063,9781471156267,en,google_books,work_link,MISSING,no
MB-063,9781471156267,en,google_books,series,MISSING,no
MB-063,9781471156267,en,google_books,series_position,MISSING,no
MB-063,9781471156267,en,google_books,subjects,CORRECT,no
MB-063,9781471156267,en,wikidata,isbn_exact,MISSING,no
MB-063,9781471156267,en,wikidata,title,MISSING,no
MB-063,9781471156267,en,wikidata,subtitle,MISSING,no
MB-063,9781471156267,en,wikidata,authors,MISSING,no
MB-063,9781471156267,en,wikidata,language,MISSING,no
MB-063,9781471156267,en,wikidata,publisher,MISSING,no
MB-063,9781471156267,en,wikidata,publication_date,MISSING,no
MB-063,9781471156267,en,wikidata,page_count,MISSING,no
MB-063,9781471156267,en,wikidata,cover,MISSING,no
MB-063,9781471156267,en,wikidata,work_link,MISSING,no
MB-063,9781471156267,en,wikidata,series,MISSING,no
MB-063,9781471156267,en,wikidata,series_position,MISSING,no
MB-063,9781471156267,en,wikidata,subjects,MISSING,no
MB-063,9781471156267,en,bookbrainz,isbn_exact,MISSING,no
MB-063,9781471156267,en,bookbrainz,title,MISSING,no
MB-063,9781471156267,en,bookbrainz,subtitle,MISSING,no
MB-063,9781471156267,en,bookbrainz,authors,MISSING,no
MB-063,9781471156267,en,bookbrainz,language,MISSING,no
MB-063,9781471156267,en,bookbrainz,publisher,MISSING,no
MB-063,9781471156267,en,bookbrainz,publication_date,MISSING,no
MB-063,9781471156267,en,bookbrainz,page_count,MISSING,no
MB-063,9781471156267,en,bookbrainz,cover,MISSING,no
MB-063,9781471156267,en,bookbrainz,work_link,MISSING,no
MB-063,9781471156267,en,bookbrainz,series,MISSING,no
MB-063,9781471156267,en,bookbrainz,series_position,MISSING,no
MB-063,9781471156267,en,bookbrainz,subjects,MISSING,no
MB-064,9781471167614,en,open_library,isbn_exact,CORRECT,no
MB-064,9781471167614,en,open_library,title,CORRECT,no
MB-064,9781471167614,en,open_library,subtitle,MISSING,no
MB-064,9781471167614,en,open_library,authors,CORRECT,no
MB-064,9781471167614,en,open_library,language,CORRECT,no
MB-064,9781471167614,en,open_library,publisher,CORRECT,no
MB-064,9781471167614,en,open_library,publication_date,CORRECT,no
MB-064,9781471167614,en,open_library,page_count,MISSING,no
MB-064,9781471167614,en,open_library,cover,MISSING,no
MB-064,9781471167614,en,open_library,work_link,CORRECT,no
MB-064,9781471167614,en,open_library,series,MISSING,no
MB-064,9781471167614,en,open_library,series_position,MISSING,no
MB-064,9781471167614,en,open_library,subjects,CORRECT,no
MB-064,9781471167614,en,google_books,isbn_exact,CORRECT,no
MB-064,9781471167614,en,google_books,title,CORRECT,no
MB-064,9781471167614,en,google_books,subtitle,MISSING,no
MB-064,9781471167614,en,google_books,authors,CORRECT,no
MB-064,9781471167614,en,google_books,language,CORRECT,no
MB-064,9781471167614,en,google_books,publisher,MISSING,no
MB-064,9781471167614,en,google_books,publication_date,CORRECT,no
MB-064,9781471167614,en,google_books,page_count,UNVERIFIABLE,no
MB-064,9781471167614,en,google_books,cover,CORRECT,no
MB-064,9781471167614,en,google_books,work_link,MISSING,no
MB-064,9781471167614,en,google_books,series,MISSING,no
MB-064,9781471167614,en,google_books,series_position,MISSING,no
MB-064,9781471167614,en,google_books,subjects,MISSING,no
MB-064,9781471167614,en,wikidata,isbn_exact,MISSING,no
MB-064,9781471167614,en,wikidata,title,MISSING,no
MB-064,9781471167614,en,wikidata,subtitle,MISSING,no
MB-064,9781471167614,en,wikidata,authors,MISSING,no
MB-064,9781471167614,en,wikidata,language,MISSING,no
MB-064,9781471167614,en,wikidata,publisher,MISSING,no
MB-064,9781471167614,en,wikidata,publication_date,MISSING,no
MB-064,9781471167614,en,wikidata,page_count,MISSING,no
MB-064,9781471167614,en,wikidata,cover,MISSING,no
MB-064,9781471167614,en,wikidata,work_link,MISSING,no
MB-064,9781471167614,en,wikidata,series,MISSING,no
MB-064,9781471167614,en,wikidata,series_position,MISSING,no
MB-064,9781471167614,en,wikidata,subjects,MISSING,no
MB-064,9781471167614,en,bookbrainz,isbn_exact,MISSING,no
MB-064,9781471167614,en,bookbrainz,title,MISSING,no
MB-064,9781471167614,en,bookbrainz,subtitle,MISSING,no
MB-064,9781471167614,en,bookbrainz,authors,MISSING,no
MB-064,9781471167614,en,bookbrainz,language,MISSING,no
MB-064,9781471167614,en,bookbrainz,publisher,MISSING,no
MB-064,9781471167614,en,bookbrainz,publication_date,MISSING,no
MB-064,9781471167614,en,bookbrainz,page_count,MISSING,no
MB-064,9781471167614,en,bookbrainz,cover,MISSING,no
MB-064,9781471167614,en,bookbrainz,work_link,MISSING,no
MB-064,9781471167614,en,bookbrainz,series,MISSING,no
MB-064,9781471167614,en,bookbrainz,series_position,MISSING,no
MB-064,9781471167614,en,bookbrainz,subjects,MISSING,no
MB-065,9781473227989,en,open_library,isbn_exact,CORRECT,no
MB-065,9781473227989,en,open_library,title,CORRECT,no
MB-065,9781473227989,en,open_library,subtitle,MISSING,no
MB-065,9781473227989,en,open_library,authors,CORRECT,no
MB-065,9781473227989,en,open_library,language,CORRECT,no
MB-065,9781473227989,en,open_library,publisher,CORRECT,no
MB-065,9781473227989,en,open_library,publication_date,CORRECT,no
MB-065,9781473227989,en,open_library,page_count,CORRECT,no
MB-065,9781473227989,en,open_library,cover,CORRECT,no
MB-065,9781473227989,en,open_library,work_link,CORRECT,no
MB-065,9781473227989,en,open_library,series,MISSING,no
MB-065,9781473227989,en,open_library,series_position,MISSING,no
MB-065,9781473227989,en,open_library,subjects,CORRECT,no
MB-065,9781473227989,en,google_books,isbn_exact,CORRECT,no
MB-065,9781473227989,en,google_books,title,CORRECT,no
MB-065,9781473227989,en,google_books,subtitle,MISSING,no
MB-065,9781473227989,en,google_books,authors,CORRECT,no
MB-065,9781473227989,en,google_books,language,CORRECT,no
MB-065,9781473227989,en,google_books,publisher,INCORRECT,no
MB-065,9781473227989,en,google_books,publication_date,CORRECT,no
MB-065,9781473227989,en,google_books,page_count,CORRECT,no
MB-065,9781473227989,en,google_books,cover,CORRECT,no
MB-065,9781473227989,en,google_books,work_link,MISSING,no
MB-065,9781473227989,en,google_books,series,MISSING,no
MB-065,9781473227989,en,google_books,series_position,MISSING,no
MB-065,9781473227989,en,google_books,subjects,CORRECT,no
MB-065,9781473227989,en,wikidata,isbn_exact,MISSING,no
MB-065,9781473227989,en,wikidata,title,MISSING,no
MB-065,9781473227989,en,wikidata,subtitle,MISSING,no
MB-065,9781473227989,en,wikidata,authors,MISSING,no
MB-065,9781473227989,en,wikidata,language,MISSING,no
MB-065,9781473227989,en,wikidata,publisher,MISSING,no
MB-065,9781473227989,en,wikidata,publication_date,MISSING,no
MB-065,9781473227989,en,wikidata,page_count,MISSING,no
MB-065,9781473227989,en,wikidata,cover,MISSING,no
MB-065,9781473227989,en,wikidata,work_link,MISSING,no
MB-065,9781473227989,en,wikidata,series,MISSING,no
MB-065,9781473227989,en,wikidata,series_position,MISSING,no
MB-065,9781473227989,en,wikidata,subjects,MISSING,no
MB-065,9781473227989,en,bookbrainz,isbn_exact,MISSING,no
MB-065,9781473227989,en,bookbrainz,title,MISSING,no
MB-065,9781473227989,en,bookbrainz,subtitle,MISSING,no
MB-065,9781473227989,en,bookbrainz,authors,MISSING,no
MB-065,9781473227989,en,bookbrainz,language,MISSING,no
MB-065,9781473227989,en,bookbrainz,publisher,MISSING,no
MB-065,9781473227989,en,bookbrainz,publication_date,MISSING,no
MB-065,9781473227989,en,bookbrainz,page_count,MISSING,no
MB-065,9781473227989,en,bookbrainz,cover,MISSING,no
MB-065,9781473227989,en,bookbrainz,work_link,MISSING,no
MB-065,9781473227989,en,bookbrainz,series,MISSING,no
MB-065,9781473227989,en,bookbrainz,series_position,MISSING,no
MB-065,9781473227989,en,bookbrainz,subjects,MISSING,no
MB-066,9781473231061,en,open_library,isbn_exact,CORRECT,no
MB-066,9781473231061,en,open_library,title,CORRECT,no
MB-066,9781473231061,en,open_library,subtitle,MISSING,no
MB-066,9781473231061,en,open_library,authors,CORRECT,no
MB-066,9781473231061,en,open_library,language,CORRECT,no
MB-066,9781473231061,en,open_library,publisher,CORRECT,no
MB-066,9781473231061,en,open_library,publication_date,CORRECT,no
MB-066,9781473231061,en,open_library,page_count,CORRECT,no
MB-066,9781473231061,en,open_library,cover,CORRECT,no
MB-066,9781473231061,en,open_library,work_link,CORRECT,no
MB-066,9781473231061,en,open_library,series,MISSING,no
MB-066,9781473231061,en,open_library,series_position,MISSING,no
MB-066,9781473231061,en,open_library,subjects,CORRECT,no
MB-066,9781473231061,en,google_books,isbn_exact,CORRECT,no
MB-066,9781473231061,en,google_books,title,CORRECT,no
MB-066,9781473231061,en,google_books,subtitle,MISSING,no
MB-066,9781473231061,en,google_books,authors,CORRECT,no
MB-066,9781473231061,en,google_books,language,CORRECT,no
MB-066,9781473231061,en,google_books,publisher,INCORRECT,no
MB-066,9781473231061,en,google_books,publication_date,CORRECT,no
MB-066,9781473231061,en,google_books,page_count,CORRECT,no
MB-066,9781473231061,en,google_books,cover,CORRECT,no
MB-066,9781473231061,en,google_books,work_link,MISSING,no
MB-066,9781473231061,en,google_books,series,MISSING,no
MB-066,9781473231061,en,google_books,series_position,MISSING,no
MB-066,9781473231061,en,google_books,subjects,MISSING,no
MB-066,9781473231061,en,wikidata,isbn_exact,MISSING,no
MB-066,9781473231061,en,wikidata,title,MISSING,no
MB-066,9781473231061,en,wikidata,subtitle,MISSING,no
MB-066,9781473231061,en,wikidata,authors,MISSING,no
MB-066,9781473231061,en,wikidata,language,MISSING,no
MB-066,9781473231061,en,wikidata,publisher,MISSING,no
MB-066,9781473231061,en,wikidata,publication_date,MISSING,no
MB-066,9781473231061,en,wikidata,page_count,MISSING,no
MB-066,9781473231061,en,wikidata,cover,MISSING,no
MB-066,9781473231061,en,wikidata,work_link,MISSING,no
MB-066,9781473231061,en,wikidata,series,MISSING,no
MB-066,9781473231061,en,wikidata,series_position,MISSING,no
MB-066,9781473231061,en,wikidata,subjects,MISSING,no
MB-066,9781473231061,en,bookbrainz,isbn_exact,MISSING,no
MB-066,9781473231061,en,bookbrainz,title,MISSING,no
MB-066,9781473231061,en,bookbrainz,subtitle,MISSING,no
MB-066,9781473231061,en,bookbrainz,authors,MISSING,no
MB-066,9781473231061,en,bookbrainz,language,MISSING,no
MB-066,9781473231061,en,bookbrainz,publisher,MISSING,no
MB-066,9781473231061,en,bookbrainz,publication_date,MISSING,no
MB-066,9781473231061,en,bookbrainz,page_count,MISSING,no
MB-066,9781473231061,en,bookbrainz,cover,MISSING,no
MB-066,9781473231061,en,bookbrainz,work_link,MISSING,no
MB-066,9781473231061,en,bookbrainz,series,MISSING,no
MB-066,9781473231061,en,bookbrainz,series_position,MISSING,no
MB-066,9781473231061,en,bookbrainz,subjects,MISSING,no
MB-067,9781473231078,en,open_library,isbn_exact,CORRECT,no
MB-067,9781473231078,en,open_library,title,CORRECT,no
MB-067,9781473231078,en,open_library,subtitle,MISSING,no
MB-067,9781473231078,en,open_library,authors,CORRECT,no
MB-067,9781473231078,en,open_library,language,CORRECT,no
MB-067,9781473231078,en,open_library,publisher,CORRECT,no
MB-067,9781473231078,en,open_library,publication_date,CORRECT,no
MB-067,9781473231078,en,open_library,page_count,CORRECT,no
MB-067,9781473231078,en,open_library,cover,CORRECT,no
MB-067,9781473231078,en,open_library,work_link,CORRECT,no
MB-067,9781473231078,en,open_library,series,UNVERIFIABLE,no
MB-067,9781473231078,en,open_library,series_position,MISSING,no
MB-067,9781473231078,en,open_library,subjects,CORRECT,no
MB-067,9781473231078,en,google_books,isbn_exact,CORRECT,no
MB-067,9781473231078,en,google_books,title,CORRECT,no
MB-067,9781473231078,en,google_books,subtitle,UNVERIFIABLE,no
MB-067,9781473231078,en,google_books,authors,CORRECT,no
MB-067,9781473231078,en,google_books,language,CORRECT,no
MB-067,9781473231078,en,google_books,publisher,INCORRECT,no
MB-067,9781473231078,en,google_books,publication_date,CORRECT,no
MB-067,9781473231078,en,google_books,page_count,MISSING,no
MB-067,9781473231078,en,google_books,cover,CORRECT,no
MB-067,9781473231078,en,google_books,work_link,MISSING,no
MB-067,9781473231078,en,google_books,series,MISSING,no
MB-067,9781473231078,en,google_books,series_position,MISSING,no
MB-067,9781473231078,en,google_books,subjects,CORRECT,no
MB-067,9781473231078,en,wikidata,isbn_exact,MISSING,no
MB-067,9781473231078,en,wikidata,title,MISSING,no
MB-067,9781473231078,en,wikidata,subtitle,MISSING,no
MB-067,9781473231078,en,wikidata,authors,MISSING,no
MB-067,9781473231078,en,wikidata,language,MISSING,no
MB-067,9781473231078,en,wikidata,publisher,MISSING,no
MB-067,9781473231078,en,wikidata,publication_date,MISSING,no
MB-067,9781473231078,en,wikidata,page_count,MISSING,no
MB-067,9781473231078,en,wikidata,cover,MISSING,no
MB-067,9781473231078,en,wikidata,work_link,MISSING,no
MB-067,9781473231078,en,wikidata,series,MISSING,no
MB-067,9781473231078,en,wikidata,series_position,MISSING,no
MB-067,9781473231078,en,wikidata,subjects,MISSING,no
MB-067,9781473231078,en,bookbrainz,isbn_exact,CORRECT,no
MB-067,9781473231078,en,bookbrainz,title,CORRECT,no
MB-067,9781473231078,en,bookbrainz,subtitle,MISSING,no
MB-067,9781473231078,en,bookbrainz,authors,CORRECT,no
MB-067,9781473231078,en,bookbrainz,language,CORRECT,no
MB-067,9781473231078,en,bookbrainz,publisher,MISSING,no
MB-067,9781473231078,en,bookbrainz,publication_date,CORRECT,no
MB-067,9781473231078,en,bookbrainz,page_count,INCORRECT,no
MB-067,9781473231078,en,bookbrainz,cover,MISSING,no
MB-067,9781473231078,en,bookbrainz,work_link,CORRECT,no
MB-067,9781473231078,en,bookbrainz,series,MISSING,no
MB-067,9781473231078,en,bookbrainz,series_position,MISSING,no
MB-067,9781473231078,en,bookbrainz,subjects,MISSING,no
MB-068,9781510104495,en,open_library,isbn_exact,CORRECT,no
MB-068,9781510104495,en,open_library,title,CORRECT,no
MB-068,9781510104495,en,open_library,subtitle,MISSING,no
MB-068,9781510104495,en,open_library,authors,CORRECT,no
MB-068,9781510104495,en,open_library,language,CORRECT,no
MB-068,9781510104495,en,open_library,publisher,CORRECT,no
MB-068,9781510104495,en,open_library,publication_date,CORRECT,no
MB-068,9781510104495,en,open_library,page_count,MISSING,no
MB-068,9781510104495,en,open_library,cover,CORRECT,no
MB-068,9781510104495,en,open_library,work_link,CORRECT,no
MB-068,9781510104495,en,open_library,series,MISSING,yes
MB-068,9781510104495,en,open_library,series_position,MISSING,no
MB-068,9781510104495,en,open_library,subjects,MISSING,no
MB-068,9781510104495,en,google_books,isbn_exact,CORRECT,no
MB-068,9781510104495,en,google_books,title,INCORRECT,no
MB-068,9781510104495,en,google_books,subtitle,MISSING,no
MB-068,9781510104495,en,google_books,authors,CORRECT,no
MB-068,9781510104495,en,google_books,language,CORRECT,no
MB-068,9781510104495,en,google_books,publisher,INCORRECT,no
MB-068,9781510104495,en,google_books,publication_date,CORRECT,no
MB-068,9781510104495,en,google_books,page_count,MISSING,no
MB-068,9781510104495,en,google_books,cover,CORRECT,no
MB-068,9781510104495,en,google_books,work_link,MISSING,no
MB-068,9781510104495,en,google_books,series,MISSING,yes
MB-068,9781510104495,en,google_books,series_position,MISSING,no
MB-068,9781510104495,en,google_books,subjects,CORRECT,no
MB-068,9781510104495,en,wikidata,isbn_exact,MISSING,no
MB-068,9781510104495,en,wikidata,title,MISSING,no
MB-068,9781510104495,en,wikidata,subtitle,MISSING,no
MB-068,9781510104495,en,wikidata,authors,MISSING,no
MB-068,9781510104495,en,wikidata,language,MISSING,no
MB-068,9781510104495,en,wikidata,publisher,MISSING,no
MB-068,9781510104495,en,wikidata,publication_date,MISSING,no
MB-068,9781510104495,en,wikidata,page_count,MISSING,no
MB-068,9781510104495,en,wikidata,cover,MISSING,no
MB-068,9781510104495,en,wikidata,work_link,MISSING,no
MB-068,9781510104495,en,wikidata,series,MISSING,yes
MB-068,9781510104495,en,wikidata,series_position,MISSING,no
MB-068,9781510104495,en,wikidata,subjects,MISSING,no
MB-068,9781510104495,en,bookbrainz,isbn_exact,MISSING,no
MB-068,9781510104495,en,bookbrainz,title,MISSING,no
MB-068,9781510104495,en,bookbrainz,subtitle,MISSING,no
MB-068,9781510104495,en,bookbrainz,authors,MISSING,no
MB-068,9781510104495,en,bookbrainz,language,MISSING,no
MB-068,9781510104495,en,bookbrainz,publisher,MISSING,no
MB-068,9781510104495,en,bookbrainz,publication_date,MISSING,no
MB-068,9781510104495,en,bookbrainz,page_count,MISSING,no
MB-068,9781510104495,en,bookbrainz,cover,MISSING,no
MB-068,9781510104495,en,bookbrainz,work_link,MISSING,no
MB-068,9781510104495,en,bookbrainz,series,MISSING,yes
MB-068,9781510104495,en,bookbrainz,series_position,MISSING,no
MB-068,9781510104495,en,bookbrainz,subjects,MISSING,no
MB-069,9781529084382,en,open_library,isbn_exact,CORRECT,no
MB-069,9781529084382,en,open_library,title,CORRECT,no
MB-069,9781529084382,en,open_library,subtitle,MISSING,no
MB-069,9781529084382,en,open_library,authors,CORRECT,no
MB-069,9781529084382,en,open_library,language,CORRECT,no
MB-069,9781529084382,en,open_library,publisher,CORRECT,no
MB-069,9781529084382,en,open_library,publication_date,CORRECT,no
MB-069,9781529084382,en,open_library,page_count,MISSING,no
MB-069,9781529084382,en,open_library,cover,MISSING,no
MB-069,9781529084382,en,open_library,work_link,CORRECT,no
MB-069,9781529084382,en,open_library,series,MISSING,no
MB-069,9781529084382,en,open_library,series_position,MISSING,no
MB-069,9781529084382,en,open_library,subjects,MISSING,no
MB-069,9781529084382,en,google_books,isbn_exact,CORRECT,no
MB-069,9781529084382,en,google_books,title,CORRECT,no
MB-069,9781529084382,en,google_books,subtitle,UNVERIFIABLE,no
MB-069,9781529084382,en,google_books,authors,CORRECT,no
MB-069,9781529084382,en,google_books,language,CORRECT,no
MB-069,9781529084382,en,google_books,publisher,INCORRECT,no
MB-069,9781529084382,en,google_books,publication_date,CORRECT,no
MB-069,9781529084382,en,google_books,page_count,MISSING,no
MB-069,9781529084382,en,google_books,cover,CORRECT,no
MB-069,9781529084382,en,google_books,work_link,MISSING,no
MB-069,9781529084382,en,google_books,series,MISSING,no
MB-069,9781529084382,en,google_books,series_position,MISSING,no
MB-069,9781529084382,en,google_books,subjects,CORRECT,no
MB-069,9781529084382,en,wikidata,isbn_exact,MISSING,no
MB-069,9781529084382,en,wikidata,title,MISSING,no
MB-069,9781529084382,en,wikidata,subtitle,MISSING,no
MB-069,9781529084382,en,wikidata,authors,MISSING,no
MB-069,9781529084382,en,wikidata,language,MISSING,no
MB-069,9781529084382,en,wikidata,publisher,MISSING,no
MB-069,9781529084382,en,wikidata,publication_date,MISSING,no
MB-069,9781529084382,en,wikidata,page_count,MISSING,no
MB-069,9781529084382,en,wikidata,cover,MISSING,no
MB-069,9781529084382,en,wikidata,work_link,MISSING,no
MB-069,9781529084382,en,wikidata,series,MISSING,no
MB-069,9781529084382,en,wikidata,series_position,MISSING,no
MB-069,9781529084382,en,wikidata,subjects,MISSING,no
MB-069,9781529084382,en,bookbrainz,isbn_exact,MISSING,no
MB-069,9781529084382,en,bookbrainz,title,MISSING,no
MB-069,9781529084382,en,bookbrainz,subtitle,MISSING,no
MB-069,9781529084382,en,bookbrainz,authors,MISSING,no
MB-069,9781529084382,en,bookbrainz,language,MISSING,no
MB-069,9781529084382,en,bookbrainz,publisher,MISSING,no
MB-069,9781529084382,en,bookbrainz,publication_date,MISSING,no
MB-069,9781529084382,en,bookbrainz,page_count,MISSING,no
MB-069,9781529084382,en,bookbrainz,cover,MISSING,no
MB-069,9781529084382,en,bookbrainz,work_link,MISSING,no
MB-069,9781529084382,en,bookbrainz,series,MISSING,no
MB-069,9781529084382,en,bookbrainz,series_position,MISSING,no
MB-069,9781529084382,en,bookbrainz,subjects,MISSING,no
MB-070,9781529158564,en,open_library,isbn_exact,CORRECT,no
MB-070,9781529158564,en,open_library,title,CORRECT,no
MB-070,9781529158564,en,open_library,subtitle,UNVERIFIABLE,no
MB-070,9781529158564,en,open_library,authors,CORRECT,no
MB-070,9781529158564,en,open_library,language,CORRECT,no
MB-070,9781529158564,en,open_library,publisher,CORRECT,no
MB-070,9781529158564,en,open_library,publication_date,CORRECT,no
MB-070,9781529158564,en,open_library,page_count,MISSING,no
MB-070,9781529158564,en,open_library,cover,CORRECT,no
MB-070,9781529158564,en,open_library,work_link,CORRECT,no
MB-070,9781529158564,en,open_library,series,MISSING,no
MB-070,9781529158564,en,open_library,series_position,MISSING,no
MB-070,9781529158564,en,open_library,subjects,MISSING,no
MB-070,9781529158564,en,google_books,isbn_exact,CORRECT,no
MB-070,9781529158564,en,google_books,title,CORRECT,no
MB-070,9781529158564,en,google_books,subtitle,MISSING,no
MB-070,9781529158564,en,google_books,authors,CORRECT,no
MB-070,9781529158564,en,google_books,language,CORRECT,no
MB-070,9781529158564,en,google_books,publisher,INCORRECT,no
MB-070,9781529158564,en,google_books,publication_date,CORRECT,no
MB-070,9781529158564,en,google_books,page_count,MISSING,no
MB-070,9781529158564,en,google_books,cover,CORRECT,no
MB-070,9781529158564,en,google_books,work_link,MISSING,no
MB-070,9781529158564,en,google_books,series,MISSING,no
MB-070,9781529158564,en,google_books,series_position,MISSING,no
MB-070,9781529158564,en,google_books,subjects,CORRECT,no
MB-070,9781529158564,en,wikidata,isbn_exact,MISSING,no
MB-070,9781529158564,en,wikidata,title,MISSING,no
MB-070,9781529158564,en,wikidata,subtitle,MISSING,no
MB-070,9781529158564,en,wikidata,authors,MISSING,no
MB-070,9781529158564,en,wikidata,language,MISSING,no
MB-070,9781529158564,en,wikidata,publisher,MISSING,no
MB-070,9781529158564,en,wikidata,publication_date,MISSING,no
MB-070,9781529158564,en,wikidata,page_count,MISSING,no
MB-070,9781529158564,en,wikidata,cover,MISSING,no
MB-070,9781529158564,en,wikidata,work_link,MISSING,no
MB-070,9781529158564,en,wikidata,series,MISSING,no
MB-070,9781529158564,en,wikidata,series_position,MISSING,no
MB-070,9781529158564,en,wikidata,subjects,MISSING,no
MB-070,9781529158564,en,bookbrainz,isbn_exact,MISSING,no
MB-070,9781529158564,en,bookbrainz,title,MISSING,no
MB-070,9781529158564,en,bookbrainz,subtitle,MISSING,no
MB-070,9781529158564,en,bookbrainz,authors,MISSING,no
MB-070,9781529158564,en,bookbrainz,language,MISSING,no
MB-070,9781529158564,en,bookbrainz,publisher,MISSING,no
MB-070,9781529158564,en,bookbrainz,publication_date,MISSING,no
MB-070,9781529158564,en,bookbrainz,page_count,MISSING,no
MB-070,9781529158564,en,bookbrainz,cover,MISSING,no
MB-070,9781529158564,en,bookbrainz,work_link,MISSING,no
MB-070,9781529158564,en,bookbrainz,series,MISSING,no
MB-070,9781529158564,en,bookbrainz,series_position,MISSING,no
MB-070,9781529158564,en,bookbrainz,subjects,MISSING,no
MB-071,9781529920505,en,open_library,isbn_exact,CORRECT,no
MB-071,9781529920505,en,open_library,title,CORRECT,no
MB-071,9781529920505,en,open_library,subtitle,UNVERIFIABLE,no
MB-071,9781529920505,en,open_library,authors,CORRECT,no
MB-071,9781529920505,en,open_library,language,CORRECT,no
MB-071,9781529920505,en,open_library,publisher,CORRECT,no
MB-071,9781529920505,en,open_library,publication_date,CORRECT,no
MB-071,9781529920505,en,open_library,page_count,MISSING,no
MB-071,9781529920505,en,open_library,cover,MISSING,no
MB-071,9781529920505,en,open_library,work_link,CORRECT,no
MB-071,9781529920505,en,open_library,series,MISSING,no
MB-071,9781529920505,en,open_library,series_position,MISSING,no
MB-071,9781529920505,en,open_library,subjects,CORRECT,no
MB-071,9781529920505,en,google_books,isbn_exact,CORRECT,no
MB-071,9781529920505,en,google_books,title,CORRECT,no
MB-071,9781529920505,en,google_books,subtitle,UNVERIFIABLE,no
MB-071,9781529920505,en,google_books,authors,CORRECT,no
MB-071,9781529920505,en,google_books,language,CORRECT,no
MB-071,9781529920505,en,google_books,publisher,INCORRECT,no
MB-071,9781529920505,en,google_books,publication_date,CORRECT,no
MB-071,9781529920505,en,google_books,page_count,MISSING,no
MB-071,9781529920505,en,google_books,cover,CORRECT,no
MB-071,9781529920505,en,google_books,work_link,MISSING,no
MB-071,9781529920505,en,google_books,series,MISSING,no
MB-071,9781529920505,en,google_books,series_position,MISSING,no
MB-071,9781529920505,en,google_books,subjects,CORRECT,no
MB-071,9781529920505,en,wikidata,isbn_exact,MISSING,no
MB-071,9781529920505,en,wikidata,title,MISSING,no
MB-071,9781529920505,en,wikidata,subtitle,MISSING,no
MB-071,9781529920505,en,wikidata,authors,MISSING,no
MB-071,9781529920505,en,wikidata,language,MISSING,no
MB-071,9781529920505,en,wikidata,publisher,MISSING,no
MB-071,9781529920505,en,wikidata,publication_date,MISSING,no
MB-071,9781529920505,en,wikidata,page_count,MISSING,no
MB-071,9781529920505,en,wikidata,cover,MISSING,no
MB-071,9781529920505,en,wikidata,work_link,MISSING,no
MB-071,9781529920505,en,wikidata,series,MISSING,no
MB-071,9781529920505,en,wikidata,series_position,MISSING,no
MB-071,9781529920505,en,wikidata,subjects,MISSING,no
MB-071,9781529920505,en,bookbrainz,isbn_exact,MISSING,no
MB-071,9781529920505,en,bookbrainz,title,MISSING,no
MB-071,9781529920505,en,bookbrainz,subtitle,MISSING,no
MB-071,9781529920505,en,bookbrainz,authors,MISSING,no
MB-071,9781529920505,en,bookbrainz,language,MISSING,no
MB-071,9781529920505,en,bookbrainz,publisher,MISSING,no
MB-071,9781529920505,en,bookbrainz,publication_date,MISSING,no
MB-071,9781529920505,en,bookbrainz,page_count,MISSING,no
MB-071,9781529920505,en,bookbrainz,cover,MISSING,no
MB-071,9781529920505,en,bookbrainz,work_link,MISSING,no
MB-071,9781529920505,en,bookbrainz,series,MISSING,no
MB-071,9781529920505,en,bookbrainz,series_position,MISSING,no
MB-071,9781529920505,en,bookbrainz,subjects,MISSING,no
MB-072,9781599214542,en,open_library,isbn_exact,CORRECT,no
MB-072,9781599214542,en,open_library,title,CORRECT,no
MB-072,9781599214542,en,open_library,subtitle,UNVERIFIABLE,no
MB-072,9781599214542,en,open_library,authors,CORRECT,no
MB-072,9781599214542,en,open_library,language,CORRECT,no
MB-072,9781599214542,en,open_library,publisher,CORRECT,no
MB-072,9781599214542,en,open_library,publication_date,CORRECT,no
MB-072,9781599214542,en,open_library,page_count,MISSING,no
MB-072,9781599214542,en,open_library,cover,CORRECT,no
MB-072,9781599214542,en,open_library,work_link,CORRECT,no
MB-072,9781599214542,en,open_library,series,MISSING,no
MB-072,9781599214542,en,open_library,series_position,MISSING,no
MB-072,9781599214542,en,open_library,subjects,CORRECT,no
MB-072,9781599214542,en,google_books,isbn_exact,CORRECT,no
MB-072,9781599214542,en,google_books,title,CORRECT,no
MB-072,9781599214542,en,google_books,subtitle,UNVERIFIABLE,no
MB-072,9781599214542,en,google_books,authors,CORRECT,no
MB-072,9781599214542,en,google_books,language,CORRECT,no
MB-072,9781599214542,en,google_books,publisher,MISSING,no
MB-072,9781599214542,en,google_books,publication_date,INCORRECT,no
MB-072,9781599214542,en,google_books,page_count,MISSING,no
MB-072,9781599214542,en,google_books,cover,CORRECT,no
MB-072,9781599214542,en,google_books,work_link,MISSING,no
MB-072,9781599214542,en,google_books,series,MISSING,no
MB-072,9781599214542,en,google_books,series_position,MISSING,no
MB-072,9781599214542,en,google_books,subjects,CORRECT,no
MB-072,9781599214542,en,wikidata,isbn_exact,MISSING,no
MB-072,9781599214542,en,wikidata,title,MISSING,no
MB-072,9781599214542,en,wikidata,subtitle,MISSING,no
MB-072,9781599214542,en,wikidata,authors,MISSING,no
MB-072,9781599214542,en,wikidata,language,MISSING,no
MB-072,9781599214542,en,wikidata,publisher,MISSING,no
MB-072,9781599214542,en,wikidata,publication_date,MISSING,no
MB-072,9781599214542,en,wikidata,page_count,MISSING,no
MB-072,9781599214542,en,wikidata,cover,MISSING,no
MB-072,9781599214542,en,wikidata,work_link,MISSING,no
MB-072,9781599214542,en,wikidata,series,MISSING,no
MB-072,9781599214542,en,wikidata,series_position,MISSING,no
MB-072,9781599214542,en,wikidata,subjects,MISSING,no
MB-072,9781599214542,en,bookbrainz,isbn_exact,MISSING,no
MB-072,9781599214542,en,bookbrainz,title,MISSING,no
MB-072,9781599214542,en,bookbrainz,subtitle,MISSING,no
MB-072,9781599214542,en,bookbrainz,authors,MISSING,no
MB-072,9781599214542,en,bookbrainz,language,MISSING,no
MB-072,9781599214542,en,bookbrainz,publisher,MISSING,no
MB-072,9781599214542,en,bookbrainz,publication_date,MISSING,no
MB-072,9781599214542,en,bookbrainz,page_count,MISSING,no
MB-072,9781599214542,en,bookbrainz,cover,MISSING,no
MB-072,9781599214542,en,bookbrainz,work_link,MISSING,no
MB-072,9781599214542,en,bookbrainz,series,MISSING,no
MB-072,9781599214542,en,bookbrainz,series_position,MISSING,no
MB-072,9781599214542,en,bookbrainz,subjects,MISSING,no
MB-073,9781784161101,en,open_library,isbn_exact,CORRECT,no
MB-073,9781784161101,en,open_library,title,CORRECT,no
MB-073,9781784161101,en,open_library,subtitle,MISSING,no
MB-073,9781784161101,en,open_library,authors,CORRECT,no
MB-073,9781784161101,en,open_library,language,CORRECT,no
MB-073,9781784161101,en,open_library,publisher,CORRECT,no
MB-073,9781784161101,en,open_library,publication_date,CORRECT,no
MB-073,9781784161101,en,open_library,page_count,MISSING,no
MB-073,9781784161101,en,open_library,cover,MISSING,no
MB-073,9781784161101,en,open_library,work_link,CORRECT,no
MB-073,9781784161101,en,open_library,series,MISSING,no
MB-073,9781784161101,en,open_library,series_position,MISSING,no
MB-073,9781784161101,en,open_library,subjects,CORRECT,no
MB-073,9781784161101,en,google_books,isbn_exact,CORRECT,no
MB-073,9781784161101,en,google_books,title,CORRECT,no
MB-073,9781784161101,en,google_books,subtitle,MISSING,no
MB-073,9781784161101,en,google_books,authors,CORRECT,no
MB-073,9781784161101,en,google_books,language,CORRECT,no
MB-073,9781784161101,en,google_books,publisher,INCORRECT,no
MB-073,9781784161101,en,google_books,publication_date,INCORRECT,no
MB-073,9781784161101,en,google_books,page_count,UNVERIFIABLE,no
MB-073,9781784161101,en,google_books,cover,CORRECT,no
MB-073,9781784161101,en,google_books,work_link,MISSING,no
MB-073,9781784161101,en,google_books,series,MISSING,no
MB-073,9781784161101,en,google_books,series_position,MISSING,no
MB-073,9781784161101,en,google_books,subjects,CORRECT,no
MB-073,9781784161101,en,wikidata,isbn_exact,CORRECT,no
MB-073,9781784161101,en,wikidata,title,CORRECT,no
MB-073,9781784161101,en,wikidata,subtitle,MISSING,no
MB-073,9781784161101,en,wikidata,authors,CORRECT,no
MB-073,9781784161101,en,wikidata,language,CORRECT,no
MB-073,9781784161101,en,wikidata,publisher,CORRECT,no
MB-073,9781784161101,en,wikidata,publication_date,INCORRECT,no
MB-073,9781784161101,en,wikidata,page_count,UNVERIFIABLE,no
MB-073,9781784161101,en,wikidata,cover,MISSING,no
MB-073,9781784161101,en,wikidata,work_link,CORRECT,no
MB-073,9781784161101,en,wikidata,series,MISSING,no
MB-073,9781784161101,en,wikidata,series_position,MISSING,no
MB-073,9781784161101,en,wikidata,subjects,MISSING,no
MB-073,9781784161101,en,bookbrainz,isbn_exact,MISSING,no
MB-073,9781784161101,en,bookbrainz,title,MISSING,no
MB-073,9781784161101,en,bookbrainz,subtitle,MISSING,no
MB-073,9781784161101,en,bookbrainz,authors,MISSING,no
MB-073,9781784161101,en,bookbrainz,language,MISSING,no
MB-073,9781784161101,en,bookbrainz,publisher,MISSING,no
MB-073,9781784161101,en,bookbrainz,publication_date,MISSING,no
MB-073,9781784161101,en,bookbrainz,page_count,MISSING,no
MB-073,9781784161101,en,bookbrainz,cover,MISSING,no
MB-073,9781784161101,en,bookbrainz,work_link,MISSING,no
MB-073,9781784161101,en,bookbrainz,series,MISSING,no
MB-073,9781784161101,en,bookbrainz,series_position,MISSING,no
MB-073,9781784161101,en,bookbrainz,subjects,MISSING,no
MB-074,9781784709112,en,open_library,isbn_exact,CORRECT,no
MB-074,9781784709112,en,open_library,title,CORRECT,no
MB-074,9781784709112,en,open_library,subtitle,UNVERIFIABLE,no
MB-074,9781784709112,en,open_library,authors,CORRECT,no
MB-074,9781784709112,en,open_library,language,CORRECT,no
MB-074,9781784709112,en,open_library,publisher,CORRECT,no
MB-074,9781784709112,en,open_library,publication_date,CORRECT,no
MB-074,9781784709112,en,open_library,page_count,CORRECT,no
MB-074,9781784709112,en,open_library,cover,MISSING,no
MB-074,9781784709112,en,open_library,work_link,CORRECT,no
MB-074,9781784709112,en,open_library,series,MISSING,no
MB-074,9781784709112,en,open_library,series_position,MISSING,no
MB-074,9781784709112,en,open_library,subjects,MISSING,no
MB-074,9781784709112,en,google_books,isbn_exact,CORRECT,no
MB-074,9781784709112,en,google_books,title,CORRECT,no
MB-074,9781784709112,en,google_books,subtitle,MISSING,no
MB-074,9781784709112,en,google_books,authors,CORRECT,no
MB-074,9781784709112,en,google_books,language,CORRECT,no
MB-074,9781784709112,en,google_books,publisher,INCORRECT,no
MB-074,9781784709112,en,google_books,publication_date,CORRECT,no
MB-074,9781784709112,en,google_books,page_count,MISSING,no
MB-074,9781784709112,en,google_books,cover,CORRECT,no
MB-074,9781784709112,en,google_books,work_link,MISSING,no
MB-074,9781784709112,en,google_books,series,MISSING,no
MB-074,9781784709112,en,google_books,series_position,MISSING,no
MB-074,9781784709112,en,google_books,subjects,CORRECT,no
MB-074,9781784709112,en,wikidata,isbn_exact,MISSING,no
MB-074,9781784709112,en,wikidata,title,MISSING,no
MB-074,9781784709112,en,wikidata,subtitle,MISSING,no
MB-074,9781784709112,en,wikidata,authors,MISSING,no
MB-074,9781784709112,en,wikidata,language,MISSING,no
MB-074,9781784709112,en,wikidata,publisher,MISSING,no
MB-074,9781784709112,en,wikidata,publication_date,MISSING,no
MB-074,9781784709112,en,wikidata,page_count,MISSING,no
MB-074,9781784709112,en,wikidata,cover,MISSING,no
MB-074,9781784709112,en,wikidata,work_link,MISSING,no
MB-074,9781784709112,en,wikidata,series,MISSING,no
MB-074,9781784709112,en,wikidata,series_position,MISSING,no
MB-074,9781784709112,en,wikidata,subjects,MISSING,no
MB-074,9781784709112,en,bookbrainz,isbn_exact,MISSING,no
MB-074,9781784709112,en,bookbrainz,title,MISSING,no
MB-074,9781784709112,en,bookbrainz,subtitle,MISSING,no
MB-074,9781784709112,en,bookbrainz,authors,MISSING,no
MB-074,9781784709112,en,bookbrainz,language,MISSING,no
MB-074,9781784709112,en,bookbrainz,publisher,MISSING,no
MB-074,9781784709112,en,bookbrainz,publication_date,MISSING,no
MB-074,9781784709112,en,bookbrainz,page_count,MISSING,no
MB-074,9781784709112,en,bookbrainz,cover,MISSING,no
MB-074,9781784709112,en,bookbrainz,work_link,MISSING,no
MB-074,9781784709112,en,bookbrainz,series,MISSING,no
MB-074,9781784709112,en,bookbrainz,series_position,MISSING,no
MB-074,9781784709112,en,bookbrainz,subjects,MISSING,no
MB-075,9781786541086,en,open_library,isbn_exact,CORRECT,no
MB-075,9781786541086,en,open_library,title,CORRECT,no
MB-075,9781786541086,en,open_library,subtitle,MISSING,no
MB-075,9781786541086,en,open_library,authors,CORRECT,no
MB-075,9781786541086,en,open_library,language,CORRECT,no
MB-075,9781786541086,en,open_library,publisher,CORRECT,no
MB-075,9781786541086,en,open_library,publication_date,CORRECT,no
MB-075,9781786541086,en,open_library,page_count,CORRECT,no
MB-075,9781786541086,en,open_library,cover,CORRECT,no
MB-075,9781786541086,en,open_library,work_link,CORRECT,no
MB-075,9781786541086,en,open_library,series,MISSING,no
MB-075,9781786541086,en,open_library,series_position,MISSING,no
MB-075,9781786541086,en,open_library,subjects,MISSING,no
MB-075,9781786541086,en,google_books,isbn_exact,CORRECT,no
MB-075,9781786541086,en,google_books,title,CORRECT,no
MB-075,9781786541086,en,google_books,subtitle,MISSING,no
MB-075,9781786541086,en,google_books,authors,CORRECT,no
MB-075,9781786541086,en,google_books,language,CORRECT,no
MB-075,9781786541086,en,google_books,publisher,CORRECT,no
MB-075,9781786541086,en,google_books,publication_date,CORRECT,no
MB-075,9781786541086,en,google_books,page_count,MISSING,no
MB-075,9781786541086,en,google_books,cover,CORRECT,no
MB-075,9781786541086,en,google_books,work_link,MISSING,no
MB-075,9781786541086,en,google_books,series,MISSING,no
MB-075,9781786541086,en,google_books,series_position,MISSING,no
MB-075,9781786541086,en,google_books,subjects,CORRECT,no
MB-075,9781786541086,en,wikidata,isbn_exact,MISSING,no
MB-075,9781786541086,en,wikidata,title,MISSING,no
MB-075,9781786541086,en,wikidata,subtitle,MISSING,no
MB-075,9781786541086,en,wikidata,authors,MISSING,no
MB-075,9781786541086,en,wikidata,language,MISSING,no
MB-075,9781786541086,en,wikidata,publisher,MISSING,no
MB-075,9781786541086,en,wikidata,publication_date,MISSING,no
MB-075,9781786541086,en,wikidata,page_count,MISSING,no
MB-075,9781786541086,en,wikidata,cover,MISSING,no
MB-075,9781786541086,en,wikidata,work_link,MISSING,no
MB-075,9781786541086,en,wikidata,series,MISSING,no
MB-075,9781786541086,en,wikidata,series_position,MISSING,no
MB-075,9781786541086,en,wikidata,subjects,MISSING,no
MB-075,9781786541086,en,bookbrainz,isbn_exact,MISSING,no
MB-075,9781786541086,en,bookbrainz,title,MISSING,no
MB-075,9781786541086,en,bookbrainz,subtitle,MISSING,no
MB-075,9781786541086,en,bookbrainz,authors,MISSING,no
MB-075,9781786541086,en,bookbrainz,language,MISSING,no
MB-075,9781786541086,en,bookbrainz,publisher,MISSING,no
MB-075,9781786541086,en,bookbrainz,publication_date,MISSING,no
MB-075,9781786541086,en,bookbrainz,page_count,MISSING,no
MB-075,9781786541086,en,bookbrainz,cover,MISSING,no
MB-075,9781786541086,en,bookbrainz,work_link,MISSING,no
MB-075,9781786541086,en,bookbrainz,series,MISSING,no
MB-075,9781786541086,en,bookbrainz,series_position,MISSING,no
MB-075,9781786541086,en,bookbrainz,subjects,MISSING,no
MB-076,9781786691736,en,open_library,isbn_exact,CORRECT,no
MB-076,9781786691736,en,open_library,title,CORRECT,no
MB-076,9781786691736,en,open_library,subtitle,MISSING,no
MB-076,9781786691736,en,open_library,authors,CORRECT,no
MB-076,9781786691736,en,open_library,language,CORRECT,no
MB-076,9781786691736,en,open_library,publisher,CORRECT,no
MB-076,9781786691736,en,open_library,publication_date,CORRECT,no
MB-076,9781786691736,en,open_library,page_count,CORRECT,no
MB-076,9781786691736,en,open_library,cover,CORRECT,no
MB-076,9781786691736,en,open_library,work_link,CORRECT,no
MB-076,9781786691736,en,open_library,series,MISSING,no
MB-076,9781786691736,en,open_library,series_position,MISSING,no
MB-076,9781786691736,en,open_library,subjects,CORRECT,no
MB-076,9781786691736,en,google_books,isbn_exact,CORRECT,no
MB-076,9781786691736,en,google_books,title,CORRECT,no
MB-076,9781786691736,en,google_books,subtitle,MISSING,no
MB-076,9781786691736,en,google_books,authors,CORRECT,no
MB-076,9781786691736,en,google_books,language,CORRECT,no
MB-076,9781786691736,en,google_books,publisher,MISSING,no
MB-076,9781786691736,en,google_books,publication_date,CORRECT,no
MB-076,9781786691736,en,google_books,page_count,INCORRECT,no
MB-076,9781786691736,en,google_books,cover,CORRECT,no
MB-076,9781786691736,en,google_books,work_link,MISSING,no
MB-076,9781786691736,en,google_books,series,MISSING,no
MB-076,9781786691736,en,google_books,series_position,MISSING,no
MB-076,9781786691736,en,google_books,subjects,MISSING,no
MB-076,9781786691736,en,wikidata,isbn_exact,MISSING,no
MB-076,9781786691736,en,wikidata,title,MISSING,no
MB-076,9781786691736,en,wikidata,subtitle,MISSING,no
MB-076,9781786691736,en,wikidata,authors,MISSING,no
MB-076,9781786691736,en,wikidata,language,MISSING,no
MB-076,9781786691736,en,wikidata,publisher,MISSING,no
MB-076,9781786691736,en,wikidata,publication_date,MISSING,no
MB-076,9781786691736,en,wikidata,page_count,MISSING,no
MB-076,9781786691736,en,wikidata,cover,MISSING,no
MB-076,9781786691736,en,wikidata,work_link,MISSING,no
MB-076,9781786691736,en,wikidata,series,MISSING,no
MB-076,9781786691736,en,wikidata,series_position,MISSING,no
MB-076,9781786691736,en,wikidata,subjects,MISSING,no
MB-076,9781786691736,en,bookbrainz,isbn_exact,MISSING,no
MB-076,9781786691736,en,bookbrainz,title,MISSING,no
MB-076,9781786691736,en,bookbrainz,subtitle,MISSING,no
MB-076,9781786691736,en,bookbrainz,authors,MISSING,no
MB-076,9781786691736,en,bookbrainz,language,MISSING,no
MB-076,9781786691736,en,bookbrainz,publisher,MISSING,no
MB-076,9781786691736,en,bookbrainz,publication_date,MISSING,no
MB-076,9781786691736,en,bookbrainz,page_count,MISSING,no
MB-076,9781786691736,en,bookbrainz,cover,MISSING,no
MB-076,9781786691736,en,bookbrainz,work_link,MISSING,no
MB-076,9781786691736,en,bookbrainz,series,MISSING,no
MB-076,9781786691736,en,bookbrainz,series_position,MISSING,no
MB-076,9781786691736,en,bookbrainz,subjects,MISSING,no
MB-077,9781787303133,en,open_library,isbn_exact,CORRECT,no
MB-077,9781787303133,en,open_library,title,CORRECT,no
MB-077,9781787303133,en,open_library,subtitle,MISSING,no
MB-077,9781787303133,en,open_library,authors,CORRECT,no
MB-077,9781787303133,en,open_library,language,CORRECT,no
MB-077,9781787303133,en,open_library,publisher,CORRECT,no
MB-077,9781787303133,en,open_library,publication_date,CORRECT,no
MB-077,9781787303133,en,open_library,page_count,CORRECT,no
MB-077,9781787303133,en,open_library,cover,MISSING,no
MB-077,9781787303133,en,open_library,work_link,CORRECT,no
MB-077,9781787303133,en,open_library,series,MISSING,no
MB-077,9781787303133,en,open_library,series_position,MISSING,no
MB-077,9781787303133,en,open_library,subjects,CORRECT,no
MB-077,9781787303133,en,google_books,isbn_exact,CORRECT,no
MB-077,9781787303133,en,google_books,title,CORRECT,no
MB-077,9781787303133,en,google_books,subtitle,MISSING,no
MB-077,9781787303133,en,google_books,authors,CORRECT,no
MB-077,9781787303133,en,google_books,language,CORRECT,no
MB-077,9781787303133,en,google_books,publisher,INCORRECT,no
MB-077,9781787303133,en,google_books,publication_date,CORRECT,no
MB-077,9781787303133,en,google_books,page_count,CORRECT,no
MB-077,9781787303133,en,google_books,cover,CORRECT,no
MB-077,9781787303133,en,google_books,work_link,MISSING,no
MB-077,9781787303133,en,google_books,series,MISSING,no
MB-077,9781787303133,en,google_books,series_position,MISSING,no
MB-077,9781787303133,en,google_books,subjects,MISSING,no
MB-077,9781787303133,en,wikidata,isbn_exact,MISSING,no
MB-077,9781787303133,en,wikidata,title,MISSING,no
MB-077,9781787303133,en,wikidata,subtitle,MISSING,no
MB-077,9781787303133,en,wikidata,authors,MISSING,no
MB-077,9781787303133,en,wikidata,language,MISSING,no
MB-077,9781787303133,en,wikidata,publisher,MISSING,no
MB-077,9781787303133,en,wikidata,publication_date,MISSING,no
MB-077,9781787303133,en,wikidata,page_count,MISSING,no
MB-077,9781787303133,en,wikidata,cover,MISSING,no
MB-077,9781787303133,en,wikidata,work_link,MISSING,no
MB-077,9781787303133,en,wikidata,series,MISSING,no
MB-077,9781787303133,en,wikidata,series_position,MISSING,no
MB-077,9781787303133,en,wikidata,subjects,MISSING,no
MB-077,9781787303133,en,bookbrainz,isbn_exact,MISSING,no
MB-077,9781787303133,en,bookbrainz,title,MISSING,no
MB-077,9781787303133,en,bookbrainz,subtitle,MISSING,no
MB-077,9781787303133,en,bookbrainz,authors,MISSING,no
MB-077,9781787303133,en,bookbrainz,language,MISSING,no
MB-077,9781787303133,en,bookbrainz,publisher,MISSING,no
MB-077,9781787303133,en,bookbrainz,publication_date,MISSING,no
MB-077,9781787303133,en,bookbrainz,page_count,MISSING,no
MB-077,9781787303133,en,bookbrainz,cover,MISSING,no
MB-077,9781787303133,en,bookbrainz,work_link,MISSING,no
MB-077,9781787303133,en,bookbrainz,series,MISSING,no
MB-077,9781787303133,en,bookbrainz,series_position,MISSING,no
MB-077,9781787303133,en,bookbrainz,subjects,MISSING,no
MB-078,9781800812437,en,open_library,isbn_exact,CORRECT,no
MB-078,9781800812437,en,open_library,title,CORRECT,no
MB-078,9781800812437,en,open_library,subtitle,UNVERIFIABLE,no
MB-078,9781800812437,en,open_library,authors,CORRECT,no
MB-078,9781800812437,en,open_library,language,CORRECT,no
MB-078,9781800812437,en,open_library,publisher,CORRECT,no
MB-078,9781800812437,en,open_library,publication_date,CORRECT,no
MB-078,9781800812437,en,open_library,page_count,MISSING,no
MB-078,9781800812437,en,open_library,cover,MISSING,no
MB-078,9781800812437,en,open_library,work_link,CORRECT,no
MB-078,9781800812437,en,open_library,series,MISSING,no
MB-078,9781800812437,en,open_library,series_position,MISSING,no
MB-078,9781800812437,en,open_library,subjects,MISSING,no
MB-078,9781800812437,en,google_books,isbn_exact,CORRECT,no
MB-078,9781800812437,en,google_books,title,CORRECT,no
MB-078,9781800812437,en,google_books,subtitle,UNVERIFIABLE,no
MB-078,9781800812437,en,google_books,authors,CORRECT,no
MB-078,9781800812437,en,google_books,language,CORRECT,no
MB-078,9781800812437,en,google_books,publisher,MISSING,no
MB-078,9781800812437,en,google_books,publication_date,CORRECT,no
MB-078,9781800812437,en,google_books,page_count,MISSING,no
MB-078,9781800812437,en,google_books,cover,CORRECT,no
MB-078,9781800812437,en,google_books,work_link,MISSING,no
MB-078,9781800812437,en,google_books,series,MISSING,no
MB-078,9781800812437,en,google_books,series_position,MISSING,no
MB-078,9781800812437,en,google_books,subjects,CORRECT,no
MB-078,9781800812437,en,wikidata,isbn_exact,MISSING,no
MB-078,9781800812437,en,wikidata,title,MISSING,no
MB-078,9781800812437,en,wikidata,subtitle,MISSING,no
MB-078,9781800812437,en,wikidata,authors,MISSING,no
MB-078,9781800812437,en,wikidata,language,MISSING,no
MB-078,9781800812437,en,wikidata,publisher,MISSING,no
MB-078,9781800812437,en,wikidata,publication_date,MISSING,no
MB-078,9781800812437,en,wikidata,page_count,MISSING,no
MB-078,9781800812437,en,wikidata,cover,MISSING,no
MB-078,9781800812437,en,wikidata,work_link,MISSING,no
MB-078,9781800812437,en,wikidata,series,MISSING,no
MB-078,9781800812437,en,wikidata,series_position,MISSING,no
MB-078,9781800812437,en,wikidata,subjects,MISSING,no
MB-078,9781800812437,en,bookbrainz,isbn_exact,MISSING,no
MB-078,9781800812437,en,bookbrainz,title,MISSING,no
MB-078,9781800812437,en,bookbrainz,subtitle,MISSING,no
MB-078,9781800812437,en,bookbrainz,authors,MISSING,no
MB-078,9781800812437,en,bookbrainz,language,MISSING,no
MB-078,9781800812437,en,bookbrainz,publisher,MISSING,no
MB-078,9781800812437,en,bookbrainz,publication_date,MISSING,no
MB-078,9781800812437,en,bookbrainz,page_count,MISSING,no
MB-078,9781800812437,en,bookbrainz,cover,MISSING,no
MB-078,9781800812437,en,bookbrainz,work_link,MISSING,no
MB-078,9781800812437,en,bookbrainz,series,MISSING,no
MB-078,9781800812437,en,bookbrainz,series_position,MISSING,no
MB-078,9781800812437,en,bookbrainz,subjects,MISSING,no
MB-079,9781804990032,en,open_library,isbn_exact,CORRECT,no
MB-079,9781804990032,en,open_library,title,CORRECT,no
MB-079,9781804990032,en,open_library,subtitle,UNVERIFIABLE,no
MB-079,9781804990032,en,open_library,authors,CORRECT,no
MB-079,9781804990032,en,open_library,language,CORRECT,no
MB-079,9781804990032,en,open_library,publisher,CORRECT,no
MB-079,9781804990032,en,open_library,publication_date,CORRECT,no
MB-079,9781804990032,en,open_library,page_count,MISSING,no
MB-079,9781804990032,en,open_library,cover,MISSING,no
MB-079,9781804990032,en,open_library,work_link,CORRECT,no
MB-079,9781804990032,en,open_library,series,MISSING,no
MB-079,9781804990032,en,open_library,series_position,MISSING,no
MB-079,9781804990032,en,open_library,subjects,MISSING,no
MB-079,9781804990032,en,google_books,isbn_exact,CORRECT,no
MB-079,9781804990032,en,google_books,title,CORRECT,no
MB-079,9781804990032,en,google_books,subtitle,UNVERIFIABLE,no
MB-079,9781804990032,en,google_books,authors,CORRECT,no
MB-079,9781804990032,en,google_books,language,CORRECT,no
MB-079,9781804990032,en,google_books,publisher,INCORRECT,no
MB-079,9781804990032,en,google_books,publication_date,INCORRECT,no
MB-079,9781804990032,en,google_books,page_count,MISSING,no
MB-079,9781804990032,en,google_books,cover,CORRECT,no
MB-079,9781804990032,en,google_books,work_link,MISSING,no
MB-079,9781804990032,en,google_books,series,MISSING,no
MB-079,9781804990032,en,google_books,series_position,MISSING,no
MB-079,9781804990032,en,google_books,subjects,CORRECT,no
MB-079,9781804990032,en,wikidata,isbn_exact,MISSING,no
MB-079,9781804990032,en,wikidata,title,MISSING,no
MB-079,9781804990032,en,wikidata,subtitle,MISSING,no
MB-079,9781804990032,en,wikidata,authors,MISSING,no
MB-079,9781804990032,en,wikidata,language,MISSING,no
MB-079,9781804990032,en,wikidata,publisher,MISSING,no
MB-079,9781804990032,en,wikidata,publication_date,MISSING,no
MB-079,9781804990032,en,wikidata,page_count,MISSING,no
MB-079,9781804990032,en,wikidata,cover,MISSING,no
MB-079,9781804990032,en,wikidata,work_link,MISSING,no
MB-079,9781804990032,en,wikidata,series,MISSING,no
MB-079,9781804990032,en,wikidata,series_position,MISSING,no
MB-079,9781804990032,en,wikidata,subjects,MISSING,no
MB-079,9781804990032,en,bookbrainz,isbn_exact,MISSING,no
MB-079,9781804990032,en,bookbrainz,title,MISSING,no
MB-079,9781804990032,en,bookbrainz,subtitle,MISSING,no
MB-079,9781804990032,en,bookbrainz,authors,MISSING,no
MB-079,9781804990032,en,bookbrainz,language,MISSING,no
MB-079,9781804990032,en,bookbrainz,publisher,MISSING,no
MB-079,9781804990032,en,bookbrainz,publication_date,MISSING,no
MB-079,9781804990032,en,bookbrainz,page_count,MISSING,no
MB-079,9781804990032,en,bookbrainz,cover,MISSING,no
MB-079,9781804990032,en,bookbrainz,work_link,MISSING,no
MB-079,9781804990032,en,bookbrainz,series,MISSING,no
MB-079,9781804990032,en,bookbrainz,series_position,MISSING,no
MB-079,9781804990032,en,bookbrainz,subjects,MISSING,no
MB-080,9798217007868,en,open_library,isbn_exact,CORRECT,no
MB-080,9798217007868,en,open_library,title,CORRECT,no
MB-080,9798217007868,en,open_library,subtitle,MISSING,no
MB-080,9798217007868,en,open_library,authors,CORRECT,no
MB-080,9798217007868,en,open_library,language,CORRECT,no
MB-080,9798217007868,en,open_library,publisher,CORRECT,no
MB-080,9798217007868,en,open_library,publication_date,CORRECT,no
MB-080,9798217007868,en,open_library,page_count,CORRECT,no
MB-080,9798217007868,en,open_library,cover,MISSING,no
MB-080,9798217007868,en,open_library,work_link,CORRECT,no
MB-080,9798217007868,en,open_library,series,MISSING,no
MB-080,9798217007868,en,open_library,series_position,MISSING,no
MB-080,9798217007868,en,open_library,subjects,MISSING,no
MB-080,9798217007868,en,google_books,isbn_exact,CORRECT,no
MB-080,9798217007868,en,google_books,title,CORRECT,no
MB-080,9798217007868,en,google_books,subtitle,MISSING,no
MB-080,9798217007868,en,google_books,authors,CORRECT,no
MB-080,9798217007868,en,google_books,language,CORRECT,no
MB-080,9798217007868,en,google_books,publisher,INCORRECT,no
MB-080,9798217007868,en,google_books,publication_date,CORRECT,no
MB-080,9798217007868,en,google_books,page_count,INCORRECT,no
MB-080,9798217007868,en,google_books,cover,CORRECT,no
MB-080,9798217007868,en,google_books,work_link,MISSING,no
MB-080,9798217007868,en,google_books,series,MISSING,no
MB-080,9798217007868,en,google_books,series_position,MISSING,no
MB-080,9798217007868,en,google_books,subjects,CORRECT,no
MB-080,9798217007868,en,wikidata,isbn_exact,MISSING,no
MB-080,9798217007868,en,wikidata,title,MISSING,no
MB-080,9798217007868,en,wikidata,subtitle,MISSING,no
MB-080,9798217007868,en,wikidata,authors,MISSING,no
MB-080,9798217007868,en,wikidata,language,MISSING,no
MB-080,9798217007868,en,wikidata,publisher,MISSING,no
MB-080,9798217007868,en,wikidata,publication_date,MISSING,no
MB-080,9798217007868,en,wikidata,page_count,MISSING,no
MB-080,9798217007868,en,wikidata,cover,MISSING,no
MB-080,9798217007868,en,wikidata,work_link,MISSING,no
MB-080,9798217007868,en,wikidata,series,MISSING,no
MB-080,9798217007868,en,wikidata,series_position,MISSING,no
MB-080,9798217007868,en,wikidata,subjects,MISSING,no
MB-080,9798217007868,en,bookbrainz,isbn_exact,MISSING,no
MB-080,9798217007868,en,bookbrainz,title,MISSING,no
MB-080,9798217007868,en,bookbrainz,subtitle,MISSING,no
MB-080,9798217007868,en,bookbrainz,authors,MISSING,no
MB-080,9798217007868,en,bookbrainz,language,MISSING,no
MB-080,9798217007868,en,bookbrainz,publisher,MISSING,no
MB-080,9798217007868,en,bookbrainz,publication_date,MISSING,no
MB-080,9798217007868,en,bookbrainz,page_count,MISSING,no
MB-080,9798217007868,en,bookbrainz,cover,MISSING,no
MB-080,9798217007868,en,bookbrainz,work_link,MISSING,no
MB-080,9798217007868,en,bookbrainz,series,MISSING,no
MB-080,9798217007868,en,bookbrainz,series_position,MISSING,no
MB-080,9798217007868,en,bookbrainz,subjects,MISSING,no
MB-081,9780007538065,en,open_library,isbn_exact,CORRECT,no
MB-081,9780007538065,en,open_library,title,CORRECT,no
MB-081,9780007538065,en,open_library,subtitle,MISSING,no
MB-081,9780007538065,en,open_library,authors,MISSING,no
MB-081,9780007538065,en,open_library,language,CORRECT,no
MB-081,9780007538065,en,open_library,publisher,CORRECT,no
MB-081,9780007538065,en,open_library,publication_date,CORRECT,no
MB-081,9780007538065,en,open_library,page_count,MISSING,no
MB-081,9780007538065,en,open_library,cover,CORRECT,no
MB-081,9780007538065,en,open_library,work_link,CORRECT,no
MB-081,9780007538065,en,open_library,series,UNVERIFIABLE,no
MB-081,9780007538065,en,open_library,series_position,MISSING,no
MB-081,9780007538065,en,open_library,subjects,MISSING,no
MB-081,9780007538065,en,google_books,isbn_exact,CORRECT,no
MB-081,9780007538065,en,google_books,title,CORRECT,no
MB-081,9780007538065,en,google_books,subtitle,MISSING,no
MB-081,9780007538065,en,google_books,authors,UNVERIFIABLE,no
MB-081,9780007538065,en,google_books,language,CORRECT,no
MB-081,9780007538065,en,google_books,publisher,CORRECT,no
MB-081,9780007538065,en,google_books,publication_date,CORRECT,no
MB-081,9780007538065,en,google_books,page_count,MISSING,no
MB-081,9780007538065,en,google_books,cover,CORRECT,no
MB-081,9780007538065,en,google_books,work_link,MISSING,no
MB-081,9780007538065,en,google_books,series,MISSING,no
MB-081,9780007538065,en,google_books,series_position,MISSING,no
MB-081,9780007538065,en,google_books,subjects,CORRECT,no
MB-081,9780007538065,en,wikidata,isbn_exact,CORRECT,no
MB-081,9780007538065,en,wikidata,title,CORRECT,no
MB-081,9780007538065,en,wikidata,subtitle,MISSING,no
MB-081,9780007538065,en,wikidata,authors,UNVERIFIABLE,no
MB-081,9780007538065,en,wikidata,language,CORRECT,no
MB-081,9780007538065,en,wikidata,publisher,INCORRECT,no
MB-081,9780007538065,en,wikidata,publication_date,CORRECT,no
MB-081,9780007538065,en,wikidata,page_count,UNVERIFIABLE,no
MB-081,9780007538065,en,wikidata,cover,MISSING,no
MB-081,9780007538065,en,wikidata,work_link,CORRECT,no
MB-081,9780007538065,en,wikidata,series,MISSING,no
MB-081,9780007538065,en,wikidata,series_position,MISSING,no
MB-081,9780007538065,en,wikidata,subjects,MISSING,no
MB-081,9780007538065,en,bookbrainz,isbn_exact,MISSING,no
MB-081,9780007538065,en,bookbrainz,title,MISSING,no
MB-081,9780007538065,en,bookbrainz,subtitle,MISSING,no
MB-081,9780007538065,en,bookbrainz,authors,MISSING,no
MB-081,9780007538065,en,bookbrainz,language,MISSING,no
MB-081,9780007538065,en,bookbrainz,publisher,MISSING,no
MB-081,9780007538065,en,bookbrainz,publication_date,MISSING,no
MB-081,9780007538065,en,bookbrainz,page_count,MISSING,no
MB-081,9780007538065,en,bookbrainz,cover,MISSING,no
MB-081,9780007538065,en,bookbrainz,work_link,MISSING,no
MB-081,9780007538065,en,bookbrainz,series,MISSING,no
MB-081,9780007538065,en,bookbrainz,series_position,MISSING,no
MB-081,9780007538065,en,bookbrainz,subjects,MISSING,no
MB-082,9780008715786,en,open_library,isbn_exact,CORRECT,no
MB-082,9780008715786,en,open_library,title,CORRECT,no
MB-082,9780008715786,en,open_library,subtitle,MISSING,no
MB-082,9780008715786,en,open_library,authors,CORRECT,no
MB-082,9780008715786,en,open_library,language,CORRECT,no
MB-082,9780008715786,en,open_library,publisher,CORRECT,no
MB-082,9780008715786,en,open_library,publication_date,CORRECT,no
MB-082,9780008715786,en,open_library,page_count,MISSING,no
MB-082,9780008715786,en,open_library,cover,CORRECT,no
MB-082,9780008715786,en,open_library,work_link,CORRECT,no
MB-082,9780008715786,en,open_library,series,MISSING,no
MB-082,9780008715786,en,open_library,series_position,MISSING,no
MB-082,9780008715786,en,open_library,subjects,MISSING,no
MB-082,9780008715786,en,google_books,isbn_exact,MISSING,no
MB-082,9780008715786,en,google_books,title,MISSING,no
MB-082,9780008715786,en,google_books,subtitle,MISSING,no
MB-082,9780008715786,en,google_books,authors,MISSING,no
MB-082,9780008715786,en,google_books,language,MISSING,no
MB-082,9780008715786,en,google_books,publisher,MISSING,no
MB-082,9780008715786,en,google_books,publication_date,MISSING,no
MB-082,9780008715786,en,google_books,page_count,MISSING,no
MB-082,9780008715786,en,google_books,cover,MISSING,no
MB-082,9780008715786,en,google_books,work_link,MISSING,no
MB-082,9780008715786,en,google_books,series,MISSING,no
MB-082,9780008715786,en,google_books,series_position,MISSING,no
MB-082,9780008715786,en,google_books,subjects,MISSING,no
MB-082,9780008715786,en,wikidata,isbn_exact,MISSING,no
MB-082,9780008715786,en,wikidata,title,MISSING,no
MB-082,9780008715786,en,wikidata,subtitle,MISSING,no
MB-082,9780008715786,en,wikidata,authors,MISSING,no
MB-082,9780008715786,en,wikidata,language,MISSING,no
MB-082,9780008715786,en,wikidata,publisher,MISSING,no
MB-082,9780008715786,en,wikidata,publication_date,MISSING,no
MB-082,9780008715786,en,wikidata,page_count,MISSING,no
MB-082,9780008715786,en,wikidata,cover,MISSING,no
MB-082,9780008715786,en,wikidata,work_link,MISSING,no
MB-082,9780008715786,en,wikidata,series,MISSING,no
MB-082,9780008715786,en,wikidata,series_position,MISSING,no
MB-082,9780008715786,en,wikidata,subjects,MISSING,no
MB-082,9780008715786,en,bookbrainz,isbn_exact,MISSING,no
MB-082,9780008715786,en,bookbrainz,title,MISSING,no
MB-082,9780008715786,en,bookbrainz,subtitle,MISSING,no
MB-082,9780008715786,en,bookbrainz,authors,MISSING,no
MB-082,9780008715786,en,bookbrainz,language,MISSING,no
MB-082,9780008715786,en,bookbrainz,publisher,MISSING,no
MB-082,9780008715786,en,bookbrainz,publication_date,MISSING,no
MB-082,9780008715786,en,bookbrainz,page_count,MISSING,no
MB-082,9780008715786,en,bookbrainz,cover,MISSING,no
MB-082,9780008715786,en,bookbrainz,work_link,MISSING,no
MB-082,9780008715786,en,bookbrainz,series,MISSING,no
MB-082,9780008715786,en,bookbrainz,series_position,MISSING,no
MB-082,9780008715786,en,bookbrainz,subjects,MISSING,no
MB-083,9780099532958,en,open_library,isbn_exact,CORRECT,no
MB-083,9780099532958,en,open_library,title,CORRECT,no
MB-083,9780099532958,en,open_library,subtitle,UNVERIFIABLE,no
MB-083,9780099532958,en,open_library,authors,CORRECT,no
MB-083,9780099532958,en,open_library,language,CORRECT,no
MB-083,9780099532958,en,open_library,publisher,CORRECT,no
MB-083,9780099532958,en,open_library,publication_date,CORRECT,no
MB-083,9780099532958,en,open_library,page_count,CORRECT,no
MB-083,9780099532958,en,open_library,cover,MISSING,no
MB-083,9780099532958,en,open_library,work_link,CORRECT,no
MB-083,9780099532958,en,open_library,series,MISSING,no
MB-083,9780099532958,en,open_library,series_position,MISSING,no
MB-083,9780099532958,en,open_library,subjects,CORRECT,no
MB-083,9780099532958,en,google_books,isbn_exact,CORRECT,no
MB-083,9780099532958,en,google_books,title,CORRECT,no
MB-083,9780099532958,en,google_books,subtitle,MISSING,no
MB-083,9780099532958,en,google_books,authors,CORRECT,no
MB-083,9780099532958,en,google_books,language,CORRECT,no
MB-083,9780099532958,en,google_books,publisher,INCORRECT,no
MB-083,9780099532958,en,google_books,publication_date,CORRECT,no
MB-083,9780099532958,en,google_books,page_count,MISSING,no
MB-083,9780099532958,en,google_books,cover,CORRECT,no
MB-083,9780099532958,en,google_books,work_link,MISSING,no
MB-083,9780099532958,en,google_books,series,MISSING,no
MB-083,9780099532958,en,google_books,series_position,MISSING,no
MB-083,9780099532958,en,google_books,subjects,CORRECT,no
MB-083,9780099532958,en,wikidata,isbn_exact,MISSING,no
MB-083,9780099532958,en,wikidata,title,MISSING,no
MB-083,9780099532958,en,wikidata,subtitle,MISSING,no
MB-083,9780099532958,en,wikidata,authors,MISSING,no
MB-083,9780099532958,en,wikidata,language,MISSING,no
MB-083,9780099532958,en,wikidata,publisher,MISSING,no
MB-083,9780099532958,en,wikidata,publication_date,MISSING,no
MB-083,9780099532958,en,wikidata,page_count,MISSING,no
MB-083,9780099532958,en,wikidata,cover,MISSING,no
MB-083,9780099532958,en,wikidata,work_link,MISSING,no
MB-083,9780099532958,en,wikidata,series,MISSING,no
MB-083,9780099532958,en,wikidata,series_position,MISSING,no
MB-083,9780099532958,en,wikidata,subjects,MISSING,no
MB-083,9780099532958,en,bookbrainz,isbn_exact,MISSING,no
MB-083,9780099532958,en,bookbrainz,title,MISSING,no
MB-083,9780099532958,en,bookbrainz,subtitle,MISSING,no
MB-083,9780099532958,en,bookbrainz,authors,MISSING,no
MB-083,9780099532958,en,bookbrainz,language,MISSING,no
MB-083,9780099532958,en,bookbrainz,publisher,MISSING,no
MB-083,9780099532958,en,bookbrainz,publication_date,MISSING,no
MB-083,9780099532958,en,bookbrainz,page_count,MISSING,no
MB-083,9780099532958,en,bookbrainz,cover,MISSING,no
MB-083,9780099532958,en,bookbrainz,work_link,MISSING,no
MB-083,9780099532958,en,bookbrainz,series,MISSING,no
MB-083,9780099532958,en,bookbrainz,series_position,MISSING,no
MB-083,9780099532958,en,bookbrainz,subjects,MISSING,no
MB-084,9780141021621,en,open_library,isbn_exact,CORRECT,no
MB-084,9780141021621,en,open_library,title,CORRECT,no
MB-084,9780141021621,en,open_library,subtitle,MISSING,no
MB-084,9780141021621,en,open_library,authors,CORRECT,no
MB-084,9780141021621,en,open_library,language,CORRECT,no
MB-084,9780141021621,en,open_library,publisher,CORRECT,no
MB-084,9780141021621,en,open_library,publication_date,CORRECT,no
MB-084,9780141021621,en,open_library,page_count,MISSING,no
MB-084,9780141021621,en,open_library,cover,MISSING,no
MB-084,9780141021621,en,open_library,work_link,CORRECT,no
MB-084,9780141021621,en,open_library,series,MISSING,no
MB-084,9780141021621,en,open_library,series_position,MISSING,no
MB-084,9780141021621,en,open_library,subjects,CORRECT,no
MB-084,9780141021621,en,google_books,isbn_exact,CORRECT,no
MB-084,9780141021621,en,google_books,title,CORRECT,no
MB-084,9780141021621,en,google_books,subtitle,MISSING,no
MB-084,9780141021621,en,google_books,authors,CORRECT,no
MB-084,9780141021621,en,google_books,language,CORRECT,no
MB-084,9780141021621,en,google_books,publisher,CORRECT,no
MB-084,9780141021621,en,google_books,publication_date,CORRECT,no
MB-084,9780141021621,en,google_books,page_count,UNVERIFIABLE,no
MB-084,9780141021621,en,google_books,cover,CORRECT,no
MB-084,9780141021621,en,google_books,work_link,MISSING,no
MB-084,9780141021621,en,google_books,series,MISSING,no
MB-084,9780141021621,en,google_books,series_position,MISSING,no
MB-084,9780141021621,en,google_books,subjects,CORRECT,no
MB-084,9780141021621,en,wikidata,isbn_exact,MISSING,no
MB-084,9780141021621,en,wikidata,title,MISSING,no
MB-084,9780141021621,en,wikidata,subtitle,MISSING,no
MB-084,9780141021621,en,wikidata,authors,MISSING,no
MB-084,9780141021621,en,wikidata,language,MISSING,no
MB-084,9780141021621,en,wikidata,publisher,MISSING,no
MB-084,9780141021621,en,wikidata,publication_date,MISSING,no
MB-084,9780141021621,en,wikidata,page_count,MISSING,no
MB-084,9780141021621,en,wikidata,cover,MISSING,no
MB-084,9780141021621,en,wikidata,work_link,MISSING,no
MB-084,9780141021621,en,wikidata,series,MISSING,no
MB-084,9780141021621,en,wikidata,series_position,MISSING,no
MB-084,9780141021621,en,wikidata,subjects,MISSING,no
MB-084,9780141021621,en,bookbrainz,isbn_exact,MISSING,no
MB-084,9780141021621,en,bookbrainz,title,MISSING,no
MB-084,9780141021621,en,bookbrainz,subtitle,MISSING,no
MB-084,9780141021621,en,bookbrainz,authors,MISSING,no
MB-084,9780141021621,en,bookbrainz,language,MISSING,no
MB-084,9780141021621,en,bookbrainz,publisher,MISSING,no
MB-084,9780141021621,en,bookbrainz,publication_date,MISSING,no
MB-084,9780141021621,en,bookbrainz,page_count,MISSING,no
MB-084,9780141021621,en,bookbrainz,cover,MISSING,no
MB-084,9780141021621,en,bookbrainz,work_link,MISSING,no
MB-084,9780141021621,en,bookbrainz,series,MISSING,no
MB-084,9780141021621,en,bookbrainz,series_position,MISSING,no
MB-084,9780141021621,en,bookbrainz,subjects,MISSING,no
MB-085,9780142437247,en,open_library,isbn_exact,CORRECT,no
MB-085,9780142437247,en,open_library,title,CORRECT,no
MB-085,9780142437247,en,open_library,subtitle,MISSING,no
MB-085,9780142437247,en,open_library,authors,CORRECT,no
MB-085,9780142437247,en,open_library,language,CORRECT,no
MB-085,9780142437247,en,open_library,publisher,CORRECT,no
MB-085,9780142437247,en,open_library,publication_date,CORRECT,no
MB-085,9780142437247,en,open_library,page_count,CORRECT,no
MB-085,9780142437247,en,open_library,cover,CORRECT,no
MB-085,9780142437247,en,open_library,work_link,CORRECT,no
MB-085,9780142437247,en,open_library,series,UNVERIFIABLE,no
MB-085,9780142437247,en,open_library,series_position,MISSING,no
MB-085,9780142437247,en,open_library,subjects,CORRECT,no
MB-085,9780142437247,en,google_books,isbn_exact,CORRECT,no
MB-085,9780142437247,en,google_books,title,INCORRECT,no
MB-085,9780142437247,en,google_books,subtitle,UNVERIFIABLE,no
MB-085,9780142437247,en,google_books,authors,CORRECT,no
MB-085,9780142437247,en,google_books,language,CORRECT,no
MB-085,9780142437247,en,google_books,publisher,CORRECT,no
MB-085,9780142437247,en,google_books,publication_date,INCORRECT,no
MB-085,9780142437247,en,google_books,page_count,INCORRECT,no
MB-085,9780142437247,en,google_books,cover,CORRECT,no
MB-085,9780142437247,en,google_books,work_link,MISSING,no
MB-085,9780142437247,en,google_books,series,MISSING,no
MB-085,9780142437247,en,google_books,series_position,MISSING,no
MB-085,9780142437247,en,google_books,subjects,CORRECT,no
MB-085,9780142437247,en,wikidata,isbn_exact,MISSING,no
MB-085,9780142437247,en,wikidata,title,MISSING,no
MB-085,9780142437247,en,wikidata,subtitle,MISSING,no
MB-085,9780142437247,en,wikidata,authors,MISSING,no
MB-085,9780142437247,en,wikidata,language,MISSING,no
MB-085,9780142437247,en,wikidata,publisher,MISSING,no
MB-085,9780142437247,en,wikidata,publication_date,MISSING,no
MB-085,9780142437247,en,wikidata,page_count,MISSING,no
MB-085,9780142437247,en,wikidata,cover,MISSING,no
MB-085,9780142437247,en,wikidata,work_link,MISSING,no
MB-085,9780142437247,en,wikidata,series,MISSING,no
MB-085,9780142437247,en,wikidata,series_position,MISSING,no
MB-085,9780142437247,en,wikidata,subjects,MISSING,no
MB-085,9780142437247,en,bookbrainz,isbn_exact,MISSING,no
MB-085,9780142437247,en,bookbrainz,title,MISSING,no
MB-085,9780142437247,en,bookbrainz,subtitle,MISSING,no
MB-085,9780142437247,en,bookbrainz,authors,MISSING,no
MB-085,9780142437247,en,bookbrainz,language,MISSING,no
MB-085,9780142437247,en,bookbrainz,publisher,MISSING,no
MB-085,9780142437247,en,bookbrainz,publication_date,MISSING,no
MB-085,9780142437247,en,bookbrainz,page_count,MISSING,no
MB-085,9780142437247,en,bookbrainz,cover,MISSING,no
MB-085,9780142437247,en,bookbrainz,work_link,MISSING,no
MB-085,9780142437247,en,bookbrainz,series,MISSING,no
MB-085,9780142437247,en,bookbrainz,series_position,MISSING,no
MB-085,9780142437247,en,bookbrainz,subjects,MISSING,no
MB-086,9780241425428,en,open_library,isbn_exact,CORRECT,no
MB-086,9780241425428,en,open_library,title,CORRECT,no
MB-086,9780241425428,en,open_library,subtitle,MISSING,no
MB-086,9780241425428,en,open_library,authors,MISSING,no
MB-086,9780241425428,en,open_library,language,CORRECT,no
MB-086,9780241425428,en,open_library,publisher,CORRECT,no
MB-086,9780241425428,en,open_library,publication_date,CORRECT,no
MB-086,9780241425428,en,open_library,page_count,CORRECT,no
MB-086,9780241425428,en,open_library,cover,CORRECT,no
MB-086,9780241425428,en,open_library,work_link,CORRECT,no
MB-086,9780241425428,en,open_library,series,UNVERIFIABLE,no
MB-086,9780241425428,en,open_library,series_position,MISSING,no
MB-086,9780241425428,en,open_library,subjects,MISSING,no
MB-086,9780241425428,en,google_books,isbn_exact,CORRECT,no
MB-086,9780241425428,en,google_books,title,CORRECT,no
MB-086,9780241425428,en,google_books,subtitle,MISSING,no
MB-086,9780241425428,en,google_books,authors,CORRECT,no
MB-086,9780241425428,en,google_books,language,CORRECT,no
MB-086,9780241425428,en,google_books,publisher,CORRECT,no
MB-086,9780241425428,en,google_books,publication_date,CORRECT,no
MB-086,9780241425428,en,google_books,page_count,INCORRECT,no
MB-086,9780241425428,en,google_books,cover,CORRECT,no
MB-086,9780241425428,en,google_books,work_link,MISSING,no
MB-086,9780241425428,en,google_books,series,MISSING,no
MB-086,9780241425428,en,google_books,series_position,MISSING,no
MB-086,9780241425428,en,google_books,subjects,CORRECT,no
MB-086,9780241425428,en,wikidata,isbn_exact,MISSING,no
MB-086,9780241425428,en,wikidata,title,MISSING,no
MB-086,9780241425428,en,wikidata,subtitle,MISSING,no
MB-086,9780241425428,en,wikidata,authors,MISSING,no
MB-086,9780241425428,en,wikidata,language,MISSING,no
MB-086,9780241425428,en,wikidata,publisher,MISSING,no
MB-086,9780241425428,en,wikidata,publication_date,MISSING,no
MB-086,9780241425428,en,wikidata,page_count,MISSING,no
MB-086,9780241425428,en,wikidata,cover,MISSING,no
MB-086,9780241425428,en,wikidata,work_link,MISSING,no
MB-086,9780241425428,en,wikidata,series,MISSING,no
MB-086,9780241425428,en,wikidata,series_position,MISSING,no
MB-086,9780241425428,en,wikidata,subjects,MISSING,no
MB-086,9780241425428,en,bookbrainz,isbn_exact,MISSING,no
MB-086,9780241425428,en,bookbrainz,title,MISSING,no
MB-086,9780241425428,en,bookbrainz,subtitle,MISSING,no
MB-086,9780241425428,en,bookbrainz,authors,MISSING,no
MB-086,9780241425428,en,bookbrainz,language,MISSING,no
MB-086,9780241425428,en,bookbrainz,publisher,MISSING,no
MB-086,9780241425428,en,bookbrainz,publication_date,MISSING,no
MB-086,9780241425428,en,bookbrainz,page_count,MISSING,no
MB-086,9780241425428,en,bookbrainz,cover,MISSING,no
MB-086,9780241425428,en,bookbrainz,work_link,MISSING,no
MB-086,9780241425428,en,bookbrainz,series,MISSING,no
MB-086,9780241425428,en,bookbrainz,series_position,MISSING,no
MB-086,9780241425428,en,bookbrainz,subjects,MISSING,no
MB-087,9780241961001,en,open_library,isbn_exact,CORRECT,no
MB-087,9780241961001,en,open_library,title,CORRECT,no
MB-087,9780241961001,en,open_library,subtitle,MISSING,no
MB-087,9780241961001,en,open_library,authors,CORRECT,no
MB-087,9780241961001,en,open_library,language,CORRECT,no
MB-087,9780241961001,en,open_library,publisher,CORRECT,no
MB-087,9780241961001,en,open_library,publication_date,CORRECT,no
MB-087,9780241961001,en,open_library,page_count,CORRECT,no
MB-087,9780241961001,en,open_library,cover,MISSING,no
MB-087,9780241961001,en,open_library,work_link,CORRECT,no
MB-087,9780241961001,en,open_library,series,MISSING,no
MB-087,9780241961001,en,open_library,series_position,MISSING,no
MB-087,9780241961001,en,open_library,subjects,CORRECT,no
MB-087,9780241961001,en,google_books,isbn_exact,CORRECT,no
MB-087,9780241961001,en,google_books,title,CORRECT,no
MB-087,9780241961001,en,google_books,subtitle,MISSING,no
MB-087,9780241961001,en,google_books,authors,CORRECT,no
MB-087,9780241961001,en,google_books,language,CORRECT,no
MB-087,9780241961001,en,google_books,publisher,MISSING,no
MB-087,9780241961001,en,google_books,publication_date,CORRECT,no
MB-087,9780241961001,en,google_books,page_count,INCORRECT,no
MB-087,9780241961001,en,google_books,cover,CORRECT,no
MB-087,9780241961001,en,google_books,work_link,MISSING,no
MB-087,9780241961001,en,google_books,series,MISSING,no
MB-087,9780241961001,en,google_books,series_position,MISSING,no
MB-087,9780241961001,en,google_books,subjects,MISSING,no
MB-087,9780241961001,en,wikidata,isbn_exact,CORRECT,no
MB-087,9780241961001,en,wikidata,title,CORRECT,no
MB-087,9780241961001,en,wikidata,subtitle,MISSING,no
MB-087,9780241961001,en,wikidata,authors,CORRECT,no
MB-087,9780241961001,en,wikidata,language,CORRECT,no
MB-087,9780241961001,en,wikidata,publisher,CORRECT,no
MB-087,9780241961001,en,wikidata,publication_date,CORRECT,no
MB-087,9780241961001,en,wikidata,page_count,INCORRECT,no
MB-087,9780241961001,en,wikidata,cover,MISSING,no
MB-087,9780241961001,en,wikidata,work_link,CORRECT,no
MB-087,9780241961001,en,wikidata,series,MISSING,no
MB-087,9780241961001,en,wikidata,series_position,MISSING,no
MB-087,9780241961001,en,wikidata,subjects,MISSING,no
MB-087,9780241961001,en,bookbrainz,isbn_exact,MISSING,no
MB-087,9780241961001,en,bookbrainz,title,MISSING,no
MB-087,9780241961001,en,bookbrainz,subtitle,MISSING,no
MB-087,9780241961001,en,bookbrainz,authors,MISSING,no
MB-087,9780241961001,en,bookbrainz,language,MISSING,no
MB-087,9780241961001,en,bookbrainz,publisher,MISSING,no
MB-087,9780241961001,en,bookbrainz,publication_date,MISSING,no
MB-087,9780241961001,en,bookbrainz,page_count,MISSING,no
MB-087,9780241961001,en,bookbrainz,cover,MISSING,no
MB-087,9780241961001,en,bookbrainz,work_link,MISSING,no
MB-087,9780241961001,en,bookbrainz,series,MISSING,no
MB-087,9780241961001,en,bookbrainz,series_position,MISSING,no
MB-087,9780241961001,en,bookbrainz,subjects,MISSING,no
MB-088,9780273769248,en,open_library,isbn_exact,CORRECT,no
MB-088,9780273769248,en,open_library,title,CORRECT,no
MB-088,9780273769248,en,open_library,subtitle,MISSING,no
MB-088,9780273769248,en,open_library,authors,CORRECT,no
MB-088,9780273769248,en,open_library,language,CORRECT,no
MB-088,9780273769248,en,open_library,publisher,CORRECT,no
MB-088,9780273769248,en,open_library,publication_date,CORRECT,no
MB-088,9780273769248,en,open_library,page_count,CORRECT,no
MB-088,9780273769248,en,open_library,cover,MISSING,no
MB-088,9780273769248,en,open_library,work_link,CORRECT,no
MB-088,9780273769248,en,open_library,series,MISSING,no
MB-088,9780273769248,en,open_library,series_position,MISSING,no
MB-088,9780273769248,en,open_library,subjects,CORRECT,no
MB-088,9780273769248,en,google_books,isbn_exact,CORRECT,no
MB-088,9780273769248,en,google_books,title,CORRECT,no
MB-088,9780273769248,en,google_books,subtitle,MISSING,no
MB-088,9780273769248,en,google_books,authors,CORRECT,no
MB-088,9780273769248,en,google_books,language,CORRECT,no
MB-088,9780273769248,en,google_books,publisher,CORRECT,no
MB-088,9780273769248,en,google_books,publication_date,CORRECT,no
MB-088,9780273769248,en,google_books,page_count,CORRECT,no
MB-088,9780273769248,en,google_books,cover,CORRECT,no
MB-088,9780273769248,en,google_books,work_link,MISSING,no
MB-088,9780273769248,en,google_books,series,MISSING,no
MB-088,9780273769248,en,google_books,series_position,MISSING,no
MB-088,9780273769248,en,google_books,subjects,CORRECT,no
MB-088,9780273769248,en,wikidata,isbn_exact,MISSING,no
MB-088,9780273769248,en,wikidata,title,MISSING,no
MB-088,9780273769248,en,wikidata,subtitle,MISSING,no
MB-088,9780273769248,en,wikidata,authors,MISSING,no
MB-088,9780273769248,en,wikidata,language,MISSING,no
MB-088,9780273769248,en,wikidata,publisher,MISSING,no
MB-088,9780273769248,en,wikidata,publication_date,MISSING,no
MB-088,9780273769248,en,wikidata,page_count,MISSING,no
MB-088,9780273769248,en,wikidata,cover,MISSING,no
MB-088,9780273769248,en,wikidata,work_link,MISSING,no
MB-088,9780273769248,en,wikidata,series,MISSING,no
MB-088,9780273769248,en,wikidata,series_position,MISSING,no
MB-088,9780273769248,en,wikidata,subjects,MISSING,no
MB-088,9780273769248,en,bookbrainz,isbn_exact,MISSING,no
MB-088,9780273769248,en,bookbrainz,title,MISSING,no
MB-088,9780273769248,en,bookbrainz,subtitle,MISSING,no
MB-088,9780273769248,en,bookbrainz,authors,MISSING,no
MB-088,9780273769248,en,bookbrainz,language,MISSING,no
MB-088,9780273769248,en,bookbrainz,publisher,MISSING,no
MB-088,9780273769248,en,bookbrainz,publication_date,MISSING,no
MB-088,9780273769248,en,bookbrainz,page_count,MISSING,no
MB-088,9780273769248,en,bookbrainz,cover,MISSING,no
MB-088,9780273769248,en,bookbrainz,work_link,MISSING,no
MB-088,9780273769248,en,bookbrainz,series,MISSING,no
MB-088,9780273769248,en,bookbrainz,series_position,MISSING,no
MB-088,9780273769248,en,bookbrainz,subjects,MISSING,no
MB-089,9780307951526,en,open_library,isbn_exact,CORRECT,no
MB-089,9780307951526,en,open_library,title,CORRECT,no
MB-089,9780307951526,en,open_library,subtitle,UNVERIFIABLE,no
MB-089,9780307951526,en,open_library,authors,UNVERIFIABLE,no
MB-089,9780307951526,en,open_library,language,CORRECT,no
MB-089,9780307951526,en,open_library,publisher,CORRECT,no
MB-089,9780307951526,en,open_library,publication_date,CORRECT,no
MB-089,9780307951526,en,open_library,page_count,UNVERIFIABLE,no
MB-089,9780307951526,en,open_library,cover,CORRECT,no
MB-089,9780307951526,en,open_library,work_link,CORRECT,no
MB-089,9780307951526,en,open_library,series,MISSING,no
MB-089,9780307951526,en,open_library,series_position,MISSING,no
MB-089,9780307951526,en,open_library,subjects,CORRECT,no
MB-089,9780307951526,en,google_books,isbn_exact,CORRECT,no
MB-089,9780307951526,en,google_books,title,CORRECT,no
MB-089,9780307951526,en,google_books,subtitle,UNVERIFIABLE,no
MB-089,9780307951526,en,google_books,authors,UNVERIFIABLE,no
MB-089,9780307951526,en,google_books,language,CORRECT,no
MB-089,9780307951526,en,google_books,publisher,INCORRECT,no
MB-089,9780307951526,en,google_books,publication_date,CORRECT,no
MB-089,9780307951526,en,google_books,page_count,UNVERIFIABLE,no
MB-089,9780307951526,en,google_books,cover,CORRECT,no
MB-089,9780307951526,en,google_books,work_link,MISSING,no
MB-089,9780307951526,en,google_books,series,MISSING,no
MB-089,9780307951526,en,google_books,series_position,MISSING,no
MB-089,9780307951526,en,google_books,subjects,CORRECT,no
MB-089,9780307951526,en,wikidata,isbn_exact,CORRECT,no
MB-089,9780307951526,en,wikidata,title,CORRECT,no
MB-089,9780307951526,en,wikidata,subtitle,MISSING,no
MB-089,9780307951526,en,wikidata,authors,UNVERIFIABLE,no
MB-089,9780307951526,en,wikidata,language,CORRECT,no
MB-089,9780307951526,en,wikidata,publisher,MISSING,no
MB-089,9780307951526,en,wikidata,publication_date,CORRECT,no
MB-089,9780307951526,en,wikidata,page_count,UNVERIFIABLE,no
MB-089,9780307951526,en,wikidata,cover,MISSING,no
MB-089,9780307951526,en,wikidata,work_link,CORRECT,no
MB-089,9780307951526,en,wikidata,series,MISSING,no
MB-089,9780307951526,en,wikidata,series_position,MISSING,no
MB-089,9780307951526,en,wikidata,subjects,MISSING,no
MB-089,9780307951526,en,bookbrainz,isbn_exact,MISSING,no
MB-089,9780307951526,en,bookbrainz,title,MISSING,no
MB-089,9780307951526,en,bookbrainz,subtitle,MISSING,no
MB-089,9780307951526,en,bookbrainz,authors,MISSING,no
MB-089,9780307951526,en,bookbrainz,language,MISSING,no
MB-089,9780307951526,en,bookbrainz,publisher,MISSING,no
MB-089,9780307951526,en,bookbrainz,publication_date,MISSING,no
MB-089,9780307951526,en,bookbrainz,page_count,MISSING,no
MB-089,9780307951526,en,bookbrainz,cover,MISSING,no
MB-089,9780307951526,en,bookbrainz,work_link,MISSING,no
MB-089,9780307951526,en,bookbrainz,series,MISSING,no
MB-089,9780307951526,en,bookbrainz,series_position,MISSING,no
MB-089,9780307951526,en,bookbrainz,subjects,MISSING,no
MB-090,9780345417084,en,open_library,isbn_exact,CORRECT,no
MB-090,9780345417084,en,open_library,title,CORRECT,no
MB-090,9780345417084,en,open_library,subtitle,MISSING,no
MB-090,9780345417084,en,open_library,authors,CORRECT,no
MB-090,9780345417084,en,open_library,language,CORRECT,no
MB-090,9780345417084,en,open_library,publisher,CORRECT,no
MB-090,9780345417084,en,open_library,publication_date,CORRECT,no
MB-090,9780345417084,en,open_library,page_count,CORRECT,no
MB-090,9780345417084,en,open_library,cover,CORRECT,no
MB-090,9780345417084,en,open_library,work_link,CORRECT,no
MB-090,9780345417084,en,open_library,series,MISSING,no
MB-090,9780345417084,en,open_library,series_position,MISSING,no
MB-090,9780345417084,en,open_library,subjects,CORRECT,no
MB-090,9780345417084,en,google_books,isbn_exact,INCORRECT,no
MB-090,9780345417084,en,google_books,title,INCORRECT,no
MB-090,9780345417084,en,google_books,subtitle,UNVERIFIABLE,no
MB-090,9780345417084,en,google_books,authors,CORRECT,no
MB-090,9780345417084,en,google_books,language,CORRECT,no
MB-090,9780345417084,en,google_books,publisher,INCORRECT,no
MB-090,9780345417084,en,google_books,publication_date,CORRECT,no
MB-090,9780345417084,en,google_books,page_count,INCORRECT,no
MB-090,9780345417084,en,google_books,cover,CORRECT,no
MB-090,9780345417084,en,google_books,work_link,MISSING,no
MB-090,9780345417084,en,google_books,series,MISSING,no
MB-090,9780345417084,en,google_books,series_position,MISSING,no
MB-090,9780345417084,en,google_books,subjects,CORRECT,no
MB-090,9780345417084,en,wikidata,isbn_exact,MISSING,no
MB-090,9780345417084,en,wikidata,title,MISSING,no
MB-090,9780345417084,en,wikidata,subtitle,MISSING,no
MB-090,9780345417084,en,wikidata,authors,MISSING,no
MB-090,9780345417084,en,wikidata,language,MISSING,no
MB-090,9780345417084,en,wikidata,publisher,MISSING,no
MB-090,9780345417084,en,wikidata,publication_date,MISSING,no
MB-090,9780345417084,en,wikidata,page_count,MISSING,no
MB-090,9780345417084,en,wikidata,cover,MISSING,no
MB-090,9780345417084,en,wikidata,work_link,MISSING,no
MB-090,9780345417084,en,wikidata,series,MISSING,no
MB-090,9780345417084,en,wikidata,series_position,MISSING,no
MB-090,9780345417084,en,wikidata,subjects,MISSING,no
MB-090,9780345417084,en,bookbrainz,isbn_exact,MISSING,no
MB-090,9780345417084,en,bookbrainz,title,MISSING,no
MB-090,9780345417084,en,bookbrainz,subtitle,MISSING,no
MB-090,9780345417084,en,bookbrainz,authors,MISSING,no
MB-090,9780345417084,en,bookbrainz,language,MISSING,no
MB-090,9780345417084,en,bookbrainz,publisher,MISSING,no
MB-090,9780345417084,en,bookbrainz,publication_date,MISSING,no
MB-090,9780345417084,en,bookbrainz,page_count,MISSING,no
MB-090,9780345417084,en,bookbrainz,cover,MISSING,no
MB-090,9780345417084,en,bookbrainz,work_link,MISSING,no
MB-090,9780345417084,en,bookbrainz,series,MISSING,no
MB-090,9780345417084,en,bookbrainz,series_position,MISSING,no
MB-090,9780345417084,en,bookbrainz,subjects,MISSING,no
MB-091,9780356502588,en,open_library,isbn_exact,CORRECT,no
MB-091,9780356502588,en,open_library,title,CORRECT,no
MB-091,9780356502588,en,open_library,subtitle,MISSING,no
MB-091,9780356502588,en,open_library,authors,CORRECT,no
MB-091,9780356502588,en,open_library,language,CORRECT,no
MB-091,9780356502588,en,open_library,publisher,CORRECT,no
MB-091,9780356502588,en,open_library,publication_date,CORRECT,no
MB-091,9780356502588,en,open_library,page_count,CORRECT,no
MB-091,9780356502588,en,open_library,cover,CORRECT,no
MB-091,9780356502588,en,open_library,work_link,CORRECT,no
MB-091,9780356502588,en,open_library,series,MISSING,no
MB-091,9780356502588,en,open_library,series_position,MISSING,no
MB-091,9780356502588,en,open_library,subjects,CORRECT,no
MB-091,9780356502588,en,google_books,isbn_exact,CORRECT,no
MB-091,9780356502588,en,google_books,title,CORRECT,no
MB-091,9780356502588,en,google_books,subtitle,MISSING,no
MB-091,9780356502588,en,google_books,authors,CORRECT,no
MB-091,9780356502588,en,google_books,language,CORRECT,no
MB-091,9780356502588,en,google_books,publisher,CORRECT,no
MB-091,9780356502588,en,google_books,publication_date,CORRECT,no
MB-091,9780356502588,en,google_books,page_count,MISSING,no
MB-091,9780356502588,en,google_books,cover,CORRECT,no
MB-091,9780356502588,en,google_books,work_link,MISSING,no
MB-091,9780356502588,en,google_books,series,MISSING,no
MB-091,9780356502588,en,google_books,series_position,MISSING,no
MB-091,9780356502588,en,google_books,subjects,CORRECT,no
MB-091,9780356502588,en,wikidata,isbn_exact,MISSING,no
MB-091,9780356502588,en,wikidata,title,MISSING,no
MB-091,9780356502588,en,wikidata,subtitle,MISSING,no
MB-091,9780356502588,en,wikidata,authors,MISSING,no
MB-091,9780356502588,en,wikidata,language,MISSING,no
MB-091,9780356502588,en,wikidata,publisher,MISSING,no
MB-091,9780356502588,en,wikidata,publication_date,MISSING,no
MB-091,9780356502588,en,wikidata,page_count,MISSING,no
MB-091,9780356502588,en,wikidata,cover,MISSING,no
MB-091,9780356502588,en,wikidata,work_link,MISSING,no
MB-091,9780356502588,en,wikidata,series,MISSING,no
MB-091,9780356502588,en,wikidata,series_position,MISSING,no
MB-091,9780356502588,en,wikidata,subjects,MISSING,no
MB-091,9780356502588,en,bookbrainz,isbn_exact,MISSING,no
MB-091,9780356502588,en,bookbrainz,title,MISSING,no
MB-091,9780356502588,en,bookbrainz,subtitle,MISSING,no
MB-091,9780356502588,en,bookbrainz,authors,MISSING,no
MB-091,9780356502588,en,bookbrainz,language,MISSING,no
MB-091,9780356502588,en,bookbrainz,publisher,MISSING,no
MB-091,9780356502588,en,bookbrainz,publication_date,MISSING,no
MB-091,9780356502588,en,bookbrainz,page_count,MISSING,no
MB-091,9780356502588,en,bookbrainz,cover,MISSING,no
MB-091,9780356502588,en,bookbrainz,work_link,MISSING,no
MB-091,9780356502588,en,bookbrainz,series,MISSING,no
MB-091,9780356502588,en,bookbrainz,series_position,MISSING,no
MB-091,9780356502588,en,bookbrainz,subjects,MISSING,no
MB-092,9780425222287,en,open_library,isbn_exact,MISSING,no
MB-092,9780425222287,en,open_library,title,MISSING,no
MB-092,9780425222287,en,open_library,subtitle,MISSING,no
MB-092,9780425222287,en,open_library,authors,MISSING,no
MB-092,9780425222287,en,open_library,language,MISSING,no
MB-092,9780425222287,en,open_library,publisher,MISSING,no
MB-092,9780425222287,en,open_library,publication_date,MISSING,no
MB-092,9780425222287,en,open_library,page_count,MISSING,no
MB-092,9780425222287,en,open_library,cover,MISSING,no
MB-092,9780425222287,en,open_library,work_link,MISSING,no
MB-092,9780425222287,en,open_library,series,MISSING,no
MB-092,9780425222287,en,open_library,series_position,MISSING,no
MB-092,9780425222287,en,open_library,subjects,MISSING,no
MB-092,9780425222287,en,google_books,isbn_exact,CORRECT,no
MB-092,9780425222287,en,google_books,title,CORRECT,no
MB-092,9780425222287,en,google_books,subtitle,MISSING,no
MB-092,9780425222287,en,google_books,authors,CORRECT,no
MB-092,9780425222287,en,google_books,language,CORRECT,no
MB-092,9780425222287,en,google_books,publisher,CORRECT,no
MB-092,9780425222287,en,google_books,publication_date,CORRECT,no
MB-092,9780425222287,en,google_books,page_count,CORRECT,no
MB-092,9780425222287,en,google_books,cover,MISSING,no
MB-092,9780425222287,en,google_books,work_link,MISSING,no
MB-092,9780425222287,en,google_books,series,MISSING,no
MB-092,9780425222287,en,google_books,series_position,MISSING,no
MB-092,9780425222287,en,google_books,subjects,CORRECT,no
MB-092,9780425222287,en,wikidata,isbn_exact,MISSING,no
MB-092,9780425222287,en,wikidata,title,MISSING,no
MB-092,9780425222287,en,wikidata,subtitle,MISSING,no
MB-092,9780425222287,en,wikidata,authors,MISSING,no
MB-092,9780425222287,en,wikidata,language,MISSING,no
MB-092,9780425222287,en,wikidata,publisher,MISSING,no
MB-092,9780425222287,en,wikidata,publication_date,MISSING,no
MB-092,9780425222287,en,wikidata,page_count,MISSING,no
MB-092,9780425222287,en,wikidata,cover,MISSING,no
MB-092,9780425222287,en,wikidata,work_link,MISSING,no
MB-092,9780425222287,en,wikidata,series,MISSING,no
MB-092,9780425222287,en,wikidata,series_position,MISSING,no
MB-092,9780425222287,en,wikidata,subjects,MISSING,no
MB-092,9780425222287,en,bookbrainz,isbn_exact,MISSING,no
MB-092,9780425222287,en,bookbrainz,title,MISSING,no
MB-092,9780425222287,en,bookbrainz,subtitle,MISSING,no
MB-092,9780425222287,en,bookbrainz,authors,MISSING,no
MB-092,9780425222287,en,bookbrainz,language,MISSING,no
MB-092,9780425222287,en,bookbrainz,publisher,MISSING,no
MB-092,9780425222287,en,bookbrainz,publication_date,MISSING,no
MB-092,9780425222287,en,bookbrainz,page_count,MISSING,no
MB-092,9780425222287,en,bookbrainz,cover,MISSING,no
MB-092,9780425222287,en,bookbrainz,work_link,MISSING,no
MB-092,9780425222287,en,bookbrainz,series,MISSING,no
MB-092,9780425222287,en,bookbrainz,series_position,MISSING,no
MB-092,9780425222287,en,bookbrainz,subjects,MISSING,no
MB-093,9780471353485,en,open_library,isbn_exact,CORRECT,no
MB-093,9780471353485,en,open_library,title,CORRECT,no
MB-093,9780471353485,en,open_library,subtitle,UNVERIFIABLE,no
MB-093,9780471353485,en,open_library,authors,CORRECT,no
MB-093,9780471353485,en,open_library,language,CORRECT,no
MB-093,9780471353485,en,open_library,publisher,CORRECT,no
MB-093,9780471353485,en,open_library,publication_date,CORRECT,no
MB-093,9780471353485,en,open_library,page_count,MISSING,no
MB-093,9780471353485,en,open_library,cover,CORRECT,no
MB-093,9780471353485,en,open_library,work_link,CORRECT,no
MB-093,9780471353485,en,open_library,series,MISSING,no
MB-093,9780471353485,en,open_library,series_position,MISSING,no
MB-093,9780471353485,en,open_library,subjects,MISSING,no
MB-093,9780471353485,en,google_books,isbn_exact,CORRECT,no
MB-093,9780471353485,en,google_books,title,CORRECT,no
MB-093,9780471353485,en,google_books,subtitle,UNVERIFIABLE,no
MB-093,9780471353485,en,google_books,authors,CORRECT,no
MB-093,9780471353485,en,google_books,language,CORRECT,no
MB-093,9780471353485,en,google_books,publisher,INCORRECT,no
MB-093,9780471353485,en,google_books,publication_date,CORRECT,no
MB-093,9780471353485,en,google_books,page_count,UNVERIFIABLE,no
MB-093,9780471353485,en,google_books,cover,CORRECT,no
MB-093,9780471353485,en,google_books,work_link,MISSING,no
MB-093,9780471353485,en,google_books,series,MISSING,no
MB-093,9780471353485,en,google_books,series_position,MISSING,no
MB-093,9780471353485,en,google_books,subjects,CORRECT,no
MB-093,9780471353485,en,wikidata,isbn_exact,MISSING,no
MB-093,9780471353485,en,wikidata,title,MISSING,no
MB-093,9780471353485,en,wikidata,subtitle,MISSING,no
MB-093,9780471353485,en,wikidata,authors,MISSING,no
MB-093,9780471353485,en,wikidata,language,MISSING,no
MB-093,9780471353485,en,wikidata,publisher,MISSING,no
MB-093,9780471353485,en,wikidata,publication_date,MISSING,no
MB-093,9780471353485,en,wikidata,page_count,MISSING,no
MB-093,9780471353485,en,wikidata,cover,MISSING,no
MB-093,9780471353485,en,wikidata,work_link,MISSING,no
MB-093,9780471353485,en,wikidata,series,MISSING,no
MB-093,9780471353485,en,wikidata,series_position,MISSING,no
MB-093,9780471353485,en,wikidata,subjects,MISSING,no
MB-093,9780471353485,en,bookbrainz,isbn_exact,MISSING,no
MB-093,9780471353485,en,bookbrainz,title,MISSING,no
MB-093,9780471353485,en,bookbrainz,subtitle,MISSING,no
MB-093,9780471353485,en,bookbrainz,authors,MISSING,no
MB-093,9780471353485,en,bookbrainz,language,MISSING,no
MB-093,9780471353485,en,bookbrainz,publisher,MISSING,no
MB-093,9780471353485,en,bookbrainz,publication_date,MISSING,no
MB-093,9780471353485,en,bookbrainz,page_count,MISSING,no
MB-093,9780471353485,en,bookbrainz,cover,MISSING,no
MB-093,9780471353485,en,bookbrainz,work_link,MISSING,no
MB-093,9780471353485,en,bookbrainz,series,MISSING,no
MB-093,9780471353485,en,bookbrainz,series_position,MISSING,no
MB-093,9780471353485,en,bookbrainz,subjects,MISSING,no
MB-094,9780552148405,en,open_library,isbn_exact,CORRECT,no
MB-094,9780552148405,en,open_library,title,CORRECT,no
MB-094,9780552148405,en,open_library,subtitle,MISSING,no
MB-094,9780552148405,en,open_library,authors,CORRECT,no
MB-094,9780552148405,en,open_library,language,CORRECT,no
MB-094,9780552148405,en,open_library,publisher,CORRECT,no
MB-094,9780552148405,en,open_library,publication_date,CORRECT,no
MB-094,9780552148405,en,open_library,page_count,CORRECT,no
MB-094,9780552148405,en,open_library,cover,CORRECT,no
MB-094,9780552148405,en,open_library,work_link,CORRECT,no
MB-094,9780552148405,en,open_library,series,UNVERIFIABLE,no
MB-094,9780552148405,en,open_library,series_position,MISSING,no
MB-094,9780552148405,en,open_library,subjects,CORRECT,no
MB-094,9780552148405,en,google_books,isbn_exact,CORRECT,no
MB-094,9780552148405,en,google_books,title,CORRECT,no
MB-094,9780552148405,en,google_books,subtitle,UNVERIFIABLE,no
MB-094,9780552148405,en,google_books,authors,CORRECT,no
MB-094,9780552148405,en,google_books,language,CORRECT,no
MB-094,9780552148405,en,google_books,publisher,INCORRECT,no
MB-094,9780552148405,en,google_books,publication_date,CORRECT,no
MB-094,9780552148405,en,google_books,page_count,MISSING,no
MB-094,9780552148405,en,google_books,cover,CORRECT,no
MB-094,9780552148405,en,google_books,work_link,MISSING,no
MB-094,9780552148405,en,google_books,series,MISSING,no
MB-094,9780552148405,en,google_books,series_position,MISSING,no
MB-094,9780552148405,en,google_books,subjects,CORRECT,no
MB-094,9780552148405,en,wikidata,isbn_exact,MISSING,no
MB-094,9780552148405,en,wikidata,title,MISSING,no
MB-094,9780552148405,en,wikidata,subtitle,MISSING,no
MB-094,9780552148405,en,wikidata,authors,MISSING,no
MB-094,9780552148405,en,wikidata,language,MISSING,no
MB-094,9780552148405,en,wikidata,publisher,MISSING,no
MB-094,9780552148405,en,wikidata,publication_date,MISSING,no
MB-094,9780552148405,en,wikidata,page_count,MISSING,no
MB-094,9780552148405,en,wikidata,cover,MISSING,no
MB-094,9780552148405,en,wikidata,work_link,MISSING,no
MB-094,9780552148405,en,wikidata,series,MISSING,no
MB-094,9780552148405,en,wikidata,series_position,MISSING,no
MB-094,9780552148405,en,wikidata,subjects,MISSING,no
MB-094,9780552148405,en,bookbrainz,isbn_exact,MISSING,no
MB-094,9780552148405,en,bookbrainz,title,MISSING,no
MB-094,9780552148405,en,bookbrainz,subtitle,MISSING,no
MB-094,9780552148405,en,bookbrainz,authors,MISSING,no
MB-094,9780552148405,en,bookbrainz,language,MISSING,no
MB-094,9780552148405,en,bookbrainz,publisher,MISSING,no
MB-094,9780552148405,en,bookbrainz,publication_date,MISSING,no
MB-094,9780552148405,en,bookbrainz,page_count,MISSING,no
MB-094,9780552148405,en,bookbrainz,cover,MISSING,no
MB-094,9780552148405,en,bookbrainz,work_link,MISSING,no
MB-094,9780552148405,en,bookbrainz,series,MISSING,no
MB-094,9780552148405,en,bookbrainz,series_position,MISSING,no
MB-094,9780552148405,en,bookbrainz,subjects,MISSING,no
MB-095,9780596009205,en,open_library,isbn_exact,CORRECT,no
MB-095,9780596009205,en,open_library,title,CORRECT,no
MB-095,9780596009205,en,open_library,subtitle,MISSING,no
MB-095,9780596009205,en,open_library,authors,CORRECT,no
MB-095,9780596009205,en,open_library,language,CORRECT,no
MB-095,9780596009205,en,open_library,publisher,CORRECT,no
MB-095,9780596009205,en,open_library,publication_date,CORRECT,no
MB-095,9780596009205,en,open_library,page_count,CORRECT,no
MB-095,9780596009205,en,open_library,cover,CORRECT,no
MB-095,9780596009205,en,open_library,work_link,CORRECT,no
MB-095,9780596009205,en,open_library,series,MISSING,no
MB-095,9780596009205,en,open_library,series_position,MISSING,no
MB-095,9780596009205,en,open_library,subjects,CORRECT,no
MB-095,9780596009205,en,google_books,isbn_exact,MISSING,no
MB-095,9780596009205,en,google_books,title,MISSING,no
MB-095,9780596009205,en,google_books,subtitle,MISSING,no
MB-095,9780596009205,en,google_books,authors,MISSING,no
MB-095,9780596009205,en,google_books,language,MISSING,no
MB-095,9780596009205,en,google_books,publisher,MISSING,no
MB-095,9780596009205,en,google_books,publication_date,MISSING,no
MB-095,9780596009205,en,google_books,page_count,MISSING,no
MB-095,9780596009205,en,google_books,cover,MISSING,no
MB-095,9780596009205,en,google_books,work_link,MISSING,no
MB-095,9780596009205,en,google_books,series,MISSING,no
MB-095,9780596009205,en,google_books,series_position,MISSING,no
MB-095,9780596009205,en,google_books,subjects,MISSING,no
MB-095,9780596009205,en,wikidata,isbn_exact,MISSING,no
MB-095,9780596009205,en,wikidata,title,MISSING,no
MB-095,9780596009205,en,wikidata,subtitle,MISSING,no
MB-095,9780596009205,en,wikidata,authors,MISSING,no
MB-095,9780596009205,en,wikidata,language,MISSING,no
MB-095,9780596009205,en,wikidata,publisher,MISSING,no
MB-095,9780596009205,en,wikidata,publication_date,MISSING,no
MB-095,9780596009205,en,wikidata,page_count,MISSING,no
MB-095,9780596009205,en,wikidata,cover,MISSING,no
MB-095,9780596009205,en,wikidata,work_link,MISSING,no
MB-095,9780596009205,en,wikidata,series,MISSING,no
MB-095,9780596009205,en,wikidata,series_position,MISSING,no
MB-095,9780596009205,en,wikidata,subjects,MISSING,no
MB-095,9780596009205,en,bookbrainz,isbn_exact,MISSING,no
MB-095,9780596009205,en,bookbrainz,title,MISSING,no
MB-095,9780596009205,en,bookbrainz,subtitle,MISSING,no
MB-095,9780596009205,en,bookbrainz,authors,MISSING,no
MB-095,9780596009205,en,bookbrainz,language,MISSING,no
MB-095,9780596009205,en,bookbrainz,publisher,MISSING,no
MB-095,9780596009205,en,bookbrainz,publication_date,MISSING,no
MB-095,9780596009205,en,bookbrainz,page_count,MISSING,no
MB-095,9780596009205,en,bookbrainz,cover,MISSING,no
MB-095,9780596009205,en,bookbrainz,work_link,MISSING,no
MB-095,9780596009205,en,bookbrainz,series,MISSING,no
MB-095,9780596009205,en,bookbrainz,series_position,MISSING,no
MB-095,9780596009205,en,bookbrainz,subjects,MISSING,no
MB-096,9780670919543,en,open_library,isbn_exact,CORRECT,no
MB-096,9780670919543,en,open_library,title,CORRECT,no
MB-096,9780670919543,en,open_library,subtitle,MISSING,no
MB-096,9780670919543,en,open_library,authors,CORRECT,no
MB-096,9780670919543,en,open_library,language,CORRECT,no
MB-096,9780670919543,en,open_library,publisher,INCORRECT,no
MB-096,9780670919543,en,open_library,publication_date,CORRECT,no
MB-096,9780670919543,en,open_library,page_count,CORRECT,no
MB-096,9780670919543,en,open_library,cover,CORRECT,no
MB-096,9780670919543,en,open_library,work_link,CORRECT,no
MB-096,9780670919543,en,open_library,series,MISSING,no
MB-096,9780670919543,en,open_library,series_position,MISSING,no
MB-096,9780670919543,en,open_library,subjects,CORRECT,no
MB-096,9780670919543,en,google_books,isbn_exact,CORRECT,no
MB-096,9780670919543,en,google_books,title,CORRECT,no
MB-096,9780670919543,en,google_books,subtitle,MISSING,no
MB-096,9780670919543,en,google_books,authors,CORRECT,no
MB-096,9780670919543,en,google_books,language,CORRECT,no
MB-096,9780670919543,en,google_books,publisher,CORRECT,no
MB-096,9780670919543,en,google_books,publication_date,CORRECT,no
MB-096,9780670919543,en,google_books,page_count,CORRECT,no
MB-096,9780670919543,en,google_books,cover,CORRECT,no
MB-096,9780670919543,en,google_books,work_link,MISSING,no
MB-096,9780670919543,en,google_books,series,MISSING,no
MB-096,9780670919543,en,google_books,series_position,MISSING,no
MB-096,9780670919543,en,google_books,subjects,CORRECT,no
MB-096,9780670919543,en,wikidata,isbn_exact,MISSING,no
MB-096,9780670919543,en,wikidata,title,MISSING,no
MB-096,9780670919543,en,wikidata,subtitle,MISSING,no
MB-096,9780670919543,en,wikidata,authors,MISSING,no
MB-096,9780670919543,en,wikidata,language,MISSING,no
MB-096,9780670919543,en,wikidata,publisher,MISSING,no
MB-096,9780670919543,en,wikidata,publication_date,MISSING,no
MB-096,9780670919543,en,wikidata,page_count,MISSING,no
MB-096,9780670919543,en,wikidata,cover,MISSING,no
MB-096,9780670919543,en,wikidata,work_link,MISSING,no
MB-096,9780670919543,en,wikidata,series,MISSING,no
MB-096,9780670919543,en,wikidata,series_position,MISSING,no
MB-096,9780670919543,en,wikidata,subjects,MISSING,no
MB-096,9780670919543,en,bookbrainz,isbn_exact,MISSING,no
MB-096,9780670919543,en,bookbrainz,title,MISSING,no
MB-096,9780670919543,en,bookbrainz,subtitle,MISSING,no
MB-096,9780670919543,en,bookbrainz,authors,MISSING,no
MB-096,9780670919543,en,bookbrainz,language,MISSING,no
MB-096,9780670919543,en,bookbrainz,publisher,MISSING,no
MB-096,9780670919543,en,bookbrainz,publication_date,MISSING,no
MB-096,9780670919543,en,bookbrainz,page_count,MISSING,no
MB-096,9780670919543,en,bookbrainz,cover,MISSING,no
MB-096,9780670919543,en,bookbrainz,work_link,MISSING,no
MB-096,9780670919543,en,bookbrainz,series,MISSING,no
MB-096,9780670919543,en,bookbrainz,series_position,MISSING,no
MB-096,9780670919543,en,bookbrainz,subjects,MISSING,no
MB-097,9780747546245,en,open_library,isbn_exact,CORRECT,no
MB-097,9780747546245,en,open_library,title,CORRECT,no
MB-097,9780747546245,en,open_library,subtitle,MISSING,no
MB-097,9780747546245,en,open_library,authors,MISSING,no
MB-097,9780747546245,en,open_library,language,CORRECT,no
MB-097,9780747546245,en,open_library,publisher,CORRECT,no
MB-097,9780747546245,en,open_library,publication_date,CORRECT,no
MB-097,9780747546245,en,open_library,page_count,MISSING,no
MB-097,9780747546245,en,open_library,cover,CORRECT,no
MB-097,9780747546245,en,open_library,work_link,CORRECT,no
MB-097,9780747546245,en,open_library,series,MISSING,no
MB-097,9780747546245,en,open_library,series_position,MISSING,no
MB-097,9780747546245,en,open_library,subjects,MISSING,no
MB-097,9780747546245,en,google_books,isbn_exact,CORRECT,no
MB-097,9780747546245,en,google_books,title,CORRECT,no
MB-097,9780747546245,en,google_books,subtitle,MISSING,no
MB-097,9780747546245,en,google_books,authors,UNVERIFIABLE,no
MB-097,9780747546245,en,google_books,language,CORRECT,no
MB-097,9780747546245,en,google_books,publisher,CORRECT,no
MB-097,9780747546245,en,google_books,publication_date,CORRECT,no
MB-097,9780747546245,en,google_books,page_count,UNVERIFIABLE,no
MB-097,9780747546245,en,google_books,cover,CORRECT,no
MB-097,9780747546245,en,google_books,work_link,MISSING,no
MB-097,9780747546245,en,google_books,series,MISSING,no
MB-097,9780747546245,en,google_books,series_position,MISSING,no
MB-097,9780747546245,en,google_books,subjects,CORRECT,no
MB-097,9780747546245,en,wikidata,isbn_exact,CORRECT,no
MB-097,9780747546245,en,wikidata,title,CORRECT,no
MB-097,9780747546245,en,wikidata,subtitle,MISSING,no
MB-097,9780747546245,en,wikidata,authors,UNVERIFIABLE,no
MB-097,9780747546245,en,wikidata,language,INCORRECT,no
MB-097,9780747546245,en,wikidata,publisher,CORRECT,no
MB-097,9780747546245,en,wikidata,publication_date,CORRECT,no
MB-097,9780747546245,en,wikidata,page_count,UNVERIFIABLE,no
MB-097,9780747546245,en,wikidata,cover,MISSING,no
MB-097,9780747546245,en,wikidata,work_link,CORRECT,no
MB-097,9780747546245,en,wikidata,series,MISSING,no
MB-097,9780747546245,en,wikidata,series_position,MISSING,no
MB-097,9780747546245,en,wikidata,subjects,MISSING,no
MB-097,9780747546245,en,bookbrainz,isbn_exact,MISSING,no
MB-097,9780747546245,en,bookbrainz,title,MISSING,no
MB-097,9780747546245,en,bookbrainz,subtitle,MISSING,no
MB-097,9780747546245,en,bookbrainz,authors,MISSING,no
MB-097,9780747546245,en,bookbrainz,language,MISSING,no
MB-097,9780747546245,en,bookbrainz,publisher,MISSING,no
MB-097,9780747546245,en,bookbrainz,publication_date,MISSING,no
MB-097,9780747546245,en,bookbrainz,page_count,MISSING,no
MB-097,9780747546245,en,bookbrainz,cover,MISSING,no
MB-097,9780747546245,en,bookbrainz,work_link,MISSING,no
MB-097,9780747546245,en,bookbrainz,series,MISSING,no
MB-097,9780747546245,en,bookbrainz,series_position,MISSING,no
MB-097,9780747546245,en,bookbrainz,subjects,MISSING,no
MB-098,9780765343161,en,open_library,isbn_exact,CORRECT,no
MB-098,9780765343161,en,open_library,title,CORRECT,no
MB-098,9780765343161,en,open_library,subtitle,UNVERIFIABLE,no
MB-098,9780765343161,en,open_library,authors,CORRECT,no
MB-098,9780765343161,en,open_library,language,CORRECT,no
MB-098,9780765343161,en,open_library,publisher,CORRECT,no
MB-098,9780765343161,en,open_library,publication_date,CORRECT,no
MB-098,9780765343161,en,open_library,page_count,CORRECT,no
MB-098,9780765343161,en,open_library,cover,CORRECT,no
MB-098,9780765343161,en,open_library,work_link,CORRECT,no
MB-098,9780765343161,en,open_library,series,MISSING,no
MB-098,9780765343161,en,open_library,series_position,MISSING,no
MB-098,9780765343161,en,open_library,subjects,CORRECT,no
MB-098,9780765343161,en,google_books,isbn_exact,CORRECT,no
MB-098,9780765343161,en,google_books,title,CORRECT,no
MB-098,9780765343161,en,google_books,subtitle,UNVERIFIABLE,no
MB-098,9780765343161,en,google_books,authors,CORRECT,no
MB-098,9780765343161,en,google_books,language,CORRECT,no
MB-098,9780765343161,en,google_books,publisher,INCORRECT,no
MB-098,9780765343161,en,google_books,publication_date,CORRECT,no
MB-098,9780765343161,en,google_books,page_count,INCORRECT,no
MB-098,9780765343161,en,google_books,cover,CORRECT,no
MB-098,9780765343161,en,google_books,work_link,MISSING,no
MB-098,9780765343161,en,google_books,series,MISSING,no
MB-098,9780765343161,en,google_books,series_position,MISSING,no
MB-098,9780765343161,en,google_books,subjects,CORRECT,no
MB-098,9780765343161,en,wikidata,isbn_exact,MISSING,no
MB-098,9780765343161,en,wikidata,title,MISSING,no
MB-098,9780765343161,en,wikidata,subtitle,MISSING,no
MB-098,9780765343161,en,wikidata,authors,MISSING,no
MB-098,9780765343161,en,wikidata,language,MISSING,no
MB-098,9780765343161,en,wikidata,publisher,MISSING,no
MB-098,9780765343161,en,wikidata,publication_date,MISSING,no
MB-098,9780765343161,en,wikidata,page_count,MISSING,no
MB-098,9780765343161,en,wikidata,cover,MISSING,no
MB-098,9780765343161,en,wikidata,work_link,MISSING,no
MB-098,9780765343161,en,wikidata,series,MISSING,no
MB-098,9780765343161,en,wikidata,series_position,MISSING,no
MB-098,9780765343161,en,wikidata,subjects,MISSING,no
MB-098,9780765343161,en,bookbrainz,isbn_exact,MISSING,no
MB-098,9780765343161,en,bookbrainz,title,MISSING,no
MB-098,9780765343161,en,bookbrainz,subtitle,MISSING,no
MB-098,9780765343161,en,bookbrainz,authors,MISSING,no
MB-098,9780765343161,en,bookbrainz,language,MISSING,no
MB-098,9780765343161,en,bookbrainz,publisher,MISSING,no
MB-098,9780765343161,en,bookbrainz,publication_date,MISSING,no
MB-098,9780765343161,en,bookbrainz,page_count,MISSING,no
MB-098,9780765343161,en,bookbrainz,cover,MISSING,no
MB-098,9780765343161,en,bookbrainz,work_link,MISSING,no
MB-098,9780765343161,en,bookbrainz,series,MISSING,no
MB-098,9780765343161,en,bookbrainz,series_position,MISSING,no
MB-098,9780765343161,en,bookbrainz,subjects,MISSING,no
MB-099,9780786965601,en,open_library,isbn_exact,CORRECT,no
MB-099,9780786965601,en,open_library,title,CORRECT,no
MB-099,9780786965601,en,open_library,subtitle,MISSING,no
MB-099,9780786965601,en,open_library,authors,CORRECT,no
MB-099,9780786965601,en,open_library,language,CORRECT,no
MB-099,9780786965601,en,open_library,publisher,CORRECT,no
MB-099,9780786965601,en,open_library,publication_date,CORRECT,no
MB-099,9780786965601,en,open_library,page_count,CORRECT,no
MB-099,9780786965601,en,open_library,cover,CORRECT,no
MB-099,9780786965601,en,open_library,work_link,CORRECT,no
MB-099,9780786965601,en,open_library,series,MISSING,no
MB-099,9780786965601,en,open_library,series_position,MISSING,no
MB-099,9780786965601,en,open_library,subjects,MISSING,no
MB-099,9780786965601,en,google_books,isbn_exact,CORRECT,no
MB-099,9780786965601,en,google_books,title,INCORRECT,no
MB-099,9780786965601,en,google_books,subtitle,MISSING,no
MB-099,9780786965601,en,google_books,authors,INCORRECT,no
MB-099,9780786965601,en,google_books,language,CORRECT,no
MB-099,9780786965601,en,google_books,publisher,INCORRECT,no
MB-099,9780786965601,en,google_books,publication_date,CORRECT,no
MB-099,9780786965601,en,google_books,page_count,MISSING,no
MB-099,9780786965601,en,google_books,cover,CORRECT,no
MB-099,9780786965601,en,google_books,work_link,MISSING,no
MB-099,9780786965601,en,google_books,series,MISSING,no
MB-099,9780786965601,en,google_books,series_position,MISSING,no
MB-099,9780786965601,en,google_books,subjects,CORRECT,no
MB-099,9780786965601,en,wikidata,isbn_exact,CORRECT,no
MB-099,9780786965601,en,wikidata,title,CORRECT,no
MB-099,9780786965601,en,wikidata,subtitle,MISSING,no
MB-099,9780786965601,en,wikidata,authors,MISSING,no
MB-099,9780786965601,en,wikidata,language,MISSING,no
MB-099,9780786965601,en,wikidata,publisher,CORRECT,no
MB-099,9780786965601,en,wikidata,publication_date,CORRECT,no
MB-099,9780786965601,en,wikidata,page_count,MISSING,no
MB-099,9780786965601,en,wikidata,cover,MISSING,no
MB-099,9780786965601,en,wikidata,work_link,CORRECT,no
MB-099,9780786965601,en,wikidata,series,MISSING,no
MB-099,9780786965601,en,wikidata,series_position,MISSING,no
MB-099,9780786965601,en,wikidata,subjects,MISSING,no
MB-099,9780786965601,en,bookbrainz,isbn_exact,CORRECT,no
MB-099,9780786965601,en,bookbrainz,title,CORRECT,no
MB-099,9780786965601,en,bookbrainz,subtitle,MISSING,no
MB-099,9780786965601,en,bookbrainz,authors,INCORRECT,no
MB-099,9780786965601,en,bookbrainz,language,CORRECT,no
MB-099,9780786965601,en,bookbrainz,publisher,CORRECT,no
MB-099,9780786965601,en,bookbrainz,publication_date,CORRECT,no
MB-099,9780786965601,en,bookbrainz,page_count,CORRECT,no
MB-099,9780786965601,en,bookbrainz,cover,MISSING,no
MB-099,9780786965601,en,bookbrainz,work_link,CORRECT,no
MB-099,9780786965601,en,bookbrainz,series,MISSING,no
MB-099,9780786965601,en,bookbrainz,series_position,MISSING,no
MB-099,9780786965601,en,bookbrainz,subjects,MISSING,no
MB-100,9780997138948,en,open_library,isbn_exact,MISSING,no
MB-100,9780997138948,en,open_library,title,MISSING,no
MB-100,9780997138948,en,open_library,subtitle,MISSING,no
MB-100,9780997138948,en,open_library,authors,MISSING,no
MB-100,9780997138948,en,open_library,language,MISSING,no
MB-100,9780997138948,en,open_library,publisher,MISSING,no
MB-100,9780997138948,en,open_library,publication_date,MISSING,no
MB-100,9780997138948,en,open_library,page_count,MISSING,no
MB-100,9780997138948,en,open_library,cover,MISSING,no
MB-100,9780997138948,en,open_library,work_link,MISSING,no
MB-100,9780997138948,en,open_library,series,MISSING,no
MB-100,9780997138948,en,open_library,series_position,MISSING,no
MB-100,9780997138948,en,open_library,subjects,MISSING,no
MB-100,9780997138948,en,google_books,isbn_exact,CORRECT,no
MB-100,9780997138948,en,google_books,title,CORRECT,no
MB-100,9780997138948,en,google_books,subtitle,UNVERIFIABLE,no
MB-100,9780997138948,en,google_books,authors,CORRECT,no
MB-100,9780997138948,en,google_books,language,CORRECT,no
MB-100,9780997138948,en,google_books,publisher,MISSING,no
MB-100,9780997138948,en,google_books,publication_date,CORRECT,no
MB-100,9780997138948,en,google_books,page_count,CORRECT,no
MB-100,9780997138948,en,google_books,cover,CORRECT,no
MB-100,9780997138948,en,google_books,work_link,MISSING,no
MB-100,9780997138948,en,google_books,series,MISSING,no
MB-100,9780997138948,en,google_books,series_position,MISSING,no
MB-100,9780997138948,en,google_books,subjects,MISSING,no
MB-100,9780997138948,en,wikidata,isbn_exact,MISSING,no
MB-100,9780997138948,en,wikidata,title,MISSING,no
MB-100,9780997138948,en,wikidata,subtitle,MISSING,no
MB-100,9780997138948,en,wikidata,authors,MISSING,no
MB-100,9780997138948,en,wikidata,language,MISSING,no
MB-100,9780997138948,en,wikidata,publisher,MISSING,no
MB-100,9780997138948,en,wikidata,publication_date,MISSING,no
MB-100,9780997138948,en,wikidata,page_count,MISSING,no
MB-100,9780997138948,en,wikidata,cover,MISSING,no
MB-100,9780997138948,en,wikidata,work_link,MISSING,no
MB-100,9780997138948,en,wikidata,series,MISSING,no
MB-100,9780997138948,en,wikidata,series_position,MISSING,no
MB-100,9780997138948,en,wikidata,subjects,MISSING,no
MB-100,9780997138948,en,bookbrainz,isbn_exact,MISSING,no
MB-100,9780997138948,en,bookbrainz,title,MISSING,no
MB-100,9780997138948,en,bookbrainz,subtitle,MISSING,no
MB-100,9780997138948,en,bookbrainz,authors,MISSING,no
MB-100,9780997138948,en,bookbrainz,language,MISSING,no
MB-100,9780997138948,en,bookbrainz,publisher,MISSING,no
MB-100,9780997138948,en,bookbrainz,publication_date,MISSING,no
MB-100,9780997138948,en,bookbrainz,page_count,MISSING,no
MB-100,9780997138948,en,bookbrainz,cover,MISSING,no
MB-100,9780997138948,en,bookbrainz,work_link,MISSING,no
MB-100,9780997138948,en,bookbrainz,series,MISSING,no
MB-100,9780997138948,en,bookbrainz,series_position,MISSING,no
MB-100,9780997138948,en,bookbrainz,subjects,MISSING,no
MB-101,9781118980828,en,open_library,isbn_exact,CORRECT,no
MB-101,9781118980828,en,open_library,title,CORRECT,no
MB-101,9781118980828,en,open_library,subtitle,UNVERIFIABLE,no
MB-101,9781118980828,en,open_library,authors,CORRECT,no
MB-101,9781118980828,en,open_library,language,CORRECT,no
MB-101,9781118980828,en,open_library,publisher,CORRECT,no
MB-101,9781118980828,en,open_library,publication_date,CORRECT,no
MB-101,9781118980828,en,open_library,page_count,CORRECT,no
MB-101,9781118980828,en,open_library,cover,CORRECT,no
MB-101,9781118980828,en,open_library,work_link,CORRECT,no
MB-101,9781118980828,en,open_library,series,MISSING,no
MB-101,9781118980828,en,open_library,series_position,MISSING,no
MB-101,9781118980828,en,open_library,subjects,CORRECT,no
MB-101,9781118980828,en,google_books,isbn_exact,CORRECT,no
MB-101,9781118980828,en,google_books,title,CORRECT,no
MB-101,9781118980828,en,google_books,subtitle,UNVERIFIABLE,no
MB-101,9781118980828,en,google_books,authors,CORRECT,no
MB-101,9781118980828,en,google_books,language,CORRECT,no
MB-101,9781118980828,en,google_books,publisher,INCORRECT,no
MB-101,9781118980828,en,google_books,publication_date,INCORRECT,no
MB-101,9781118980828,en,google_books,page_count,INCORRECT,no
MB-101,9781118980828,en,google_books,cover,CORRECT,no
MB-101,9781118980828,en,google_books,work_link,MISSING,no
MB-101,9781118980828,en,google_books,series,MISSING,no
MB-101,9781118980828,en,google_books,series_position,MISSING,no
MB-101,9781118980828,en,google_books,subjects,CORRECT,no
MB-101,9781118980828,en,wikidata,isbn_exact,MISSING,no
MB-101,9781118980828,en,wikidata,title,MISSING,no
MB-101,9781118980828,en,wikidata,subtitle,MISSING,no
MB-101,9781118980828,en,wikidata,authors,MISSING,no
MB-101,9781118980828,en,wikidata,language,MISSING,no
MB-101,9781118980828,en,wikidata,publisher,MISSING,no
MB-101,9781118980828,en,wikidata,publication_date,MISSING,no
MB-101,9781118980828,en,wikidata,page_count,MISSING,no
MB-101,9781118980828,en,wikidata,cover,MISSING,no
MB-101,9781118980828,en,wikidata,work_link,MISSING,no
MB-101,9781118980828,en,wikidata,series,MISSING,no
MB-101,9781118980828,en,wikidata,series_position,MISSING,no
MB-101,9781118980828,en,wikidata,subjects,MISSING,no
MB-101,9781118980828,en,bookbrainz,isbn_exact,MISSING,no
MB-101,9781118980828,en,bookbrainz,title,MISSING,no
MB-101,9781118980828,en,bookbrainz,subtitle,MISSING,no
MB-101,9781118980828,en,bookbrainz,authors,MISSING,no
MB-101,9781118980828,en,bookbrainz,language,MISSING,no
MB-101,9781118980828,en,bookbrainz,publisher,MISSING,no
MB-101,9781118980828,en,bookbrainz,publication_date,MISSING,no
MB-101,9781118980828,en,bookbrainz,page_count,MISSING,no
MB-101,9781118980828,en,bookbrainz,cover,MISSING,no
MB-101,9781118980828,en,bookbrainz,work_link,MISSING,no
MB-101,9781118980828,en,bookbrainz,series,MISSING,no
MB-101,9781118980828,en,bookbrainz,series_position,MISSING,no
MB-101,9781118980828,en,bookbrainz,subjects,MISSING,no
MB-102,9781250122971,en,open_library,isbn_exact,CORRECT,no
MB-102,9781250122971,en,open_library,title,CORRECT,no
MB-102,9781250122971,en,open_library,subtitle,UNVERIFIABLE,no
MB-102,9781250122971,en,open_library,authors,CORRECT,no
MB-102,9781250122971,en,open_library,language,CORRECT,no
MB-102,9781250122971,en,open_library,publisher,CORRECT,no
MB-102,9781250122971,en,open_library,publication_date,CORRECT,no
MB-102,9781250122971,en,open_library,page_count,CORRECT,no
MB-102,9781250122971,en,open_library,cover,CORRECT,no
MB-102,9781250122971,en,open_library,work_link,CORRECT,no
MB-102,9781250122971,en,open_library,series,MISSING,yes
MB-102,9781250122971,en,open_library,series_position,MISSING,yes
MB-102,9781250122971,en,open_library,subjects,MISSING,no
MB-102,9781250122971,en,google_books,isbn_exact,CORRECT,no
MB-102,9781250122971,en,google_books,title,CORRECT,no
MB-102,9781250122971,en,google_books,subtitle,UNVERIFIABLE,no
MB-102,9781250122971,en,google_books,authors,CORRECT,no
MB-102,9781250122971,en,google_books,language,CORRECT,no
MB-102,9781250122971,en,google_books,publisher,CORRECT,no
MB-102,9781250122971,en,google_books,publication_date,CORRECT,no
MB-102,9781250122971,en,google_books,page_count,MISSING,no
MB-102,9781250122971,en,google_books,cover,CORRECT,no
MB-102,9781250122971,en,google_books,work_link,MISSING,no
MB-102,9781250122971,en,google_books,series,MISSING,yes
MB-102,9781250122971,en,google_books,series_position,MISSING,yes
MB-102,9781250122971,en,google_books,subjects,CORRECT,no
MB-102,9781250122971,en,wikidata,isbn_exact,MISSING,no
MB-102,9781250122971,en,wikidata,title,MISSING,no
MB-102,9781250122971,en,wikidata,subtitle,MISSING,no
MB-102,9781250122971,en,wikidata,authors,MISSING,no
MB-102,9781250122971,en,wikidata,language,MISSING,no
MB-102,9781250122971,en,wikidata,publisher,MISSING,no
MB-102,9781250122971,en,wikidata,publication_date,MISSING,no
MB-102,9781250122971,en,wikidata,page_count,MISSING,no
MB-102,9781250122971,en,wikidata,cover,MISSING,no
MB-102,9781250122971,en,wikidata,work_link,MISSING,no
MB-102,9781250122971,en,wikidata,series,MISSING,yes
MB-102,9781250122971,en,wikidata,series_position,MISSING,yes
MB-102,9781250122971,en,wikidata,subjects,MISSING,no
MB-102,9781250122971,en,bookbrainz,isbn_exact,MISSING,no
MB-102,9781250122971,en,bookbrainz,title,MISSING,no
MB-102,9781250122971,en,bookbrainz,subtitle,MISSING,no
MB-102,9781250122971,en,bookbrainz,authors,MISSING,no
MB-102,9781250122971,en,bookbrainz,language,MISSING,no
MB-102,9781250122971,en,bookbrainz,publisher,MISSING,no
MB-102,9781250122971,en,bookbrainz,publication_date,MISSING,no
MB-102,9781250122971,en,bookbrainz,page_count,MISSING,no
MB-102,9781250122971,en,bookbrainz,cover,MISSING,no
MB-102,9781250122971,en,bookbrainz,work_link,MISSING,no
MB-102,9781250122971,en,bookbrainz,series,MISSING,yes
MB-102,9781250122971,en,bookbrainz,series_position,MISSING,yes
MB-102,9781250122971,en,bookbrainz,subjects,MISSING,no
MB-103,9781439149034,en,open_library,isbn_exact,CORRECT,no
MB-103,9781439149034,en,open_library,title,CORRECT,no
MB-103,9781439149034,en,open_library,subtitle,MISSING,no
MB-103,9781439149034,en,open_library,authors,CORRECT,no
MB-103,9781439149034,en,open_library,language,CORRECT,no
MB-103,9781439149034,en,open_library,publisher,CORRECT,no
MB-103,9781439149034,en,open_library,publication_date,CORRECT,no
MB-103,9781439149034,en,open_library,page_count,CORRECT,no
MB-103,9781439149034,en,open_library,cover,CORRECT,no
MB-103,9781439149034,en,open_library,work_link,CORRECT,no
MB-103,9781439149034,en,open_library,series,MISSING,no
MB-103,9781439149034,en,open_library,series_position,MISSING,no
MB-103,9781439149034,en,open_library,subjects,MISSING,no
MB-103,9781439149034,en,google_books,isbn_exact,CORRECT,no
MB-103,9781439149034,en,google_books,title,CORRECT,no
MB-103,9781439149034,en,google_books,subtitle,UNVERIFIABLE,no
MB-103,9781439149034,en,google_books,authors,CORRECT,no
MB-103,9781439149034,en,google_books,language,CORRECT,no
MB-103,9781439149034,en,google_books,publisher,INCORRECT,no
MB-103,9781439149034,en,google_books,publication_date,INCORRECT,no
MB-103,9781439149034,en,google_books,page_count,INCORRECT,no
MB-103,9781439149034,en,google_books,cover,CORRECT,no
MB-103,9781439149034,en,google_books,work_link,MISSING,no
MB-103,9781439149034,en,google_books,series,MISSING,no
MB-103,9781439149034,en,google_books,series_position,MISSING,no
MB-103,9781439149034,en,google_books,subjects,CORRECT,no
MB-103,9781439149034,en,wikidata,isbn_exact,MISSING,no
MB-103,9781439149034,en,wikidata,title,MISSING,no
MB-103,9781439149034,en,wikidata,subtitle,MISSING,no
MB-103,9781439149034,en,wikidata,authors,MISSING,no
MB-103,9781439149034,en,wikidata,language,MISSING,no
MB-103,9781439149034,en,wikidata,publisher,MISSING,no
MB-103,9781439149034,en,wikidata,publication_date,MISSING,no
MB-103,9781439149034,en,wikidata,page_count,MISSING,no
MB-103,9781439149034,en,wikidata,cover,MISSING,no
MB-103,9781439149034,en,wikidata,work_link,MISSING,no
MB-103,9781439149034,en,wikidata,series,MISSING,no
MB-103,9781439149034,en,wikidata,series_position,MISSING,no
MB-103,9781439149034,en,wikidata,subjects,MISSING,no
MB-103,9781439149034,en,bookbrainz,isbn_exact,MISSING,no
MB-103,9781439149034,en,bookbrainz,title,MISSING,no
MB-103,9781439149034,en,bookbrainz,subtitle,MISSING,no
MB-103,9781439149034,en,bookbrainz,authors,MISSING,no
MB-103,9781439149034,en,bookbrainz,language,MISSING,no
MB-103,9781439149034,en,bookbrainz,publisher,MISSING,no
MB-103,9781439149034,en,bookbrainz,publication_date,MISSING,no
MB-103,9781439149034,en,bookbrainz,page_count,MISSING,no
MB-103,9781439149034,en,bookbrainz,cover,MISSING,no
MB-103,9781439149034,en,bookbrainz,work_link,MISSING,no
MB-103,9781439149034,en,bookbrainz,series,MISSING,no
MB-103,9781439149034,en,bookbrainz,series_position,MISSING,no
MB-103,9781439149034,en,bookbrainz,subjects,MISSING,no
MB-104,9781473231122,en,open_library,isbn_exact,CORRECT,no
MB-104,9781473231122,en,open_library,title,CORRECT,no
MB-104,9781473231122,en,open_library,subtitle,MISSING,no
MB-104,9781473231122,en,open_library,authors,CORRECT,no
MB-104,9781473231122,en,open_library,language,CORRECT,no
MB-104,9781473231122,en,open_library,publisher,INCORRECT,no
MB-104,9781473231122,en,open_library,publication_date,CORRECT,no
MB-104,9781473231122,en,open_library,page_count,CORRECT,no
MB-104,9781473231122,en,open_library,cover,CORRECT,no
MB-104,9781473231122,en,open_library,work_link,CORRECT,no
MB-104,9781473231122,en,open_library,series,MISSING,no
MB-104,9781473231122,en,open_library,series_position,MISSING,no
MB-104,9781473231122,en,open_library,subjects,MISSING,no
MB-104,9781473231122,en,google_books,isbn_exact,CORRECT,no
MB-104,9781473231122,en,google_books,title,CORRECT,no
MB-104,9781473231122,en,google_books,subtitle,UNVERIFIABLE,no
MB-104,9781473231122,en,google_books,authors,CORRECT,no
MB-104,9781473231122,en,google_books,language,CORRECT,no
MB-104,9781473231122,en,google_books,publisher,INCORRECT,no
MB-104,9781473231122,en,google_books,publication_date,INCORRECT,no
MB-104,9781473231122,en,google_books,page_count,MISSING,no
MB-104,9781473231122,en,google_books,cover,CORRECT,no
MB-104,9781473231122,en,google_books,work_link,MISSING,no
MB-104,9781473231122,en,google_books,series,MISSING,no
MB-104,9781473231122,en,google_books,series_position,MISSING,no
MB-104,9781473231122,en,google_books,subjects,CORRECT,no
MB-104,9781473231122,en,wikidata,isbn_exact,MISSING,no
MB-104,9781473231122,en,wikidata,title,MISSING,no
MB-104,9781473231122,en,wikidata,subtitle,MISSING,no
MB-104,9781473231122,en,wikidata,authors,MISSING,no
MB-104,9781473231122,en,wikidata,language,MISSING,no
MB-104,9781473231122,en,wikidata,publisher,MISSING,no
MB-104,9781473231122,en,wikidata,publication_date,MISSING,no
MB-104,9781473231122,en,wikidata,page_count,MISSING,no
MB-104,9781473231122,en,wikidata,cover,MISSING,no
MB-104,9781473231122,en,wikidata,work_link,MISSING,no
MB-104,9781473231122,en,wikidata,series,MISSING,no
MB-104,9781473231122,en,wikidata,series_position,MISSING,no
MB-104,9781473231122,en,wikidata,subjects,MISSING,no
MB-104,9781473231122,en,bookbrainz,isbn_exact,CORRECT,no
MB-104,9781473231122,en,bookbrainz,title,CORRECT,no
MB-104,9781473231122,en,bookbrainz,subtitle,MISSING,no
MB-104,9781473231122,en,bookbrainz,authors,CORRECT,no
MB-104,9781473231122,en,bookbrainz,language,CORRECT,no
MB-104,9781473231122,en,bookbrainz,publisher,MISSING,no
MB-104,9781473231122,en,bookbrainz,publication_date,INCORRECT,no
MB-104,9781473231122,en,bookbrainz,page_count,INCORRECT,no
MB-104,9781473231122,en,bookbrainz,cover,MISSING,no
MB-104,9781473231122,en,bookbrainz,work_link,CORRECT,no
MB-104,9781473231122,en,bookbrainz,series,MISSING,no
MB-104,9781473231122,en,bookbrainz,series_position,MISSING,no
MB-104,9781473231122,en,bookbrainz,subjects,MISSING,no
MB-105,9781529962253,en,open_library,isbn_exact,CORRECT,no
MB-105,9781529962253,en,open_library,title,CORRECT,no
MB-105,9781529962253,en,open_library,subtitle,MISSING,no
MB-105,9781529962253,en,open_library,authors,CORRECT,no
MB-105,9781529962253,en,open_library,language,CORRECT,no
MB-105,9781529962253,en,open_library,publisher,CORRECT,no
MB-105,9781529962253,en,open_library,publication_date,CORRECT,no
MB-105,9781529962253,en,open_library,page_count,CORRECT,no
MB-105,9781529962253,en,open_library,cover,MISSING,no
MB-105,9781529962253,en,open_library,work_link,CORRECT,no
MB-105,9781529962253,en,open_library,series,MISSING,no
MB-105,9781529962253,en,open_library,series_position,MISSING,no
MB-105,9781529962253,en,open_library,subjects,MISSING,no
MB-105,9781529962253,en,google_books,isbn_exact,CORRECT,no
MB-105,9781529962253,en,google_books,title,CORRECT,no
MB-105,9781529962253,en,google_books,subtitle,MISSING,no
MB-105,9781529962253,en,google_books,authors,CORRECT,no
MB-105,9781529962253,en,google_books,language,CORRECT,no
MB-105,9781529962253,en,google_books,publisher,INCORRECT,no
MB-105,9781529962253,en,google_books,publication_date,CORRECT,no
MB-105,9781529962253,en,google_books,page_count,MISSING,no
MB-105,9781529962253,en,google_books,cover,CORRECT,no
MB-105,9781529962253,en,google_books,work_link,MISSING,no
MB-105,9781529962253,en,google_books,series,MISSING,no
MB-105,9781529962253,en,google_books,series_position,MISSING,no
MB-105,9781529962253,en,google_books,subjects,CORRECT,no
MB-105,9781529962253,en,wikidata,isbn_exact,MISSING,no
MB-105,9781529962253,en,wikidata,title,MISSING,no
MB-105,9781529962253,en,wikidata,subtitle,MISSING,no
MB-105,9781529962253,en,wikidata,authors,MISSING,no
MB-105,9781529962253,en,wikidata,language,MISSING,no
MB-105,9781529962253,en,wikidata,publisher,MISSING,no
MB-105,9781529962253,en,wikidata,publication_date,MISSING,no
MB-105,9781529962253,en,wikidata,page_count,MISSING,no
MB-105,9781529962253,en,wikidata,cover,MISSING,no
MB-105,9781529962253,en,wikidata,work_link,MISSING,no
MB-105,9781529962253,en,wikidata,series,MISSING,no
MB-105,9781529962253,en,wikidata,series_position,MISSING,no
MB-105,9781529962253,en,wikidata,subjects,MISSING,no
MB-105,9781529962253,en,bookbrainz,isbn_exact,MISSING,no
MB-105,9781529962253,en,bookbrainz,title,MISSING,no
MB-105,9781529962253,en,bookbrainz,subtitle,MISSING,no
MB-105,9781529962253,en,bookbrainz,authors,MISSING,no
MB-105,9781529962253,en,bookbrainz,language,MISSING,no
MB-105,9781529962253,en,bookbrainz,publisher,MISSING,no
MB-105,9781529962253,en,bookbrainz,publication_date,MISSING,no
MB-105,9781529962253,en,bookbrainz,page_count,MISSING,no
MB-105,9781529962253,en,bookbrainz,cover,MISSING,no
MB-105,9781529962253,en,bookbrainz,work_link,MISSING,no
MB-105,9781529962253,en,bookbrainz,series,MISSING,no
MB-105,9781529962253,en,bookbrainz,series_position,MISSING,no
MB-105,9781529962253,en,bookbrainz,subjects,MISSING,no
MB-106,9781592405169,en,open_library,isbn_exact,CORRECT,no
MB-106,9781592405169,en,open_library,title,CORRECT,no
MB-106,9781592405169,en,open_library,subtitle,UNVERIFIABLE,no
MB-106,9781592405169,en,open_library,authors,MISSING,no
MB-106,9781592405169,en,open_library,language,CORRECT,no
MB-106,9781592405169,en,open_library,publisher,CORRECT,no
MB-106,9781592405169,en,open_library,publication_date,CORRECT,no
MB-106,9781592405169,en,open_library,page_count,MISSING,no
MB-106,9781592405169,en,open_library,cover,CORRECT,no
MB-106,9781592405169,en,open_library,work_link,CORRECT,no
MB-106,9781592405169,en,open_library,series,MISSING,no
MB-106,9781592405169,en,open_library,series_position,MISSING,no
MB-106,9781592405169,en,open_library,subjects,CORRECT,no
MB-106,9781592405169,en,google_books,isbn_exact,CORRECT,no
MB-106,9781592405169,en,google_books,title,CORRECT,no
MB-106,9781592405169,en,google_books,subtitle,UNVERIFIABLE,no
MB-106,9781592405169,en,google_books,authors,CORRECT,no
MB-106,9781592405169,en,google_books,language,CORRECT,no
MB-106,9781592405169,en,google_books,publisher,INCORRECT,no
MB-106,9781592405169,en,google_books,publication_date,CORRECT,no
MB-106,9781592405169,en,google_books,page_count,MISSING,no
MB-106,9781592405169,en,google_books,cover,CORRECT,no
MB-106,9781592405169,en,google_books,work_link,MISSING,no
MB-106,9781592405169,en,google_books,series,MISSING,no
MB-106,9781592405169,en,google_books,series_position,MISSING,no
MB-106,9781592405169,en,google_books,subjects,CORRECT,no
MB-106,9781592405169,en,wikidata,isbn_exact,MISSING,no
MB-106,9781592405169,en,wikidata,title,MISSING,no
MB-106,9781592405169,en,wikidata,subtitle,MISSING,no
MB-106,9781592405169,en,wikidata,authors,MISSING,no
MB-106,9781592405169,en,wikidata,language,MISSING,no
MB-106,9781592405169,en,wikidata,publisher,MISSING,no
MB-106,9781592405169,en,wikidata,publication_date,MISSING,no
MB-106,9781592405169,en,wikidata,page_count,MISSING,no
MB-106,9781592405169,en,wikidata,cover,MISSING,no
MB-106,9781592405169,en,wikidata,work_link,MISSING,no
MB-106,9781592405169,en,wikidata,series,MISSING,no
MB-106,9781592405169,en,wikidata,series_position,MISSING,no
MB-106,9781592405169,en,wikidata,subjects,MISSING,no
MB-106,9781592405169,en,bookbrainz,isbn_exact,MISSING,no
MB-106,9781592405169,en,bookbrainz,title,MISSING,no
MB-106,9781592405169,en,bookbrainz,subtitle,MISSING,no
MB-106,9781592405169,en,bookbrainz,authors,MISSING,no
MB-106,9781592405169,en,bookbrainz,language,MISSING,no
MB-106,9781592405169,en,bookbrainz,publisher,MISSING,no
MB-106,9781592405169,en,bookbrainz,publication_date,MISSING,no
MB-106,9781592405169,en,bookbrainz,page_count,MISSING,no
MB-106,9781592405169,en,bookbrainz,cover,MISSING,no
MB-106,9781592405169,en,bookbrainz,work_link,MISSING,no
MB-106,9781592405169,en,bookbrainz,series,MISSING,no
MB-106,9781592405169,en,bookbrainz,series_position,MISSING,no
MB-106,9781592405169,en,bookbrainz,subjects,MISSING,no
MB-107,9781784971656,en,open_library,isbn_exact,CORRECT,no
MB-107,9781784971656,en,open_library,title,CORRECT,no
MB-107,9781784971656,en,open_library,subtitle,MISSING,no
MB-107,9781784971656,en,open_library,authors,INCORRECT,no
MB-107,9781784971656,en,open_library,language,CORRECT,no
MB-107,9781784971656,en,open_library,publisher,CORRECT,no
MB-107,9781784971656,en,open_library,publication_date,CORRECT,no
MB-107,9781784971656,en,open_library,page_count,CORRECT,no
MB-107,9781784971656,en,open_library,cover,CORRECT,no
MB-107,9781784971656,en,open_library,work_link,CORRECT,no
MB-107,9781784971656,en,open_library,series,MISSING,no
MB-107,9781784971656,en,open_library,series_position,MISSING,no
MB-107,9781784971656,en,open_library,subjects,MISSING,no
MB-107,9781784971656,en,google_books,isbn_exact,CORRECT,no
MB-107,9781784971656,en,google_books,title,CORRECT,no
MB-107,9781784971656,en,google_books,subtitle,MISSING,no
MB-107,9781784971656,en,google_books,authors,INCORRECT,no
MB-107,9781784971656,en,google_books,language,CORRECT,no
MB-107,9781784971656,en,google_books,publisher,CORRECT,no
MB-107,9781784971656,en,google_books,publication_date,CORRECT,no
MB-107,9781784971656,en,google_books,page_count,MISSING,no
MB-107,9781784971656,en,google_books,cover,CORRECT,no
MB-107,9781784971656,en,google_books,work_link,MISSING,no
MB-107,9781784971656,en,google_books,series,MISSING,no
MB-107,9781784971656,en,google_books,series_position,MISSING,no
MB-107,9781784971656,en,google_books,subjects,CORRECT,no
MB-107,9781784971656,en,wikidata,isbn_exact,MISSING,no
MB-107,9781784971656,en,wikidata,title,MISSING,no
MB-107,9781784971656,en,wikidata,subtitle,MISSING,no
MB-107,9781784971656,en,wikidata,authors,MISSING,no
MB-107,9781784971656,en,wikidata,language,MISSING,no
MB-107,9781784971656,en,wikidata,publisher,MISSING,no
MB-107,9781784971656,en,wikidata,publication_date,MISSING,no
MB-107,9781784971656,en,wikidata,page_count,MISSING,no
MB-107,9781784971656,en,wikidata,cover,MISSING,no
MB-107,9781784971656,en,wikidata,work_link,MISSING,no
MB-107,9781784971656,en,wikidata,series,MISSING,no
MB-107,9781784971656,en,wikidata,series_position,MISSING,no
MB-107,9781784971656,en,wikidata,subjects,MISSING,no
MB-107,9781784971656,en,bookbrainz,isbn_exact,CORRECT,no
MB-107,9781784971656,en,bookbrainz,title,CORRECT,no
MB-107,9781784971656,en,bookbrainz,subtitle,MISSING,no
MB-107,9781784971656,en,bookbrainz,authors,INCORRECT,no
MB-107,9781784971656,en,bookbrainz,language,CORRECT,no
MB-107,9781784971656,en,bookbrainz,publisher,CORRECT,no
MB-107,9781784971656,en,bookbrainz,publication_date,CORRECT,no
MB-107,9781784971656,en,bookbrainz,page_count,INCORRECT,no
MB-107,9781784971656,en,bookbrainz,cover,MISSING,no
MB-107,9781784971656,en,bookbrainz,work_link,CORRECT,no
MB-107,9781784971656,en,bookbrainz,series,MISSING,no
MB-107,9781784971656,en,bookbrainz,series_position,MISSING,no
MB-107,9781784971656,en,bookbrainz,subjects,MISSING,no
MB-108,9781785658631,en,open_library,isbn_exact,CORRECT,no
MB-108,9781785658631,en,open_library,title,CORRECT,no
MB-108,9781785658631,en,open_library,subtitle,MISSING,no
MB-108,9781785658631,en,open_library,authors,CORRECT,no
MB-108,9781785658631,en,open_library,language,CORRECT,no
MB-108,9781785658631,en,open_library,publisher,CORRECT,no
MB-108,9781785658631,en,open_library,publication_date,CORRECT,no
MB-108,9781785658631,en,open_library,page_count,CORRECT,no
MB-108,9781785658631,en,open_library,cover,CORRECT,no
MB-108,9781785658631,en,open_library,work_link,CORRECT,no
MB-108,9781785658631,en,open_library,series,UNVERIFIABLE,no
MB-108,9781785658631,en,open_library,series_position,MISSING,no
MB-108,9781785658631,en,open_library,subjects,MISSING,no
MB-108,9781785658631,en,google_books,isbn_exact,CORRECT,no
MB-108,9781785658631,en,google_books,title,CORRECT,no
MB-108,9781785658631,en,google_books,subtitle,MISSING,no
MB-108,9781785658631,en,google_books,authors,CORRECT,no
MB-108,9781785658631,en,google_books,language,CORRECT,no
MB-108,9781785658631,en,google_books,publisher,INCORRECT,no
MB-108,9781785658631,en,google_books,publication_date,CORRECT,no
MB-108,9781785658631,en,google_books,page_count,MISSING,no
MB-108,9781785658631,en,google_books,cover,CORRECT,no
MB-108,9781785658631,en,google_books,work_link,MISSING,no
MB-108,9781785658631,en,google_books,series,MISSING,no
MB-108,9781785658631,en,google_books,series_position,MISSING,no
MB-108,9781785658631,en,google_books,subjects,CORRECT,no
MB-108,9781785658631,en,wikidata,isbn_exact,MISSING,no
MB-108,9781785658631,en,wikidata,title,MISSING,no
MB-108,9781785658631,en,wikidata,subtitle,MISSING,no
MB-108,9781785658631,en,wikidata,authors,MISSING,no
MB-108,9781785658631,en,wikidata,language,MISSING,no
MB-108,9781785658631,en,wikidata,publisher,MISSING,no
MB-108,9781785658631,en,wikidata,publication_date,MISSING,no
MB-108,9781785658631,en,wikidata,page_count,MISSING,no
MB-108,9781785658631,en,wikidata,cover,MISSING,no
MB-108,9781785658631,en,wikidata,work_link,MISSING,no
MB-108,9781785658631,en,wikidata,series,MISSING,no
MB-108,9781785658631,en,wikidata,series_position,MISSING,no
MB-108,9781785658631,en,wikidata,subjects,MISSING,no
MB-108,9781785658631,en,bookbrainz,isbn_exact,MISSING,no
MB-108,9781785658631,en,bookbrainz,title,MISSING,no
MB-108,9781785658631,en,bookbrainz,subtitle,MISSING,no
MB-108,9781785658631,en,bookbrainz,authors,MISSING,no
MB-108,9781785658631,en,bookbrainz,language,MISSING,no
MB-108,9781785658631,en,bookbrainz,publisher,MISSING,no
MB-108,9781785658631,en,bookbrainz,publication_date,MISSING,no
MB-108,9781785658631,en,bookbrainz,page_count,MISSING,no
MB-108,9781785658631,en,bookbrainz,cover,MISSING,no
MB-108,9781785658631,en,bookbrainz,work_link,MISSING,no
MB-108,9781785658631,en,bookbrainz,series,MISSING,no
MB-108,9781785658631,en,bookbrainz,series_position,MISSING,no
MB-108,9781785658631,en,bookbrainz,subjects,MISSING,no
MB-109,9789163906572,en,open_library,isbn_exact,CORRECT,no
MB-109,9789163906572,en,open_library,title,CORRECT,no
MB-109,9789163906572,en,open_library,subtitle,UNVERIFIABLE,no
MB-109,9789163906572,en,open_library,authors,MISSING,no
MB-109,9789163906572,en,open_library,language,CORRECT,no
MB-109,9789163906572,en,open_library,publisher,CORRECT,no
MB-109,9789163906572,en,open_library,publication_date,INCORRECT,no
MB-109,9789163906572,en,open_library,page_count,INCORRECT,no
MB-109,9789163906572,en,open_library,cover,CORRECT,no
MB-109,9789163906572,en,open_library,work_link,CORRECT,no
MB-109,9789163906572,en,open_library,series,MISSING,no
MB-109,9789163906572,en,open_library,series_position,MISSING,no
MB-109,9789163906572,en,open_library,subjects,MISSING,no
MB-109,9789163906572,en,google_books,isbn_exact,MISSING,no
MB-109,9789163906572,en,google_books,title,MISSING,no
MB-109,9789163906572,en,google_books,subtitle,MISSING,no
MB-109,9789163906572,en,google_books,authors,MISSING,no
MB-109,9789163906572,en,google_books,language,MISSING,no
MB-109,9789163906572,en,google_books,publisher,MISSING,no
MB-109,9789163906572,en,google_books,publication_date,MISSING,no
MB-109,9789163906572,en,google_books,page_count,MISSING,no
MB-109,9789163906572,en,google_books,cover,MISSING,no
MB-109,9789163906572,en,google_books,work_link,MISSING,no
MB-109,9789163906572,en,google_books,series,MISSING,no
MB-109,9789163906572,en,google_books,series_position,MISSING,no
MB-109,9789163906572,en,google_books,subjects,MISSING,no
MB-109,9789163906572,en,wikidata,isbn_exact,MISSING,no
MB-109,9789163906572,en,wikidata,title,MISSING,no
MB-109,9789163906572,en,wikidata,subtitle,MISSING,no
MB-109,9789163906572,en,wikidata,authors,MISSING,no
MB-109,9789163906572,en,wikidata,language,MISSING,no
MB-109,9789163906572,en,wikidata,publisher,MISSING,no
MB-109,9789163906572,en,wikidata,publication_date,MISSING,no
MB-109,9789163906572,en,wikidata,page_count,MISSING,no
MB-109,9789163906572,en,wikidata,cover,MISSING,no
MB-109,9789163906572,en,wikidata,work_link,MISSING,no
MB-109,9789163906572,en,wikidata,series,MISSING,no
MB-109,9789163906572,en,wikidata,series_position,MISSING,no
MB-109,9789163906572,en,wikidata,subjects,MISSING,no
MB-109,9789163906572,en,bookbrainz,isbn_exact,MISSING,no
MB-109,9789163906572,en,bookbrainz,title,MISSING,no
MB-109,9789163906572,en,bookbrainz,subtitle,MISSING,no
MB-109,9789163906572,en,bookbrainz,authors,MISSING,no
MB-109,9789163906572,en,bookbrainz,language,MISSING,no
MB-109,9789163906572,en,bookbrainz,publisher,MISSING,no
MB-109,9789163906572,en,bookbrainz,publication_date,MISSING,no
MB-109,9789163906572,en,bookbrainz,page_count,MISSING,no
MB-109,9789163906572,en,bookbrainz,cover,MISSING,no
MB-109,9789163906572,en,bookbrainz,work_link,MISSING,no
MB-109,9789163906572,en,bookbrainz,series,MISSING,no
MB-109,9789163906572,en,bookbrainz,series_position,MISSING,no
MB-109,9789163906572,en,bookbrainz,subjects,MISSING,no
MB-110,9798336559811,en,open_library,isbn_exact,MISSING,no
MB-110,9798336559811,en,open_library,title,MISSING,no
MB-110,9798336559811,en,open_library,subtitle,MISSING,no
MB-110,9798336559811,en,open_library,authors,MISSING,no
MB-110,9798336559811,en,open_library,language,MISSING,no
MB-110,9798336559811,en,open_library,publisher,MISSING,no
MB-110,9798336559811,en,open_library,publication_date,MISSING,no
MB-110,9798336559811,en,open_library,page_count,MISSING,no
MB-110,9798336559811,en,open_library,cover,MISSING,no
MB-110,9798336559811,en,open_library,work_link,MISSING,no
MB-110,9798336559811,en,open_library,series,MISSING,no
MB-110,9798336559811,en,open_library,series_position,MISSING,no
MB-110,9798336559811,en,open_library,subjects,MISSING,no
MB-110,9798336559811,en,google_books,isbn_exact,CORRECT,no
MB-110,9798336559811,en,google_books,title,CORRECT,no
MB-110,9798336559811,en,google_books,subtitle,UNVERIFIABLE,no
MB-110,9798336559811,en,google_books,authors,CORRECT,no
MB-110,9798336559811,en,google_books,language,CORRECT,no
MB-110,9798336559811,en,google_books,publisher,MISSING,no
MB-110,9798336559811,en,google_books,publication_date,CORRECT,no
MB-110,9798336559811,en,google_books,page_count,MISSING,no
MB-110,9798336559811,en,google_books,cover,MISSING,no
MB-110,9798336559811,en,google_books,work_link,MISSING,no
MB-110,9798336559811,en,google_books,series,MISSING,no
MB-110,9798336559811,en,google_books,series_position,MISSING,no
MB-110,9798336559811,en,google_books,subjects,CORRECT,no
MB-110,9798336559811,en,wikidata,isbn_exact,MISSING,no
MB-110,9798336559811,en,wikidata,title,MISSING,no
MB-110,9798336559811,en,wikidata,subtitle,MISSING,no
MB-110,9798336559811,en,wikidata,authors,MISSING,no
MB-110,9798336559811,en,wikidata,language,MISSING,no
MB-110,9798336559811,en,wikidata,publisher,MISSING,no
MB-110,9798336559811,en,wikidata,publication_date,MISSING,no
MB-110,9798336559811,en,wikidata,page_count,MISSING,no
MB-110,9798336559811,en,wikidata,cover,MISSING,no
MB-110,9798336559811,en,wikidata,work_link,MISSING,no
MB-110,9798336559811,en,wikidata,series,MISSING,no
MB-110,9798336559811,en,wikidata,series_position,MISSING,no
MB-110,9798336559811,en,wikidata,subjects,MISSING,no
MB-110,9798336559811,en,bookbrainz,isbn_exact,MISSING,no
MB-110,9798336559811,en,bookbrainz,title,MISSING,no
MB-110,9798336559811,en,bookbrainz,subtitle,MISSING,no
MB-110,9798336559811,en,bookbrainz,authors,MISSING,no
MB-110,9798336559811,en,bookbrainz,language,MISSING,no
MB-110,9798336559811,en,bookbrainz,publisher,MISSING,no
MB-110,9798336559811,en,bookbrainz,publication_date,MISSING,no
MB-110,9798336559811,en,bookbrainz,page_count,MISSING,no
MB-110,9798336559811,en,bookbrainz,cover,MISSING,no
MB-110,9798336559811,en,bookbrainz,work_link,MISSING,no
MB-110,9798336559811,en,bookbrainz,series,MISSING,no
MB-110,9798336559811,en,bookbrainz,series_position,MISSING,no
MB-110,9798336559811,en,bookbrainz,subjects,MISSING,no
MB-111,9781445403014,nl,open_library,isbn_exact,MISSING,no
MB-111,9781445403014,nl,open_library,title,MISSING,no
MB-111,9781445403014,nl,open_library,subtitle,MISSING,no
MB-111,9781445403014,nl,open_library,authors,MISSING,no
MB-111,9781445403014,nl,open_library,language,MISSING,no
MB-111,9781445403014,nl,open_library,publisher,MISSING,no
MB-111,9781445403014,nl,open_library,publication_date,MISSING,no
MB-111,9781445403014,nl,open_library,page_count,MISSING,no
MB-111,9781445403014,nl,open_library,cover,MISSING,no
MB-111,9781445403014,nl,open_library,work_link,MISSING,no
MB-111,9781445403014,nl,open_library,series,MISSING,no
MB-111,9781445403014,nl,open_library,series_position,MISSING,no
MB-111,9781445403014,nl,open_library,subjects,MISSING,no
MB-111,9781445403014,nl,google_books,isbn_exact,CORRECT,no
MB-111,9781445403014,nl,google_books,title,CORRECT,no
MB-111,9781445403014,nl,google_books,subtitle,MISSING,no
MB-111,9781445403014,nl,google_books,authors,CORRECT,no
MB-111,9781445403014,nl,google_books,language,CORRECT,no
MB-111,9781445403014,nl,google_books,publisher,MISSING,no
MB-111,9781445403014,nl,google_books,publication_date,CORRECT,no
MB-111,9781445403014,nl,google_books,page_count,CORRECT,no
MB-111,9781445403014,nl,google_books,cover,MISSING,no
MB-111,9781445403014,nl,google_books,work_link,MISSING,no
MB-111,9781445403014,nl,google_books,series,MISSING,no
MB-111,9781445403014,nl,google_books,series_position,MISSING,no
MB-111,9781445403014,nl,google_books,subjects,MISSING,no
MB-111,9781445403014,nl,wikidata,isbn_exact,MISSING,no
MB-111,9781445403014,nl,wikidata,title,MISSING,no
MB-111,9781445403014,nl,wikidata,subtitle,MISSING,no
MB-111,9781445403014,nl,wikidata,authors,MISSING,no
MB-111,9781445403014,nl,wikidata,language,MISSING,no
MB-111,9781445403014,nl,wikidata,publisher,MISSING,no
MB-111,9781445403014,nl,wikidata,publication_date,MISSING,no
MB-111,9781445403014,nl,wikidata,page_count,MISSING,no
MB-111,9781445403014,nl,wikidata,cover,MISSING,no
MB-111,9781445403014,nl,wikidata,work_link,MISSING,no
MB-111,9781445403014,nl,wikidata,series,MISSING,no
MB-111,9781445403014,nl,wikidata,series_position,MISSING,no
MB-111,9781445403014,nl,wikidata,subjects,MISSING,no
MB-111,9781445403014,nl,bookbrainz,isbn_exact,MISSING,no
MB-111,9781445403014,nl,bookbrainz,title,MISSING,no
MB-111,9781445403014,nl,bookbrainz,subtitle,MISSING,no
MB-111,9781445403014,nl,bookbrainz,authors,MISSING,no
MB-111,9781445403014,nl,bookbrainz,language,MISSING,no
MB-111,9781445403014,nl,bookbrainz,publisher,MISSING,no
MB-111,9781445403014,nl,bookbrainz,publication_date,MISSING,no
MB-111,9781445403014,nl,bookbrainz,page_count,MISSING,no
MB-111,9781445403014,nl,bookbrainz,cover,MISSING,no
MB-111,9781445403014,nl,bookbrainz,work_link,MISSING,no
MB-111,9781445403014,nl,bookbrainz,series,MISSING,no
MB-111,9781445403014,nl,bookbrainz,series_position,MISSING,no
MB-111,9781445403014,nl,bookbrainz,subjects,MISSING,no
MB-112,9789021540757,nl,open_library,isbn_exact,MISSING,no
MB-112,9789021540757,nl,open_library,title,MISSING,no
MB-112,9789021540757,nl,open_library,subtitle,MISSING,no
MB-112,9789021540757,nl,open_library,authors,MISSING,no
MB-112,9789021540757,nl,open_library,language,MISSING,no
MB-112,9789021540757,nl,open_library,publisher,MISSING,no
MB-112,9789021540757,nl,open_library,publication_date,MISSING,no
MB-112,9789021540757,nl,open_library,page_count,MISSING,no
MB-112,9789021540757,nl,open_library,cover,MISSING,no
MB-112,9789021540757,nl,open_library,work_link,MISSING,no
MB-112,9789021540757,nl,open_library,series,MISSING,no
MB-112,9789021540757,nl,open_library,series_position,MISSING,no
MB-112,9789021540757,nl,open_library,subjects,MISSING,no
MB-112,9789021540757,nl,google_books,isbn_exact,CORRECT,no
MB-112,9789021540757,nl,google_books,title,CORRECT,no
MB-112,9789021540757,nl,google_books,subtitle,UNVERIFIABLE,no
MB-112,9789021540757,nl,google_books,authors,CORRECT,no
MB-112,9789021540757,nl,google_books,language,CORRECT,no
MB-112,9789021540757,nl,google_books,publisher,MISSING,no
MB-112,9789021540757,nl,google_books,publication_date,CORRECT,no
MB-112,9789021540757,nl,google_books,page_count,CORRECT,no
MB-112,9789021540757,nl,google_books,cover,CORRECT,no
MB-112,9789021540757,nl,google_books,work_link,MISSING,no
MB-112,9789021540757,nl,google_books,series,MISSING,no
MB-112,9789021540757,nl,google_books,series_position,MISSING,no
MB-112,9789021540757,nl,google_books,subjects,CORRECT,no
MB-112,9789021540757,nl,wikidata,isbn_exact,MISSING,no
MB-112,9789021540757,nl,wikidata,title,MISSING,no
MB-112,9789021540757,nl,wikidata,subtitle,MISSING,no
MB-112,9789021540757,nl,wikidata,authors,MISSING,no
MB-112,9789021540757,nl,wikidata,language,MISSING,no
MB-112,9789021540757,nl,wikidata,publisher,MISSING,no
MB-112,9789021540757,nl,wikidata,publication_date,MISSING,no
MB-112,9789021540757,nl,wikidata,page_count,MISSING,no
MB-112,9789021540757,nl,wikidata,cover,MISSING,no
MB-112,9789021540757,nl,wikidata,work_link,MISSING,no
MB-112,9789021540757,nl,wikidata,series,MISSING,no
MB-112,9789021540757,nl,wikidata,series_position,MISSING,no
MB-112,9789021540757,nl,wikidata,subjects,MISSING,no
MB-112,9789021540757,nl,bookbrainz,isbn_exact,MISSING,no
MB-112,9789021540757,nl,bookbrainz,title,MISSING,no
MB-112,9789021540757,nl,bookbrainz,subtitle,MISSING,no
MB-112,9789021540757,nl,bookbrainz,authors,MISSING,no
MB-112,9789021540757,nl,bookbrainz,language,MISSING,no
MB-112,9789021540757,nl,bookbrainz,publisher,MISSING,no
MB-112,9789021540757,nl,bookbrainz,publication_date,MISSING,no
MB-112,9789021540757,nl,bookbrainz,page_count,MISSING,no
MB-112,9789021540757,nl,bookbrainz,cover,MISSING,no
MB-112,9789021540757,nl,bookbrainz,work_link,MISSING,no
MB-112,9789021540757,nl,bookbrainz,series,MISSING,no
MB-112,9789021540757,nl,bookbrainz,series_position,MISSING,no
MB-112,9789021540757,nl,bookbrainz,subjects,MISSING,no
MB-113,9789021548906,nl,open_library,isbn_exact,MISSING,no
MB-113,9789021548906,nl,open_library,title,MISSING,no
MB-113,9789021548906,nl,open_library,subtitle,MISSING,no
MB-113,9789021548906,nl,open_library,authors,MISSING,no
MB-113,9789021548906,nl,open_library,language,MISSING,no
MB-113,9789021548906,nl,open_library,publisher,MISSING,no
MB-113,9789021548906,nl,open_library,publication_date,MISSING,no
MB-113,9789021548906,nl,open_library,page_count,MISSING,no
MB-113,9789021548906,nl,open_library,cover,MISSING,no
MB-113,9789021548906,nl,open_library,work_link,MISSING,no
MB-113,9789021548906,nl,open_library,series,MISSING,no
MB-113,9789021548906,nl,open_library,series_position,MISSING,no
MB-113,9789021548906,nl,open_library,subjects,MISSING,no
MB-113,9789021548906,nl,google_books,isbn_exact,CORRECT,no
MB-113,9789021548906,nl,google_books,title,CORRECT,no
MB-113,9789021548906,nl,google_books,subtitle,MISSING,no
MB-113,9789021548906,nl,google_books,authors,CORRECT,no
MB-113,9789021548906,nl,google_books,language,CORRECT,no
MB-113,9789021548906,nl,google_books,publisher,MISSING,no
MB-113,9789021548906,nl,google_books,publication_date,CORRECT,no
MB-113,9789021548906,nl,google_books,page_count,CORRECT,no
MB-113,9789021548906,nl,google_books,cover,CORRECT,no
MB-113,9789021548906,nl,google_books,work_link,MISSING,no
MB-113,9789021548906,nl,google_books,series,MISSING,no
MB-113,9789021548906,nl,google_books,series_position,MISSING,no
MB-113,9789021548906,nl,google_books,subjects,MISSING,no
MB-113,9789021548906,nl,wikidata,isbn_exact,MISSING,no
MB-113,9789021548906,nl,wikidata,title,MISSING,no
MB-113,9789021548906,nl,wikidata,subtitle,MISSING,no
MB-113,9789021548906,nl,wikidata,authors,MISSING,no
MB-113,9789021548906,nl,wikidata,language,MISSING,no
MB-113,9789021548906,nl,wikidata,publisher,MISSING,no
MB-113,9789021548906,nl,wikidata,publication_date,MISSING,no
MB-113,9789021548906,nl,wikidata,page_count,MISSING,no
MB-113,9789021548906,nl,wikidata,cover,MISSING,no
MB-113,9789021548906,nl,wikidata,work_link,MISSING,no
MB-113,9789021548906,nl,wikidata,series,MISSING,no
MB-113,9789021548906,nl,wikidata,series_position,MISSING,no
MB-113,9789021548906,nl,wikidata,subjects,MISSING,no
MB-113,9789021548906,nl,bookbrainz,isbn_exact,MISSING,no
MB-113,9789021548906,nl,bookbrainz,title,MISSING,no
MB-113,9789021548906,nl,bookbrainz,subtitle,MISSING,no
MB-113,9789021548906,nl,bookbrainz,authors,MISSING,no
MB-113,9789021548906,nl,bookbrainz,language,MISSING,no
MB-113,9789021548906,nl,bookbrainz,publisher,MISSING,no
MB-113,9789021548906,nl,bookbrainz,publication_date,MISSING,no
MB-113,9789021548906,nl,bookbrainz,page_count,MISSING,no
MB-113,9789021548906,nl,bookbrainz,cover,MISSING,no
MB-113,9789021548906,nl,bookbrainz,work_link,MISSING,no
MB-113,9789021548906,nl,bookbrainz,series,MISSING,no
MB-113,9789021548906,nl,bookbrainz,series_position,MISSING,no
MB-113,9789021548906,nl,bookbrainz,subjects,MISSING,no
MB-114,9789021548975,nl,open_library,isbn_exact,MISSING,no
MB-114,9789021548975,nl,open_library,title,MISSING,no
MB-114,9789021548975,nl,open_library,subtitle,MISSING,no
MB-114,9789021548975,nl,open_library,authors,MISSING,no
MB-114,9789021548975,nl,open_library,language,MISSING,no
MB-114,9789021548975,nl,open_library,publisher,MISSING,no
MB-114,9789021548975,nl,open_library,publication_date,MISSING,no
MB-114,9789021548975,nl,open_library,page_count,MISSING,no
MB-114,9789021548975,nl,open_library,cover,MISSING,no
MB-114,9789021548975,nl,open_library,work_link,MISSING,no
MB-114,9789021548975,nl,open_library,series,MISSING,no
MB-114,9789021548975,nl,open_library,series_position,MISSING,no
MB-114,9789021548975,nl,open_library,subjects,MISSING,no
MB-114,9789021548975,nl,google_books,isbn_exact,CORRECT,no
MB-114,9789021548975,nl,google_books,title,CORRECT,no
MB-114,9789021548975,nl,google_books,subtitle,UNVERIFIABLE,no
MB-114,9789021548975,nl,google_books,authors,CORRECT,no
MB-114,9789021548975,nl,google_books,language,CORRECT,no
MB-114,9789021548975,nl,google_books,publisher,MISSING,no
MB-114,9789021548975,nl,google_books,publication_date,CORRECT,no
MB-114,9789021548975,nl,google_books,page_count,CORRECT,no
MB-114,9789021548975,nl,google_books,cover,CORRECT,no
MB-114,9789021548975,nl,google_books,work_link,MISSING,no
MB-114,9789021548975,nl,google_books,series,MISSING,no
MB-114,9789021548975,nl,google_books,series_position,MISSING,no
MB-114,9789021548975,nl,google_books,subjects,MISSING,no
MB-114,9789021548975,nl,wikidata,isbn_exact,MISSING,no
MB-114,9789021548975,nl,wikidata,title,MISSING,no
MB-114,9789021548975,nl,wikidata,subtitle,MISSING,no
MB-114,9789021548975,nl,wikidata,authors,MISSING,no
MB-114,9789021548975,nl,wikidata,language,MISSING,no
MB-114,9789021548975,nl,wikidata,publisher,MISSING,no
MB-114,9789021548975,nl,wikidata,publication_date,MISSING,no
MB-114,9789021548975,nl,wikidata,page_count,MISSING,no
MB-114,9789021548975,nl,wikidata,cover,MISSING,no
MB-114,9789021548975,nl,wikidata,work_link,MISSING,no
MB-114,9789021548975,nl,wikidata,series,MISSING,no
MB-114,9789021548975,nl,wikidata,series_position,MISSING,no
MB-114,9789021548975,nl,wikidata,subjects,MISSING,no
MB-114,9789021548975,nl,bookbrainz,isbn_exact,MISSING,no
MB-114,9789021548975,nl,bookbrainz,title,MISSING,no
MB-114,9789021548975,nl,bookbrainz,subtitle,MISSING,no
MB-114,9789021548975,nl,bookbrainz,authors,MISSING,no
MB-114,9789021548975,nl,bookbrainz,language,MISSING,no
MB-114,9789021548975,nl,bookbrainz,publisher,MISSING,no
MB-114,9789021548975,nl,bookbrainz,publication_date,MISSING,no
MB-114,9789021548975,nl,bookbrainz,page_count,MISSING,no
MB-114,9789021548975,nl,bookbrainz,cover,MISSING,no
MB-114,9789021548975,nl,bookbrainz,work_link,MISSING,no
MB-114,9789021548975,nl,bookbrainz,series,MISSING,no
MB-114,9789021548975,nl,bookbrainz,series_position,MISSING,no
MB-114,9789021548975,nl,bookbrainz,subjects,MISSING,no
MB-115,9789021553689,nl,open_library,isbn_exact,MISSING,no
MB-115,9789021553689,nl,open_library,title,MISSING,no
MB-115,9789021553689,nl,open_library,subtitle,MISSING,no
MB-115,9789021553689,nl,open_library,authors,MISSING,no
MB-115,9789021553689,nl,open_library,language,MISSING,no
MB-115,9789021553689,nl,open_library,publisher,MISSING,no
MB-115,9789021553689,nl,open_library,publication_date,MISSING,no
MB-115,9789021553689,nl,open_library,page_count,MISSING,no
MB-115,9789021553689,nl,open_library,cover,MISSING,no
MB-115,9789021553689,nl,open_library,work_link,MISSING,no
MB-115,9789021553689,nl,open_library,series,MISSING,no
MB-115,9789021553689,nl,open_library,series_position,MISSING,no
MB-115,9789021553689,nl,open_library,subjects,MISSING,no
MB-115,9789021553689,nl,google_books,isbn_exact,CORRECT,no
MB-115,9789021553689,nl,google_books,title,CORRECT,no
MB-115,9789021553689,nl,google_books,subtitle,MISSING,no
MB-115,9789021553689,nl,google_books,authors,MISSING,no
MB-115,9789021553689,nl,google_books,language,CORRECT,no
MB-115,9789021553689,nl,google_books,publisher,MISSING,no
MB-115,9789021553689,nl,google_books,publication_date,CORRECT,no
MB-115,9789021553689,nl,google_books,page_count,CORRECT,no
MB-115,9789021553689,nl,google_books,cover,MISSING,no
MB-115,9789021553689,nl,google_books,work_link,MISSING,no
MB-115,9789021553689,nl,google_books,series,MISSING,no
MB-115,9789021553689,nl,google_books,series_position,MISSING,no
MB-115,9789021553689,nl,google_books,subjects,MISSING,no
MB-115,9789021553689,nl,wikidata,isbn_exact,MISSING,no
MB-115,9789021553689,nl,wikidata,title,MISSING,no
MB-115,9789021553689,nl,wikidata,subtitle,MISSING,no
MB-115,9789021553689,nl,wikidata,authors,MISSING,no
MB-115,9789021553689,nl,wikidata,language,MISSING,no
MB-115,9789021553689,nl,wikidata,publisher,MISSING,no
MB-115,9789021553689,nl,wikidata,publication_date,MISSING,no
MB-115,9789021553689,nl,wikidata,page_count,MISSING,no
MB-115,9789021553689,nl,wikidata,cover,MISSING,no
MB-115,9789021553689,nl,wikidata,work_link,MISSING,no
MB-115,9789021553689,nl,wikidata,series,MISSING,no
MB-115,9789021553689,nl,wikidata,series_position,MISSING,no
MB-115,9789021553689,nl,wikidata,subjects,MISSING,no
MB-115,9789021553689,nl,bookbrainz,isbn_exact,MISSING,no
MB-115,9789021553689,nl,bookbrainz,title,MISSING,no
MB-115,9789021553689,nl,bookbrainz,subtitle,MISSING,no
MB-115,9789021553689,nl,bookbrainz,authors,MISSING,no
MB-115,9789021553689,nl,bookbrainz,language,MISSING,no
MB-115,9789021553689,nl,bookbrainz,publisher,MISSING,no
MB-115,9789021553689,nl,bookbrainz,publication_date,MISSING,no
MB-115,9789021553689,nl,bookbrainz,page_count,MISSING,no
MB-115,9789021553689,nl,bookbrainz,cover,MISSING,no
MB-115,9789021553689,nl,bookbrainz,work_link,MISSING,no
MB-115,9789021553689,nl,bookbrainz,series,MISSING,no
MB-115,9789021553689,nl,bookbrainz,series_position,MISSING,no
MB-115,9789021553689,nl,bookbrainz,subjects,MISSING,no
MB-116,9789021580449,nl,open_library,isbn_exact,MISSING,no
MB-116,9789021580449,nl,open_library,title,MISSING,no
MB-116,9789021580449,nl,open_library,subtitle,MISSING,no
MB-116,9789021580449,nl,open_library,authors,MISSING,no
MB-116,9789021580449,nl,open_library,language,MISSING,no
MB-116,9789021580449,nl,open_library,publisher,MISSING,no
MB-116,9789021580449,nl,open_library,publication_date,MISSING,no
MB-116,9789021580449,nl,open_library,page_count,MISSING,no
MB-116,9789021580449,nl,open_library,cover,MISSING,no
MB-116,9789021580449,nl,open_library,work_link,MISSING,no
MB-116,9789021580449,nl,open_library,series,MISSING,no
MB-116,9789021580449,nl,open_library,series_position,MISSING,no
MB-116,9789021580449,nl,open_library,subjects,MISSING,no
MB-116,9789021580449,nl,google_books,isbn_exact,CORRECT,no
MB-116,9789021580449,nl,google_books,title,CORRECT,no
MB-116,9789021580449,nl,google_books,subtitle,MISSING,no
MB-116,9789021580449,nl,google_books,authors,CORRECT,no
MB-116,9789021580449,nl,google_books,language,CORRECT,no
MB-116,9789021580449,nl,google_books,publisher,MISSING,no
MB-116,9789021580449,nl,google_books,publication_date,CORRECT,no
MB-116,9789021580449,nl,google_books,page_count,CORRECT,no
MB-116,9789021580449,nl,google_books,cover,CORRECT,no
MB-116,9789021580449,nl,google_books,work_link,MISSING,no
MB-116,9789021580449,nl,google_books,series,MISSING,no
MB-116,9789021580449,nl,google_books,series_position,MISSING,no
MB-116,9789021580449,nl,google_books,subjects,MISSING,no
MB-116,9789021580449,nl,wikidata,isbn_exact,MISSING,no
MB-116,9789021580449,nl,wikidata,title,MISSING,no
MB-116,9789021580449,nl,wikidata,subtitle,MISSING,no
MB-116,9789021580449,nl,wikidata,authors,MISSING,no
MB-116,9789021580449,nl,wikidata,language,MISSING,no
MB-116,9789021580449,nl,wikidata,publisher,MISSING,no
MB-116,9789021580449,nl,wikidata,publication_date,MISSING,no
MB-116,9789021580449,nl,wikidata,page_count,MISSING,no
MB-116,9789021580449,nl,wikidata,cover,MISSING,no
MB-116,9789021580449,nl,wikidata,work_link,MISSING,no
MB-116,9789021580449,nl,wikidata,series,MISSING,no
MB-116,9789021580449,nl,wikidata,series_position,MISSING,no
MB-116,9789021580449,nl,wikidata,subjects,MISSING,no
MB-116,9789021580449,nl,bookbrainz,isbn_exact,MISSING,no
MB-116,9789021580449,nl,bookbrainz,title,MISSING,no
MB-116,9789021580449,nl,bookbrainz,subtitle,MISSING,no
MB-116,9789021580449,nl,bookbrainz,authors,MISSING,no
MB-116,9789021580449,nl,bookbrainz,language,MISSING,no
MB-116,9789021580449,nl,bookbrainz,publisher,MISSING,no
MB-116,9789021580449,nl,bookbrainz,publication_date,MISSING,no
MB-116,9789021580449,nl,bookbrainz,page_count,MISSING,no
MB-116,9789021580449,nl,bookbrainz,cover,MISSING,no
MB-116,9789021580449,nl,bookbrainz,work_link,MISSING,no
MB-116,9789021580449,nl,bookbrainz,series,MISSING,no
MB-116,9789021580449,nl,bookbrainz,series_position,MISSING,no
MB-116,9789021580449,nl,bookbrainz,subjects,MISSING,no
MB-117,9789024350285,nl,open_library,isbn_exact,MISSING,no
MB-117,9789024350285,nl,open_library,title,MISSING,no
MB-117,9789024350285,nl,open_library,subtitle,MISSING,no
MB-117,9789024350285,nl,open_library,authors,MISSING,no
MB-117,9789024350285,nl,open_library,language,MISSING,no
MB-117,9789024350285,nl,open_library,publisher,MISSING,no
MB-117,9789024350285,nl,open_library,publication_date,MISSING,no
MB-117,9789024350285,nl,open_library,page_count,MISSING,no
MB-117,9789024350285,nl,open_library,cover,MISSING,no
MB-117,9789024350285,nl,open_library,work_link,MISSING,no
MB-117,9789024350285,nl,open_library,series,MISSING,no
MB-117,9789024350285,nl,open_library,series_position,MISSING,no
MB-117,9789024350285,nl,open_library,subjects,MISSING,no
MB-117,9789024350285,nl,google_books,isbn_exact,CORRECT,no
MB-117,9789024350285,nl,google_books,title,CORRECT,no
MB-117,9789024350285,nl,google_books,subtitle,MISSING,no
MB-117,9789024350285,nl,google_books,authors,CORRECT,no
MB-117,9789024350285,nl,google_books,language,CORRECT,no
MB-117,9789024350285,nl,google_books,publisher,MISSING,no
MB-117,9789024350285,nl,google_books,publication_date,CORRECT,no
MB-117,9789024350285,nl,google_books,page_count,CORRECT,no
MB-117,9789024350285,nl,google_books,cover,MISSING,no
MB-117,9789024350285,nl,google_books,work_link,MISSING,no
MB-117,9789024350285,nl,google_books,series,MISSING,no
MB-117,9789024350285,nl,google_books,series_position,MISSING,no
MB-117,9789024350285,nl,google_books,subjects,MISSING,no
MB-117,9789024350285,nl,wikidata,isbn_exact,MISSING,no
MB-117,9789024350285,nl,wikidata,title,MISSING,no
MB-117,9789024350285,nl,wikidata,subtitle,MISSING,no
MB-117,9789024350285,nl,wikidata,authors,MISSING,no
MB-117,9789024350285,nl,wikidata,language,MISSING,no
MB-117,9789024350285,nl,wikidata,publisher,MISSING,no
MB-117,9789024350285,nl,wikidata,publication_date,MISSING,no
MB-117,9789024350285,nl,wikidata,page_count,MISSING,no
MB-117,9789024350285,nl,wikidata,cover,MISSING,no
MB-117,9789024350285,nl,wikidata,work_link,MISSING,no
MB-117,9789024350285,nl,wikidata,series,MISSING,no
MB-117,9789024350285,nl,wikidata,series_position,MISSING,no
MB-117,9789024350285,nl,wikidata,subjects,MISSING,no
MB-117,9789024350285,nl,bookbrainz,isbn_exact,MISSING,no
MB-117,9789024350285,nl,bookbrainz,title,MISSING,no
MB-117,9789024350285,nl,bookbrainz,subtitle,MISSING,no
MB-117,9789024350285,nl,bookbrainz,authors,MISSING,no
MB-117,9789024350285,nl,bookbrainz,language,MISSING,no
MB-117,9789024350285,nl,bookbrainz,publisher,MISSING,no
MB-117,9789024350285,nl,bookbrainz,publication_date,MISSING,no
MB-117,9789024350285,nl,bookbrainz,page_count,MISSING,no
MB-117,9789024350285,nl,bookbrainz,cover,MISSING,no
MB-117,9789024350285,nl,bookbrainz,work_link,MISSING,no
MB-117,9789024350285,nl,bookbrainz,series,MISSING,no
MB-117,9789024350285,nl,bookbrainz,series_position,MISSING,no
MB-117,9789024350285,nl,bookbrainz,subjects,MISSING,no
MB-118,9789026929397,nl,open_library,isbn_exact,MISSING,no
MB-118,9789026929397,nl,open_library,title,MISSING,no
MB-118,9789026929397,nl,open_library,subtitle,MISSING,no
MB-118,9789026929397,nl,open_library,authors,MISSING,no
MB-118,9789026929397,nl,open_library,language,MISSING,no
MB-118,9789026929397,nl,open_library,publisher,MISSING,no
MB-118,9789026929397,nl,open_library,publication_date,MISSING,no
MB-118,9789026929397,nl,open_library,page_count,MISSING,no
MB-118,9789026929397,nl,open_library,cover,MISSING,no
MB-118,9789026929397,nl,open_library,work_link,MISSING,no
MB-118,9789026929397,nl,open_library,series,MISSING,no
MB-118,9789026929397,nl,open_library,series_position,MISSING,no
MB-118,9789026929397,nl,open_library,subjects,MISSING,no
MB-118,9789026929397,nl,google_books,isbn_exact,CORRECT,no
MB-118,9789026929397,nl,google_books,title,CORRECT,no
MB-118,9789026929397,nl,google_books,subtitle,MISSING,no
MB-118,9789026929397,nl,google_books,authors,CORRECT,no
MB-118,9789026929397,nl,google_books,language,CORRECT,no
MB-118,9789026929397,nl,google_books,publisher,MISSING,no
MB-118,9789026929397,nl,google_books,publication_date,CORRECT,no
MB-118,9789026929397,nl,google_books,page_count,CORRECT,no
MB-118,9789026929397,nl,google_books,cover,MISSING,no
MB-118,9789026929397,nl,google_books,work_link,MISSING,no
MB-118,9789026929397,nl,google_books,series,MISSING,no
MB-118,9789026929397,nl,google_books,series_position,MISSING,no
MB-118,9789026929397,nl,google_books,subjects,MISSING,no
MB-118,9789026929397,nl,wikidata,isbn_exact,MISSING,no
MB-118,9789026929397,nl,wikidata,title,MISSING,no
MB-118,9789026929397,nl,wikidata,subtitle,MISSING,no
MB-118,9789026929397,nl,wikidata,authors,MISSING,no
MB-118,9789026929397,nl,wikidata,language,MISSING,no
MB-118,9789026929397,nl,wikidata,publisher,MISSING,no
MB-118,9789026929397,nl,wikidata,publication_date,MISSING,no
MB-118,9789026929397,nl,wikidata,page_count,MISSING,no
MB-118,9789026929397,nl,wikidata,cover,MISSING,no
MB-118,9789026929397,nl,wikidata,work_link,MISSING,no
MB-118,9789026929397,nl,wikidata,series,MISSING,no
MB-118,9789026929397,nl,wikidata,series_position,MISSING,no
MB-118,9789026929397,nl,wikidata,subjects,MISSING,no
MB-118,9789026929397,nl,bookbrainz,isbn_exact,MISSING,no
MB-118,9789026929397,nl,bookbrainz,title,MISSING,no
MB-118,9789026929397,nl,bookbrainz,subtitle,MISSING,no
MB-118,9789026929397,nl,bookbrainz,authors,MISSING,no
MB-118,9789026929397,nl,bookbrainz,language,MISSING,no
MB-118,9789026929397,nl,bookbrainz,publisher,MISSING,no
MB-118,9789026929397,nl,bookbrainz,publication_date,MISSING,no
MB-118,9789026929397,nl,bookbrainz,page_count,MISSING,no
MB-118,9789026929397,nl,bookbrainz,cover,MISSING,no
MB-118,9789026929397,nl,bookbrainz,work_link,MISSING,no
MB-118,9789026929397,nl,bookbrainz,series,MISSING,no
MB-118,9789026929397,nl,bookbrainz,series_position,MISSING,no
MB-118,9789026929397,nl,bookbrainz,subjects,MISSING,no
MB-119,9789026930140,nl,open_library,isbn_exact,MISSING,no
MB-119,9789026930140,nl,open_library,title,MISSING,no
MB-119,9789026930140,nl,open_library,subtitle,MISSING,no
MB-119,9789026930140,nl,open_library,authors,MISSING,no
MB-119,9789026930140,nl,open_library,language,MISSING,no
MB-119,9789026930140,nl,open_library,publisher,MISSING,no
MB-119,9789026930140,nl,open_library,publication_date,MISSING,no
MB-119,9789026930140,nl,open_library,page_count,MISSING,no
MB-119,9789026930140,nl,open_library,cover,MISSING,no
MB-119,9789026930140,nl,open_library,work_link,MISSING,no
MB-119,9789026930140,nl,open_library,series,MISSING,no
MB-119,9789026930140,nl,open_library,series_position,MISSING,no
MB-119,9789026930140,nl,open_library,subjects,MISSING,no
MB-119,9789026930140,nl,google_books,isbn_exact,CORRECT,no
MB-119,9789026930140,nl,google_books,title,CORRECT,no
MB-119,9789026930140,nl,google_books,subtitle,MISSING,no
MB-119,9789026930140,nl,google_books,authors,CORRECT,no
MB-119,9789026930140,nl,google_books,language,CORRECT,no
MB-119,9789026930140,nl,google_books,publisher,MISSING,no
MB-119,9789026930140,nl,google_books,publication_date,CORRECT,no
MB-119,9789026930140,nl,google_books,page_count,CORRECT,no
MB-119,9789026930140,nl,google_books,cover,MISSING,no
MB-119,9789026930140,nl,google_books,work_link,MISSING,no
MB-119,9789026930140,nl,google_books,series,MISSING,no
MB-119,9789026930140,nl,google_books,series_position,MISSING,no
MB-119,9789026930140,nl,google_books,subjects,MISSING,no
MB-119,9789026930140,nl,wikidata,isbn_exact,MISSING,no
MB-119,9789026930140,nl,wikidata,title,MISSING,no
MB-119,9789026930140,nl,wikidata,subtitle,MISSING,no
MB-119,9789026930140,nl,wikidata,authors,MISSING,no
MB-119,9789026930140,nl,wikidata,language,MISSING,no
MB-119,9789026930140,nl,wikidata,publisher,MISSING,no
MB-119,9789026930140,nl,wikidata,publication_date,MISSING,no
MB-119,9789026930140,nl,wikidata,page_count,MISSING,no
MB-119,9789026930140,nl,wikidata,cover,MISSING,no
MB-119,9789026930140,nl,wikidata,work_link,MISSING,no
MB-119,9789026930140,nl,wikidata,series,MISSING,no
MB-119,9789026930140,nl,wikidata,series_position,MISSING,no
MB-119,9789026930140,nl,wikidata,subjects,MISSING,no
MB-119,9789026930140,nl,bookbrainz,isbn_exact,MISSING,no
MB-119,9789026930140,nl,bookbrainz,title,MISSING,no
MB-119,9789026930140,nl,bookbrainz,subtitle,MISSING,no
MB-119,9789026930140,nl,bookbrainz,authors,MISSING,no
MB-119,9789026930140,nl,bookbrainz,language,MISSING,no
MB-119,9789026930140,nl,bookbrainz,publisher,MISSING,no
MB-119,9789026930140,nl,bookbrainz,publication_date,MISSING,no
MB-119,9789026930140,nl,bookbrainz,page_count,MISSING,no
MB-119,9789026930140,nl,bookbrainz,cover,MISSING,no
MB-119,9789026930140,nl,bookbrainz,work_link,MISSING,no
MB-119,9789026930140,nl,bookbrainz,series,MISSING,no
MB-119,9789026930140,nl,bookbrainz,series_position,MISSING,no
MB-119,9789026930140,nl,bookbrainz,subjects,MISSING,no
MB-120,9789035137585,nl,open_library,isbn_exact,CORRECT,no
MB-120,9789035137585,nl,open_library,title,CORRECT,no
MB-120,9789035137585,nl,open_library,subtitle,UNVERIFIABLE,no
MB-120,9789035137585,nl,open_library,authors,MISSING,no
MB-120,9789035137585,nl,open_library,language,MISSING,no
MB-120,9789035137585,nl,open_library,publisher,UNVERIFIABLE,no
MB-120,9789035137585,nl,open_library,publication_date,MISSING,no
MB-120,9789035137585,nl,open_library,page_count,MISSING,no
MB-120,9789035137585,nl,open_library,cover,CORRECT,no
MB-120,9789035137585,nl,open_library,work_link,CORRECT,no
MB-120,9789035137585,nl,open_library,series,MISSING,no
MB-120,9789035137585,nl,open_library,series_position,MISSING,no
MB-120,9789035137585,nl,open_library,subjects,MISSING,no
MB-120,9789035137585,nl,google_books,isbn_exact,CORRECT,no
MB-120,9789035137585,nl,google_books,title,CORRECT,no
MB-120,9789035137585,nl,google_books,subtitle,UNVERIFIABLE,no
MB-120,9789035137585,nl,google_books,authors,CORRECT,no
MB-120,9789035137585,nl,google_books,language,CORRECT,no
MB-120,9789035137585,nl,google_books,publisher,MISSING,no
MB-120,9789035137585,nl,google_books,publication_date,CORRECT,no
MB-120,9789035137585,nl,google_books,page_count,CORRECT,no
MB-120,9789035137585,nl,google_books,cover,MISSING,no
MB-120,9789035137585,nl,google_books,work_link,MISSING,no
MB-120,9789035137585,nl,google_books,series,MISSING,no
MB-120,9789035137585,nl,google_books,series_position,MISSING,no
MB-120,9789035137585,nl,google_books,subjects,CORRECT,no
MB-120,9789035137585,nl,wikidata,isbn_exact,MISSING,no
MB-120,9789035137585,nl,wikidata,title,MISSING,no
MB-120,9789035137585,nl,wikidata,subtitle,MISSING,no
MB-120,9789035137585,nl,wikidata,authors,MISSING,no
MB-120,9789035137585,nl,wikidata,language,MISSING,no
MB-120,9789035137585,nl,wikidata,publisher,MISSING,no
MB-120,9789035137585,nl,wikidata,publication_date,MISSING,no
MB-120,9789035137585,nl,wikidata,page_count,MISSING,no
MB-120,9789035137585,nl,wikidata,cover,MISSING,no
MB-120,9789035137585,nl,wikidata,work_link,MISSING,no
MB-120,9789035137585,nl,wikidata,series,MISSING,no
MB-120,9789035137585,nl,wikidata,series_position,MISSING,no
MB-120,9789035137585,nl,wikidata,subjects,MISSING,no
MB-120,9789035137585,nl,bookbrainz,isbn_exact,MISSING,no
MB-120,9789035137585,nl,bookbrainz,title,MISSING,no
MB-120,9789035137585,nl,bookbrainz,subtitle,MISSING,no
MB-120,9789035137585,nl,bookbrainz,authors,MISSING,no
MB-120,9789035137585,nl,bookbrainz,language,MISSING,no
MB-120,9789035137585,nl,bookbrainz,publisher,MISSING,no
MB-120,9789035137585,nl,bookbrainz,publication_date,MISSING,no
MB-120,9789035137585,nl,bookbrainz,page_count,MISSING,no
MB-120,9789035137585,nl,bookbrainz,cover,MISSING,no
MB-120,9789035137585,nl,bookbrainz,work_link,MISSING,no
MB-120,9789035137585,nl,bookbrainz,series,MISSING,no
MB-120,9789035137585,nl,bookbrainz,series_position,MISSING,no
MB-120,9789035137585,nl,bookbrainz,subjects,MISSING,no
MB-121,9789044609998,nl,open_library,isbn_exact,CORRECT,no
MB-121,9789044609998,nl,open_library,title,CORRECT,no
MB-121,9789044609998,nl,open_library,subtitle,UNVERIFIABLE,no
MB-121,9789044609998,nl,open_library,authors,CORRECT,no
MB-121,9789044609998,nl,open_library,language,CORRECT,no
MB-121,9789044609998,nl,open_library,publisher,CORRECT,no
MB-121,9789044609998,nl,open_library,publication_date,CORRECT,no
MB-121,9789044609998,nl,open_library,page_count,CORRECT,no
MB-121,9789044609998,nl,open_library,cover,CORRECT,no
MB-121,9789044609998,nl,open_library,work_link,CORRECT,no
MB-121,9789044609998,nl,open_library,series,MISSING,no
MB-121,9789044609998,nl,open_library,series_position,MISSING,no
MB-121,9789044609998,nl,open_library,subjects,CORRECT,no
MB-121,9789044609998,nl,google_books,isbn_exact,INCORRECT,no
MB-121,9789044609998,nl,google_books,title,CORRECT,no
MB-121,9789044609998,nl,google_books,subtitle,UNVERIFIABLE,no
MB-121,9789044609998,nl,google_books,authors,CORRECT,no
MB-121,9789044609998,nl,google_books,language,CORRECT,no
MB-121,9789044609998,nl,google_books,publisher,MISSING,no
MB-121,9789044609998,nl,google_books,publication_date,CORRECT,no
MB-121,9789044609998,nl,google_books,page_count,INCORRECT,no
MB-121,9789044609998,nl,google_books,cover,CORRECT,no
MB-121,9789044609998,nl,google_books,work_link,MISSING,no
MB-121,9789044609998,nl,google_books,series,MISSING,no
MB-121,9789044609998,nl,google_books,series_position,MISSING,no
MB-121,9789044609998,nl,google_books,subjects,MISSING,no
MB-121,9789044609998,nl,wikidata,isbn_exact,MISSING,no
MB-121,9789044609998,nl,wikidata,title,MISSING,no
MB-121,9789044609998,nl,wikidata,subtitle,MISSING,no
MB-121,9789044609998,nl,wikidata,authors,MISSING,no
MB-121,9789044609998,nl,wikidata,language,MISSING,no
MB-121,9789044609998,nl,wikidata,publisher,MISSING,no
MB-121,9789044609998,nl,wikidata,publication_date,MISSING,no
MB-121,9789044609998,nl,wikidata,page_count,MISSING,no
MB-121,9789044609998,nl,wikidata,cover,MISSING,no
MB-121,9789044609998,nl,wikidata,work_link,MISSING,no
MB-121,9789044609998,nl,wikidata,series,MISSING,no
MB-121,9789044609998,nl,wikidata,series_position,MISSING,no
MB-121,9789044609998,nl,wikidata,subjects,MISSING,no
MB-121,9789044609998,nl,bookbrainz,isbn_exact,MISSING,no
MB-121,9789044609998,nl,bookbrainz,title,MISSING,no
MB-121,9789044609998,nl,bookbrainz,subtitle,MISSING,no
MB-121,9789044609998,nl,bookbrainz,authors,MISSING,no
MB-121,9789044609998,nl,bookbrainz,language,MISSING,no
MB-121,9789044609998,nl,bookbrainz,publisher,MISSING,no
MB-121,9789044609998,nl,bookbrainz,publication_date,MISSING,no
MB-121,9789044609998,nl,bookbrainz,page_count,MISSING,no
MB-121,9789044609998,nl,bookbrainz,cover,MISSING,no
MB-121,9789044609998,nl,bookbrainz,work_link,MISSING,no
MB-121,9789044609998,nl,bookbrainz,series,MISSING,no
MB-121,9789044609998,nl,bookbrainz,series_position,MISSING,no
MB-121,9789044609998,nl,bookbrainz,subjects,MISSING,no
MB-122,9789048301331,nl,open_library,isbn_exact,MISSING,no
MB-122,9789048301331,nl,open_library,title,MISSING,no
MB-122,9789048301331,nl,open_library,subtitle,MISSING,no
MB-122,9789048301331,nl,open_library,authors,MISSING,no
MB-122,9789048301331,nl,open_library,language,MISSING,no
MB-122,9789048301331,nl,open_library,publisher,MISSING,no
MB-122,9789048301331,nl,open_library,publication_date,MISSING,no
MB-122,9789048301331,nl,open_library,page_count,MISSING,no
MB-122,9789048301331,nl,open_library,cover,MISSING,no
MB-122,9789048301331,nl,open_library,work_link,MISSING,no
MB-122,9789048301331,nl,open_library,series,MISSING,yes
MB-122,9789048301331,nl,open_library,series_position,MISSING,no
MB-122,9789048301331,nl,open_library,subjects,MISSING,no
MB-122,9789048301331,nl,google_books,isbn_exact,CORRECT,no
MB-122,9789048301331,nl,google_books,title,CORRECT,no
MB-122,9789048301331,nl,google_books,subtitle,UNVERIFIABLE,no
MB-122,9789048301331,nl,google_books,authors,CORRECT,no
MB-122,9789048301331,nl,google_books,language,CORRECT,no
MB-122,9789048301331,nl,google_books,publisher,MISSING,no
MB-122,9789048301331,nl,google_books,publication_date,CORRECT,no
MB-122,9789048301331,nl,google_books,page_count,CORRECT,no
MB-122,9789048301331,nl,google_books,cover,CORRECT,no
MB-122,9789048301331,nl,google_books,work_link,MISSING,no
MB-122,9789048301331,nl,google_books,series,MISSING,yes
MB-122,9789048301331,nl,google_books,series_position,MISSING,no
MB-122,9789048301331,nl,google_books,subjects,MISSING,no
MB-122,9789048301331,nl,wikidata,isbn_exact,MISSING,no
MB-122,9789048301331,nl,wikidata,title,MISSING,no
MB-122,9789048301331,nl,wikidata,subtitle,MISSING,no
MB-122,9789048301331,nl,wikidata,authors,MISSING,no
MB-122,9789048301331,nl,wikidata,language,MISSING,no
MB-122,9789048301331,nl,wikidata,publisher,MISSING,no
MB-122,9789048301331,nl,wikidata,publication_date,MISSING,no
MB-122,9789048301331,nl,wikidata,page_count,MISSING,no
MB-122,9789048301331,nl,wikidata,cover,MISSING,no
MB-122,9789048301331,nl,wikidata,work_link,MISSING,no
MB-122,9789048301331,nl,wikidata,series,MISSING,yes
MB-122,9789048301331,nl,wikidata,series_position,MISSING,no
MB-122,9789048301331,nl,wikidata,subjects,MISSING,no
MB-122,9789048301331,nl,bookbrainz,isbn_exact,MISSING,no
MB-122,9789048301331,nl,bookbrainz,title,MISSING,no
MB-122,9789048301331,nl,bookbrainz,subtitle,MISSING,no
MB-122,9789048301331,nl,bookbrainz,authors,MISSING,no
MB-122,9789048301331,nl,bookbrainz,language,MISSING,no
MB-122,9789048301331,nl,bookbrainz,publisher,MISSING,no
MB-122,9789048301331,nl,bookbrainz,publication_date,MISSING,no
MB-122,9789048301331,nl,bookbrainz,page_count,MISSING,no
MB-122,9789048301331,nl,bookbrainz,cover,MISSING,no
MB-122,9789048301331,nl,bookbrainz,work_link,MISSING,no
MB-122,9789048301331,nl,bookbrainz,series,MISSING,yes
MB-122,9789048301331,nl,bookbrainz,series_position,MISSING,no
MB-122,9789048301331,nl,bookbrainz,subjects,MISSING,no
MB-123,9789048308255,nl,open_library,isbn_exact,MISSING,no
MB-123,9789048308255,nl,open_library,title,MISSING,no
MB-123,9789048308255,nl,open_library,subtitle,MISSING,no
MB-123,9789048308255,nl,open_library,authors,MISSING,no
MB-123,9789048308255,nl,open_library,language,MISSING,no
MB-123,9789048308255,nl,open_library,publisher,MISSING,no
MB-123,9789048308255,nl,open_library,publication_date,MISSING,no
MB-123,9789048308255,nl,open_library,page_count,MISSING,no
MB-123,9789048308255,nl,open_library,cover,MISSING,no
MB-123,9789048308255,nl,open_library,work_link,MISSING,no
MB-123,9789048308255,nl,open_library,series,MISSING,no
MB-123,9789048308255,nl,open_library,series_position,MISSING,no
MB-123,9789048308255,nl,open_library,subjects,MISSING,no
MB-123,9789048308255,nl,google_books,isbn_exact,CORRECT,no
MB-123,9789048308255,nl,google_books,title,CORRECT,no
MB-123,9789048308255,nl,google_books,subtitle,UNVERIFIABLE,no
MB-123,9789048308255,nl,google_books,authors,CORRECT,no
MB-123,9789048308255,nl,google_books,language,CORRECT,no
MB-123,9789048308255,nl,google_books,publisher,MISSING,no
MB-123,9789048308255,nl,google_books,publication_date,CORRECT,no
MB-123,9789048308255,nl,google_books,page_count,CORRECT,no
MB-123,9789048308255,nl,google_books,cover,MISSING,no
MB-123,9789048308255,nl,google_books,work_link,MISSING,no
MB-123,9789048308255,nl,google_books,series,MISSING,no
MB-123,9789048308255,nl,google_books,series_position,MISSING,no
MB-123,9789048308255,nl,google_books,subjects,MISSING,no
MB-123,9789048308255,nl,wikidata,isbn_exact,MISSING,no
MB-123,9789048308255,nl,wikidata,title,MISSING,no
MB-123,9789048308255,nl,wikidata,subtitle,MISSING,no
MB-123,9789048308255,nl,wikidata,authors,MISSING,no
MB-123,9789048308255,nl,wikidata,language,MISSING,no
MB-123,9789048308255,nl,wikidata,publisher,MISSING,no
MB-123,9789048308255,nl,wikidata,publication_date,MISSING,no
MB-123,9789048308255,nl,wikidata,page_count,MISSING,no
MB-123,9789048308255,nl,wikidata,cover,MISSING,no
MB-123,9789048308255,nl,wikidata,work_link,MISSING,no
MB-123,9789048308255,nl,wikidata,series,MISSING,no
MB-123,9789048308255,nl,wikidata,series_position,MISSING,no
MB-123,9789048308255,nl,wikidata,subjects,MISSING,no
MB-123,9789048308255,nl,bookbrainz,isbn_exact,MISSING,no
MB-123,9789048308255,nl,bookbrainz,title,MISSING,no
MB-123,9789048308255,nl,bookbrainz,subtitle,MISSING,no
MB-123,9789048308255,nl,bookbrainz,authors,MISSING,no
MB-123,9789048308255,nl,bookbrainz,language,MISSING,no
MB-123,9789048308255,nl,bookbrainz,publisher,MISSING,no
MB-123,9789048308255,nl,bookbrainz,publication_date,MISSING,no
MB-123,9789048308255,nl,bookbrainz,page_count,MISSING,no
MB-123,9789048308255,nl,bookbrainz,cover,MISSING,no
MB-123,9789048308255,nl,bookbrainz,work_link,MISSING,no
MB-123,9789048308255,nl,bookbrainz,series,MISSING,no
MB-123,9789048308255,nl,bookbrainz,series_position,MISSING,no
MB-123,9789048308255,nl,bookbrainz,subjects,MISSING,no
MB-124,9789048314133,nl,open_library,isbn_exact,MISSING,no
MB-124,9789048314133,nl,open_library,title,MISSING,no
MB-124,9789048314133,nl,open_library,subtitle,MISSING,no
MB-124,9789048314133,nl,open_library,authors,MISSING,no
MB-124,9789048314133,nl,open_library,language,MISSING,no
MB-124,9789048314133,nl,open_library,publisher,MISSING,no
MB-124,9789048314133,nl,open_library,publication_date,MISSING,no
MB-124,9789048314133,nl,open_library,page_count,MISSING,no
MB-124,9789048314133,nl,open_library,cover,MISSING,no
MB-124,9789048314133,nl,open_library,work_link,MISSING,no
MB-124,9789048314133,nl,open_library,series,MISSING,yes
MB-124,9789048314133,nl,open_library,series_position,MISSING,no
MB-124,9789048314133,nl,open_library,subjects,MISSING,no
MB-124,9789048314133,nl,google_books,isbn_exact,CORRECT,no
MB-124,9789048314133,nl,google_books,title,CORRECT,no
MB-124,9789048314133,nl,google_books,subtitle,UNVERIFIABLE,no
MB-124,9789048314133,nl,google_books,authors,CORRECT,no
MB-124,9789048314133,nl,google_books,language,CORRECT,no
MB-124,9789048314133,nl,google_books,publisher,MISSING,no
MB-124,9789048314133,nl,google_books,publication_date,CORRECT,no
MB-124,9789048314133,nl,google_books,page_count,MISSING,no
MB-124,9789048314133,nl,google_books,cover,MISSING,no
MB-124,9789048314133,nl,google_books,work_link,MISSING,no
MB-124,9789048314133,nl,google_books,series,MISSING,yes
MB-124,9789048314133,nl,google_books,series_position,MISSING,no
MB-124,9789048314133,nl,google_books,subjects,MISSING,no
MB-124,9789048314133,nl,wikidata,isbn_exact,MISSING,no
MB-124,9789048314133,nl,wikidata,title,MISSING,no
MB-124,9789048314133,nl,wikidata,subtitle,MISSING,no
MB-124,9789048314133,nl,wikidata,authors,MISSING,no
MB-124,9789048314133,nl,wikidata,language,MISSING,no
MB-124,9789048314133,nl,wikidata,publisher,MISSING,no
MB-124,9789048314133,nl,wikidata,publication_date,MISSING,no
MB-124,9789048314133,nl,wikidata,page_count,MISSING,no
MB-124,9789048314133,nl,wikidata,cover,MISSING,no
MB-124,9789048314133,nl,wikidata,work_link,MISSING,no
MB-124,9789048314133,nl,wikidata,series,MISSING,yes
MB-124,9789048314133,nl,wikidata,series_position,MISSING,no
MB-124,9789048314133,nl,wikidata,subjects,MISSING,no
MB-124,9789048314133,nl,bookbrainz,isbn_exact,MISSING,no
MB-124,9789048314133,nl,bookbrainz,title,MISSING,no
MB-124,9789048314133,nl,bookbrainz,subtitle,MISSING,no
MB-124,9789048314133,nl,bookbrainz,authors,MISSING,no
MB-124,9789048314133,nl,bookbrainz,language,MISSING,no
MB-124,9789048314133,nl,bookbrainz,publisher,MISSING,no
MB-124,9789048314133,nl,bookbrainz,publication_date,MISSING,no
MB-124,9789048314133,nl,bookbrainz,page_count,MISSING,no
MB-124,9789048314133,nl,bookbrainz,cover,MISSING,no
MB-124,9789048314133,nl,bookbrainz,work_link,MISSING,no
MB-124,9789048314133,nl,bookbrainz,series,MISSING,yes
MB-124,9789048314133,nl,bookbrainz,series_position,MISSING,no
MB-124,9789048314133,nl,bookbrainz,subjects,MISSING,no
MB-125,9789054265115,nl,open_library,isbn_exact,MISSING,no
MB-125,9789054265115,nl,open_library,title,MISSING,no
MB-125,9789054265115,nl,open_library,subtitle,MISSING,no
MB-125,9789054265115,nl,open_library,authors,MISSING,no
MB-125,9789054265115,nl,open_library,language,MISSING,no
MB-125,9789054265115,nl,open_library,publisher,MISSING,no
MB-125,9789054265115,nl,open_library,publication_date,MISSING,no
MB-125,9789054265115,nl,open_library,page_count,MISSING,no
MB-125,9789054265115,nl,open_library,cover,MISSING,no
MB-125,9789054265115,nl,open_library,work_link,MISSING,no
MB-125,9789054265115,nl,open_library,series,MISSING,no
MB-125,9789054265115,nl,open_library,series_position,MISSING,no
MB-125,9789054265115,nl,open_library,subjects,MISSING,no
MB-125,9789054265115,nl,google_books,isbn_exact,CORRECT,no
MB-125,9789054265115,nl,google_books,title,CORRECT,no
MB-125,9789054265115,nl,google_books,subtitle,MISSING,no
MB-125,9789054265115,nl,google_books,authors,CORRECT,no
MB-125,9789054265115,nl,google_books,language,CORRECT,no
MB-125,9789054265115,nl,google_books,publisher,MISSING,no
MB-125,9789054265115,nl,google_books,publication_date,CORRECT,no
MB-125,9789054265115,nl,google_books,page_count,CORRECT,no
MB-125,9789054265115,nl,google_books,cover,MISSING,no
MB-125,9789054265115,nl,google_books,work_link,MISSING,no
MB-125,9789054265115,nl,google_books,series,MISSING,no
MB-125,9789054265115,nl,google_books,series_position,MISSING,no
MB-125,9789054265115,nl,google_books,subjects,MISSING,no
MB-125,9789054265115,nl,wikidata,isbn_exact,MISSING,no
MB-125,9789054265115,nl,wikidata,title,MISSING,no
MB-125,9789054265115,nl,wikidata,subtitle,MISSING,no
MB-125,9789054265115,nl,wikidata,authors,MISSING,no
MB-125,9789054265115,nl,wikidata,language,MISSING,no
MB-125,9789054265115,nl,wikidata,publisher,MISSING,no
MB-125,9789054265115,nl,wikidata,publication_date,MISSING,no
MB-125,9789054265115,nl,wikidata,page_count,MISSING,no
MB-125,9789054265115,nl,wikidata,cover,MISSING,no
MB-125,9789054265115,nl,wikidata,work_link,MISSING,no
MB-125,9789054265115,nl,wikidata,series,MISSING,no
MB-125,9789054265115,nl,wikidata,series_position,MISSING,no
MB-125,9789054265115,nl,wikidata,subjects,MISSING,no
MB-125,9789054265115,nl,bookbrainz,isbn_exact,MISSING,no
MB-125,9789054265115,nl,bookbrainz,title,MISSING,no
MB-125,9789054265115,nl,bookbrainz,subtitle,MISSING,no
MB-125,9789054265115,nl,bookbrainz,authors,MISSING,no
MB-125,9789054265115,nl,bookbrainz,language,MISSING,no
MB-125,9789054265115,nl,bookbrainz,publisher,MISSING,no
MB-125,9789054265115,nl,bookbrainz,publication_date,MISSING,no
MB-125,9789054265115,nl,bookbrainz,page_count,MISSING,no
MB-125,9789054265115,nl,bookbrainz,cover,MISSING,no
MB-125,9789054265115,nl,bookbrainz,work_link,MISSING,no
MB-125,9789054265115,nl,bookbrainz,series,MISSING,no
MB-125,9789054265115,nl,bookbrainz,series_position,MISSING,no
MB-125,9789054265115,nl,bookbrainz,subjects,MISSING,no
MB-126,9789059209077,nl,open_library,isbn_exact,MISSING,no
MB-126,9789059209077,nl,open_library,title,MISSING,no
MB-126,9789059209077,nl,open_library,subtitle,MISSING,no
MB-126,9789059209077,nl,open_library,authors,MISSING,no
MB-126,9789059209077,nl,open_library,language,MISSING,no
MB-126,9789059209077,nl,open_library,publisher,MISSING,no
MB-126,9789059209077,nl,open_library,publication_date,MISSING,no
MB-126,9789059209077,nl,open_library,page_count,MISSING,no
MB-126,9789059209077,nl,open_library,cover,MISSING,no
MB-126,9789059209077,nl,open_library,work_link,MISSING,no
MB-126,9789059209077,nl,open_library,series,MISSING,yes
MB-126,9789059209077,nl,open_library,series_position,MISSING,no
MB-126,9789059209077,nl,open_library,subjects,MISSING,no
MB-126,9789059209077,nl,google_books,isbn_exact,CORRECT,no
MB-126,9789059209077,nl,google_books,title,CORRECT,no
MB-126,9789059209077,nl,google_books,subtitle,UNVERIFIABLE,no
MB-126,9789059209077,nl,google_books,authors,CORRECT,no
MB-126,9789059209077,nl,google_books,language,CORRECT,no
MB-126,9789059209077,nl,google_books,publisher,MISSING,no
MB-126,9789059209077,nl,google_books,publication_date,CORRECT,no
MB-126,9789059209077,nl,google_books,page_count,CORRECT,no
MB-126,9789059209077,nl,google_books,cover,CORRECT,no
MB-126,9789059209077,nl,google_books,work_link,MISSING,no
MB-126,9789059209077,nl,google_books,series,MISSING,yes
MB-126,9789059209077,nl,google_books,series_position,MISSING,no
MB-126,9789059209077,nl,google_books,subjects,MISSING,no
MB-126,9789059209077,nl,wikidata,isbn_exact,MISSING,no
MB-126,9789059209077,nl,wikidata,title,MISSING,no
MB-126,9789059209077,nl,wikidata,subtitle,MISSING,no
MB-126,9789059209077,nl,wikidata,authors,MISSING,no
MB-126,9789059209077,nl,wikidata,language,MISSING,no
MB-126,9789059209077,nl,wikidata,publisher,MISSING,no
MB-126,9789059209077,nl,wikidata,publication_date,MISSING,no
MB-126,9789059209077,nl,wikidata,page_count,MISSING,no
MB-126,9789059209077,nl,wikidata,cover,MISSING,no
MB-126,9789059209077,nl,wikidata,work_link,MISSING,no
MB-126,9789059209077,nl,wikidata,series,MISSING,yes
MB-126,9789059209077,nl,wikidata,series_position,MISSING,no
MB-126,9789059209077,nl,wikidata,subjects,MISSING,no
MB-126,9789059209077,nl,bookbrainz,isbn_exact,MISSING,no
MB-126,9789059209077,nl,bookbrainz,title,MISSING,no
MB-126,9789059209077,nl,bookbrainz,subtitle,MISSING,no
MB-126,9789059209077,nl,bookbrainz,authors,MISSING,no
MB-126,9789059209077,nl,bookbrainz,language,MISSING,no
MB-126,9789059209077,nl,bookbrainz,publisher,MISSING,no
MB-126,9789059209077,nl,bookbrainz,publication_date,MISSING,no
MB-126,9789059209077,nl,bookbrainz,page_count,MISSING,no
MB-126,9789059209077,nl,bookbrainz,cover,MISSING,no
MB-126,9789059209077,nl,bookbrainz,work_link,MISSING,no
MB-126,9789059209077,nl,bookbrainz,series,MISSING,yes
MB-126,9789059209077,nl,bookbrainz,series_position,MISSING,no
MB-126,9789059209077,nl,bookbrainz,subjects,MISSING,no
MB-127,9789059646216,nl,open_library,isbn_exact,MISSING,no
MB-127,9789059646216,nl,open_library,title,MISSING,no
MB-127,9789059646216,nl,open_library,subtitle,MISSING,no
MB-127,9789059646216,nl,open_library,authors,MISSING,no
MB-127,9789059646216,nl,open_library,language,MISSING,no
MB-127,9789059646216,nl,open_library,publisher,MISSING,no
MB-127,9789059646216,nl,open_library,publication_date,MISSING,no
MB-127,9789059646216,nl,open_library,page_count,MISSING,no
MB-127,9789059646216,nl,open_library,cover,MISSING,no
MB-127,9789059646216,nl,open_library,work_link,MISSING,no
MB-127,9789059646216,nl,open_library,series,MISSING,no
MB-127,9789059646216,nl,open_library,series_position,MISSING,no
MB-127,9789059646216,nl,open_library,subjects,MISSING,no
MB-127,9789059646216,nl,google_books,isbn_exact,CORRECT,no
MB-127,9789059646216,nl,google_books,title,CORRECT,no
MB-127,9789059646216,nl,google_books,subtitle,UNVERIFIABLE,no
MB-127,9789059646216,nl,google_books,authors,CORRECT,no
MB-127,9789059646216,nl,google_books,language,CORRECT,no
MB-127,9789059646216,nl,google_books,publisher,MISSING,no
MB-127,9789059646216,nl,google_books,publication_date,CORRECT,no
MB-127,9789059646216,nl,google_books,page_count,CORRECT,no
MB-127,9789059646216,nl,google_books,cover,CORRECT,no
MB-127,9789059646216,nl,google_books,work_link,MISSING,no
MB-127,9789059646216,nl,google_books,series,MISSING,no
MB-127,9789059646216,nl,google_books,series_position,MISSING,no
MB-127,9789059646216,nl,google_books,subjects,MISSING,no
MB-127,9789059646216,nl,wikidata,isbn_exact,MISSING,no
MB-127,9789059646216,nl,wikidata,title,MISSING,no
MB-127,9789059646216,nl,wikidata,subtitle,MISSING,no
MB-127,9789059646216,nl,wikidata,authors,MISSING,no
MB-127,9789059646216,nl,wikidata,language,MISSING,no
MB-127,9789059646216,nl,wikidata,publisher,MISSING,no
MB-127,9789059646216,nl,wikidata,publication_date,MISSING,no
MB-127,9789059646216,nl,wikidata,page_count,MISSING,no
MB-127,9789059646216,nl,wikidata,cover,MISSING,no
MB-127,9789059646216,nl,wikidata,work_link,MISSING,no
MB-127,9789059646216,nl,wikidata,series,MISSING,no
MB-127,9789059646216,nl,wikidata,series_position,MISSING,no
MB-127,9789059646216,nl,wikidata,subjects,MISSING,no
MB-127,9789059646216,nl,bookbrainz,isbn_exact,MISSING,no
MB-127,9789059646216,nl,bookbrainz,title,MISSING,no
MB-127,9789059646216,nl,bookbrainz,subtitle,MISSING,no
MB-127,9789059646216,nl,bookbrainz,authors,MISSING,no
MB-127,9789059646216,nl,bookbrainz,language,MISSING,no
MB-127,9789059646216,nl,bookbrainz,publisher,MISSING,no
MB-127,9789059646216,nl,bookbrainz,publication_date,MISSING,no
MB-127,9789059646216,nl,bookbrainz,page_count,MISSING,no
MB-127,9789059646216,nl,bookbrainz,cover,MISSING,no
MB-127,9789059646216,nl,bookbrainz,work_link,MISSING,no
MB-127,9789059646216,nl,bookbrainz,series,MISSING,no
MB-127,9789059646216,nl,bookbrainz,series_position,MISSING,no
MB-127,9789059646216,nl,bookbrainz,subjects,MISSING,no
MB-128,9789066116665,nl,open_library,isbn_exact,MISSING,no
MB-128,9789066116665,nl,open_library,title,MISSING,no
MB-128,9789066116665,nl,open_library,subtitle,MISSING,no
MB-128,9789066116665,nl,open_library,authors,MISSING,no
MB-128,9789066116665,nl,open_library,language,MISSING,no
MB-128,9789066116665,nl,open_library,publisher,MISSING,no
MB-128,9789066116665,nl,open_library,publication_date,MISSING,no
MB-128,9789066116665,nl,open_library,page_count,MISSING,no
MB-128,9789066116665,nl,open_library,cover,MISSING,no
MB-128,9789066116665,nl,open_library,work_link,MISSING,no
MB-128,9789066116665,nl,open_library,series,MISSING,yes
MB-128,9789066116665,nl,open_library,series_position,MISSING,no
MB-128,9789066116665,nl,open_library,subjects,MISSING,no
MB-128,9789066116665,nl,google_books,isbn_exact,CORRECT,no
MB-128,9789066116665,nl,google_books,title,CORRECT,no
MB-128,9789066116665,nl,google_books,subtitle,UNVERIFIABLE,no
MB-128,9789066116665,nl,google_books,authors,CORRECT,no
MB-128,9789066116665,nl,google_books,language,CORRECT,no
MB-128,9789066116665,nl,google_books,publisher,MISSING,no
MB-128,9789066116665,nl,google_books,publication_date,CORRECT,no
MB-128,9789066116665,nl,google_books,page_count,MISSING,no
MB-128,9789066116665,nl,google_books,cover,CORRECT,no
MB-128,9789066116665,nl,google_books,work_link,MISSING,no
MB-128,9789066116665,nl,google_books,series,MISSING,yes
MB-128,9789066116665,nl,google_books,series_position,MISSING,no
MB-128,9789066116665,nl,google_books,subjects,MISSING,no
MB-128,9789066116665,nl,wikidata,isbn_exact,MISSING,no
MB-128,9789066116665,nl,wikidata,title,MISSING,no
MB-128,9789066116665,nl,wikidata,subtitle,MISSING,no
MB-128,9789066116665,nl,wikidata,authors,MISSING,no
MB-128,9789066116665,nl,wikidata,language,MISSING,no
MB-128,9789066116665,nl,wikidata,publisher,MISSING,no
MB-128,9789066116665,nl,wikidata,publication_date,MISSING,no
MB-128,9789066116665,nl,wikidata,page_count,MISSING,no
MB-128,9789066116665,nl,wikidata,cover,MISSING,no
MB-128,9789066116665,nl,wikidata,work_link,MISSING,no
MB-128,9789066116665,nl,wikidata,series,MISSING,yes
MB-128,9789066116665,nl,wikidata,series_position,MISSING,no
MB-128,9789066116665,nl,wikidata,subjects,MISSING,no
MB-128,9789066116665,nl,bookbrainz,isbn_exact,MISSING,no
MB-128,9789066116665,nl,bookbrainz,title,MISSING,no
MB-128,9789066116665,nl,bookbrainz,subtitle,MISSING,no
MB-128,9789066116665,nl,bookbrainz,authors,MISSING,no
MB-128,9789066116665,nl,bookbrainz,language,MISSING,no
MB-128,9789066116665,nl,bookbrainz,publisher,MISSING,no
MB-128,9789066116665,nl,bookbrainz,publication_date,MISSING,no
MB-128,9789066116665,nl,bookbrainz,page_count,MISSING,no
MB-128,9789066116665,nl,bookbrainz,cover,MISSING,no
MB-128,9789066116665,nl,bookbrainz,work_link,MISSING,no
MB-128,9789066116665,nl,bookbrainz,series,MISSING,yes
MB-128,9789066116665,nl,bookbrainz,series_position,MISSING,no
MB-128,9789066116665,nl,bookbrainz,subjects,MISSING,no
MB-129,9789077695012,nl,open_library,isbn_exact,MISSING,no
MB-129,9789077695012,nl,open_library,title,MISSING,no
MB-129,9789077695012,nl,open_library,subtitle,MISSING,no
MB-129,9789077695012,nl,open_library,authors,MISSING,no
MB-129,9789077695012,nl,open_library,language,MISSING,no
MB-129,9789077695012,nl,open_library,publisher,MISSING,no
MB-129,9789077695012,nl,open_library,publication_date,MISSING,no
MB-129,9789077695012,nl,open_library,page_count,MISSING,no
MB-129,9789077695012,nl,open_library,cover,MISSING,no
MB-129,9789077695012,nl,open_library,work_link,MISSING,no
MB-129,9789077695012,nl,open_library,series,MISSING,no
MB-129,9789077695012,nl,open_library,series_position,MISSING,no
MB-129,9789077695012,nl,open_library,subjects,MISSING,no
MB-129,9789077695012,nl,google_books,isbn_exact,CORRECT,no
MB-129,9789077695012,nl,google_books,title,CORRECT,no
MB-129,9789077695012,nl,google_books,subtitle,MISSING,no
MB-129,9789077695012,nl,google_books,authors,CORRECT,no
MB-129,9789077695012,nl,google_books,language,CORRECT,no
MB-129,9789077695012,nl,google_books,publisher,MISSING,no
MB-129,9789077695012,nl,google_books,publication_date,CORRECT,no
MB-129,9789077695012,nl,google_books,page_count,CORRECT,no
MB-129,9789077695012,nl,google_books,cover,MISSING,no
MB-129,9789077695012,nl,google_books,work_link,MISSING,no
MB-129,9789077695012,nl,google_books,series,MISSING,no
MB-129,9789077695012,nl,google_books,series_position,MISSING,no
MB-129,9789077695012,nl,google_books,subjects,MISSING,no
MB-129,9789077695012,nl,wikidata,isbn_exact,MISSING,no
MB-129,9789077695012,nl,wikidata,title,MISSING,no
MB-129,9789077695012,nl,wikidata,subtitle,MISSING,no
MB-129,9789077695012,nl,wikidata,authors,MISSING,no
MB-129,9789077695012,nl,wikidata,language,MISSING,no
MB-129,9789077695012,nl,wikidata,publisher,MISSING,no
MB-129,9789077695012,nl,wikidata,publication_date,MISSING,no
MB-129,9789077695012,nl,wikidata,page_count,MISSING,no
MB-129,9789077695012,nl,wikidata,cover,MISSING,no
MB-129,9789077695012,nl,wikidata,work_link,MISSING,no
MB-129,9789077695012,nl,wikidata,series,MISSING,no
MB-129,9789077695012,nl,wikidata,series_position,MISSING,no
MB-129,9789077695012,nl,wikidata,subjects,MISSING,no
MB-129,9789077695012,nl,bookbrainz,isbn_exact,MISSING,no
MB-129,9789077695012,nl,bookbrainz,title,MISSING,no
MB-129,9789077695012,nl,bookbrainz,subtitle,MISSING,no
MB-129,9789077695012,nl,bookbrainz,authors,MISSING,no
MB-129,9789077695012,nl,bookbrainz,language,MISSING,no
MB-129,9789077695012,nl,bookbrainz,publisher,MISSING,no
MB-129,9789077695012,nl,bookbrainz,publication_date,MISSING,no
MB-129,9789077695012,nl,bookbrainz,page_count,MISSING,no
MB-129,9789077695012,nl,bookbrainz,cover,MISSING,no
MB-129,9789077695012,nl,bookbrainz,work_link,MISSING,no
MB-129,9789077695012,nl,bookbrainz,series,MISSING,no
MB-129,9789077695012,nl,bookbrainz,series_position,MISSING,no
MB-129,9789077695012,nl,bookbrainz,subjects,MISSING,no
MB-130,9789082442106,nl,open_library,isbn_exact,MISSING,no
MB-130,9789082442106,nl,open_library,title,MISSING,no
MB-130,9789082442106,nl,open_library,subtitle,MISSING,no
MB-130,9789082442106,nl,open_library,authors,MISSING,no
MB-130,9789082442106,nl,open_library,language,MISSING,no
MB-130,9789082442106,nl,open_library,publisher,MISSING,no
MB-130,9789082442106,nl,open_library,publication_date,MISSING,no
MB-130,9789082442106,nl,open_library,page_count,MISSING,no
MB-130,9789082442106,nl,open_library,cover,MISSING,no
MB-130,9789082442106,nl,open_library,work_link,MISSING,no
MB-130,9789082442106,nl,open_library,series,MISSING,no
MB-130,9789082442106,nl,open_library,series_position,MISSING,no
MB-130,9789082442106,nl,open_library,subjects,MISSING,no
MB-130,9789082442106,nl,google_books,isbn_exact,CORRECT,no
MB-130,9789082442106,nl,google_books,title,CORRECT,no
MB-130,9789082442106,nl,google_books,subtitle,MISSING,no
MB-130,9789082442106,nl,google_books,authors,CORRECT,no
MB-130,9789082442106,nl,google_books,language,CORRECT,no
MB-130,9789082442106,nl,google_books,publisher,MISSING,no
MB-130,9789082442106,nl,google_books,publication_date,CORRECT,no
MB-130,9789082442106,nl,google_books,page_count,CORRECT,no
MB-130,9789082442106,nl,google_books,cover,MISSING,no
MB-130,9789082442106,nl,google_books,work_link,MISSING,no
MB-130,9789082442106,nl,google_books,series,MISSING,no
MB-130,9789082442106,nl,google_books,series_position,MISSING,no
MB-130,9789082442106,nl,google_books,subjects,MISSING,no
MB-130,9789082442106,nl,wikidata,isbn_exact,MISSING,no
MB-130,9789082442106,nl,wikidata,title,MISSING,no
MB-130,9789082442106,nl,wikidata,subtitle,MISSING,no
MB-130,9789082442106,nl,wikidata,authors,MISSING,no
MB-130,9789082442106,nl,wikidata,language,MISSING,no
MB-130,9789082442106,nl,wikidata,publisher,MISSING,no
MB-130,9789082442106,nl,wikidata,publication_date,MISSING,no
MB-130,9789082442106,nl,wikidata,page_count,MISSING,no
MB-130,9789082442106,nl,wikidata,cover,MISSING,no
MB-130,9789082442106,nl,wikidata,work_link,MISSING,no
MB-130,9789082442106,nl,wikidata,series,MISSING,no
MB-130,9789082442106,nl,wikidata,series_position,MISSING,no
MB-130,9789082442106,nl,wikidata,subjects,MISSING,no
MB-130,9789082442106,nl,bookbrainz,isbn_exact,MISSING,no
MB-130,9789082442106,nl,bookbrainz,title,MISSING,no
MB-130,9789082442106,nl,bookbrainz,subtitle,MISSING,no
MB-130,9789082442106,nl,bookbrainz,authors,MISSING,no
MB-130,9789082442106,nl,bookbrainz,language,MISSING,no
MB-130,9789082442106,nl,bookbrainz,publisher,MISSING,no
MB-130,9789082442106,nl,bookbrainz,publication_date,MISSING,no
MB-130,9789082442106,nl,bookbrainz,page_count,MISSING,no
MB-130,9789082442106,nl,bookbrainz,cover,MISSING,no
MB-130,9789082442106,nl,bookbrainz,work_link,MISSING,no
MB-130,9789082442106,nl,bookbrainz,series,MISSING,no
MB-130,9789082442106,nl,bookbrainz,series_position,MISSING,no
MB-130,9789082442106,nl,bookbrainz,subjects,MISSING,no
MB-131,9789087530563,nl,open_library,isbn_exact,MISSING,no
MB-131,9789087530563,nl,open_library,title,MISSING,no
MB-131,9789087530563,nl,open_library,subtitle,MISSING,no
MB-131,9789087530563,nl,open_library,authors,MISSING,no
MB-131,9789087530563,nl,open_library,language,MISSING,no
MB-131,9789087530563,nl,open_library,publisher,MISSING,no
MB-131,9789087530563,nl,open_library,publication_date,MISSING,no
MB-131,9789087530563,nl,open_library,page_count,MISSING,no
MB-131,9789087530563,nl,open_library,cover,MISSING,no
MB-131,9789087530563,nl,open_library,work_link,MISSING,no
MB-131,9789087530563,nl,open_library,series,MISSING,no
MB-131,9789087530563,nl,open_library,series_position,MISSING,no
MB-131,9789087530563,nl,open_library,subjects,MISSING,no
MB-131,9789087530563,nl,google_books,isbn_exact,CORRECT,no
MB-131,9789087530563,nl,google_books,title,CORRECT,no
MB-131,9789087530563,nl,google_books,subtitle,MISSING,no
MB-131,9789087530563,nl,google_books,authors,CORRECT,no
MB-131,9789087530563,nl,google_books,language,CORRECT,no
MB-131,9789087530563,nl,google_books,publisher,CORRECT,no
MB-131,9789087530563,nl,google_books,publication_date,CORRECT,no
MB-131,9789087530563,nl,google_books,page_count,MISSING,no
MB-131,9789087530563,nl,google_books,cover,MISSING,no
MB-131,9789087530563,nl,google_books,work_link,MISSING,no
MB-131,9789087530563,nl,google_books,series,MISSING,no
MB-131,9789087530563,nl,google_books,series_position,MISSING,no
MB-131,9789087530563,nl,google_books,subjects,CORRECT,no
MB-131,9789087530563,nl,wikidata,isbn_exact,MISSING,no
MB-131,9789087530563,nl,wikidata,title,MISSING,no
MB-131,9789087530563,nl,wikidata,subtitle,MISSING,no
MB-131,9789087530563,nl,wikidata,authors,MISSING,no
MB-131,9789087530563,nl,wikidata,language,MISSING,no
MB-131,9789087530563,nl,wikidata,publisher,MISSING,no
MB-131,9789087530563,nl,wikidata,publication_date,MISSING,no
MB-131,9789087530563,nl,wikidata,page_count,MISSING,no
MB-131,9789087530563,nl,wikidata,cover,MISSING,no
MB-131,9789087530563,nl,wikidata,work_link,MISSING,no
MB-131,9789087530563,nl,wikidata,series,MISSING,no
MB-131,9789087530563,nl,wikidata,series_position,MISSING,no
MB-131,9789087530563,nl,wikidata,subjects,MISSING,no
MB-131,9789087530563,nl,bookbrainz,isbn_exact,MISSING,no
MB-131,9789087530563,nl,bookbrainz,title,MISSING,no
MB-131,9789087530563,nl,bookbrainz,subtitle,MISSING,no
MB-131,9789087530563,nl,bookbrainz,authors,MISSING,no
MB-131,9789087530563,nl,bookbrainz,language,MISSING,no
MB-131,9789087530563,nl,bookbrainz,publisher,MISSING,no
MB-131,9789087530563,nl,bookbrainz,publication_date,MISSING,no
MB-131,9789087530563,nl,bookbrainz,page_count,MISSING,no
MB-131,9789087530563,nl,bookbrainz,cover,MISSING,no
MB-131,9789087530563,nl,bookbrainz,work_link,MISSING,no
MB-131,9789087530563,nl,bookbrainz,series,MISSING,no
MB-131,9789087530563,nl,bookbrainz,series_position,MISSING,no
MB-131,9789087530563,nl,bookbrainz,subjects,MISSING,no
MB-132,9789089896230,nl,open_library,isbn_exact,MISSING,no
MB-132,9789089896230,nl,open_library,title,MISSING,no
MB-132,9789089896230,nl,open_library,subtitle,MISSING,no
MB-132,9789089896230,nl,open_library,authors,MISSING,no
MB-132,9789089896230,nl,open_library,language,MISSING,no
MB-132,9789089896230,nl,open_library,publisher,MISSING,no
MB-132,9789089896230,nl,open_library,publication_date,MISSING,no
MB-132,9789089896230,nl,open_library,page_count,MISSING,no
MB-132,9789089896230,nl,open_library,cover,MISSING,no
MB-132,9789089896230,nl,open_library,work_link,MISSING,no
MB-132,9789089896230,nl,open_library,series,MISSING,no
MB-132,9789089896230,nl,open_library,series_position,MISSING,no
MB-132,9789089896230,nl,open_library,subjects,MISSING,no
MB-132,9789089896230,nl,google_books,isbn_exact,CORRECT,no
MB-132,9789089896230,nl,google_books,title,CORRECT,no
MB-132,9789089896230,nl,google_books,subtitle,UNVERIFIABLE,no
MB-132,9789089896230,nl,google_books,authors,CORRECT,no
MB-132,9789089896230,nl,google_books,language,CORRECT,no
MB-132,9789089896230,nl,google_books,publisher,MISSING,no
MB-132,9789089896230,nl,google_books,publication_date,CORRECT,no
MB-132,9789089896230,nl,google_books,page_count,CORRECT,no
MB-132,9789089896230,nl,google_books,cover,MISSING,no
MB-132,9789089896230,nl,google_books,work_link,MISSING,no
MB-132,9789089896230,nl,google_books,series,MISSING,no
MB-132,9789089896230,nl,google_books,series_position,MISSING,no
MB-132,9789089896230,nl,google_books,subjects,MISSING,no
MB-132,9789089896230,nl,wikidata,isbn_exact,MISSING,no
MB-132,9789089896230,nl,wikidata,title,MISSING,no
MB-132,9789089896230,nl,wikidata,subtitle,MISSING,no
MB-132,9789089896230,nl,wikidata,authors,MISSING,no
MB-132,9789089896230,nl,wikidata,language,MISSING,no
MB-132,9789089896230,nl,wikidata,publisher,MISSING,no
MB-132,9789089896230,nl,wikidata,publication_date,MISSING,no
MB-132,9789089896230,nl,wikidata,page_count,MISSING,no
MB-132,9789089896230,nl,wikidata,cover,MISSING,no
MB-132,9789089896230,nl,wikidata,work_link,MISSING,no
MB-132,9789089896230,nl,wikidata,series,MISSING,no
MB-132,9789089896230,nl,wikidata,series_position,MISSING,no
MB-132,9789089896230,nl,wikidata,subjects,MISSING,no
MB-132,9789089896230,nl,bookbrainz,isbn_exact,MISSING,no
MB-132,9789089896230,nl,bookbrainz,title,MISSING,no
MB-132,9789089896230,nl,bookbrainz,subtitle,MISSING,no
MB-132,9789089896230,nl,bookbrainz,authors,MISSING,no
MB-132,9789089896230,nl,bookbrainz,language,MISSING,no
MB-132,9789089896230,nl,bookbrainz,publisher,MISSING,no
MB-132,9789089896230,nl,bookbrainz,publication_date,MISSING,no
MB-132,9789089896230,nl,bookbrainz,page_count,MISSING,no
MB-132,9789089896230,nl,bookbrainz,cover,MISSING,no
MB-132,9789089896230,nl,bookbrainz,work_link,MISSING,no
MB-132,9789089896230,nl,bookbrainz,series,MISSING,no
MB-132,9789089896230,nl,bookbrainz,series_position,MISSING,no
MB-132,9789089896230,nl,bookbrainz,subjects,MISSING,no
MB-133,9789401625708,nl,open_library,isbn_exact,MISSING,no
MB-133,9789401625708,nl,open_library,title,MISSING,no
MB-133,9789401625708,nl,open_library,subtitle,MISSING,no
MB-133,9789401625708,nl,open_library,authors,MISSING,no
MB-133,9789401625708,nl,open_library,language,MISSING,no
MB-133,9789401625708,nl,open_library,publisher,MISSING,no
MB-133,9789401625708,nl,open_library,publication_date,MISSING,no
MB-133,9789401625708,nl,open_library,page_count,MISSING,no
MB-133,9789401625708,nl,open_library,cover,MISSING,no
MB-133,9789401625708,nl,open_library,work_link,MISSING,no
MB-133,9789401625708,nl,open_library,series,MISSING,no
MB-133,9789401625708,nl,open_library,series_position,MISSING,no
MB-133,9789401625708,nl,open_library,subjects,MISSING,no
MB-133,9789401625708,nl,google_books,isbn_exact,CORRECT,no
MB-133,9789401625708,nl,google_books,title,CORRECT,no
MB-133,9789401625708,nl,google_books,subtitle,MISSING,no
MB-133,9789401625708,nl,google_books,authors,CORRECT,no
MB-133,9789401625708,nl,google_books,language,CORRECT,no
MB-133,9789401625708,nl,google_books,publisher,CORRECT,no
MB-133,9789401625708,nl,google_books,publication_date,CORRECT,no
MB-133,9789401625708,nl,google_books,page_count,CORRECT,no
MB-133,9789401625708,nl,google_books,cover,CORRECT,no
MB-133,9789401625708,nl,google_books,work_link,MISSING,no
MB-133,9789401625708,nl,google_books,series,MISSING,no
MB-133,9789401625708,nl,google_books,series_position,MISSING,no
MB-133,9789401625708,nl,google_books,subjects,CORRECT,no
MB-133,9789401625708,nl,wikidata,isbn_exact,MISSING,no
MB-133,9789401625708,nl,wikidata,title,MISSING,no
MB-133,9789401625708,nl,wikidata,subtitle,MISSING,no
MB-133,9789401625708,nl,wikidata,authors,MISSING,no
MB-133,9789401625708,nl,wikidata,language,MISSING,no
MB-133,9789401625708,nl,wikidata,publisher,MISSING,no
MB-133,9789401625708,nl,wikidata,publication_date,MISSING,no
MB-133,9789401625708,nl,wikidata,page_count,MISSING,no
MB-133,9789401625708,nl,wikidata,cover,MISSING,no
MB-133,9789401625708,nl,wikidata,work_link,MISSING,no
MB-133,9789401625708,nl,wikidata,series,MISSING,no
MB-133,9789401625708,nl,wikidata,series_position,MISSING,no
MB-133,9789401625708,nl,wikidata,subjects,MISSING,no
MB-133,9789401625708,nl,bookbrainz,isbn_exact,MISSING,no
MB-133,9789401625708,nl,bookbrainz,title,MISSING,no
MB-133,9789401625708,nl,bookbrainz,subtitle,MISSING,no
MB-133,9789401625708,nl,bookbrainz,authors,MISSING,no
MB-133,9789401625708,nl,bookbrainz,language,MISSING,no
MB-133,9789401625708,nl,bookbrainz,publisher,MISSING,no
MB-133,9789401625708,nl,bookbrainz,publication_date,MISSING,no
MB-133,9789401625708,nl,bookbrainz,page_count,MISSING,no
MB-133,9789401625708,nl,bookbrainz,cover,MISSING,no
MB-133,9789401625708,nl,bookbrainz,work_link,MISSING,no
MB-133,9789401625708,nl,bookbrainz,series,MISSING,no
MB-133,9789401625708,nl,bookbrainz,series_position,MISSING,no
MB-133,9789401625708,nl,bookbrainz,subjects,MISSING,no
MB-134,9789401809917,nl,open_library,isbn_exact,MISSING,no
MB-134,9789401809917,nl,open_library,title,MISSING,no
MB-134,9789401809917,nl,open_library,subtitle,MISSING,no
MB-134,9789401809917,nl,open_library,authors,MISSING,no
MB-134,9789401809917,nl,open_library,language,MISSING,no
MB-134,9789401809917,nl,open_library,publisher,MISSING,no
MB-134,9789401809917,nl,open_library,publication_date,MISSING,no
MB-134,9789401809917,nl,open_library,page_count,MISSING,no
MB-134,9789401809917,nl,open_library,cover,MISSING,no
MB-134,9789401809917,nl,open_library,work_link,MISSING,no
MB-134,9789401809917,nl,open_library,series,MISSING,no
MB-134,9789401809917,nl,open_library,series_position,MISSING,no
MB-134,9789401809917,nl,open_library,subjects,MISSING,no
MB-134,9789401809917,nl,google_books,isbn_exact,CORRECT,no
MB-134,9789401809917,nl,google_books,title,CORRECT,no
MB-134,9789401809917,nl,google_books,subtitle,UNVERIFIABLE,no
MB-134,9789401809917,nl,google_books,authors,CORRECT,no
MB-134,9789401809917,nl,google_books,language,CORRECT,no
MB-134,9789401809917,nl,google_books,publisher,MISSING,no
MB-134,9789401809917,nl,google_books,publication_date,CORRECT,no
MB-134,9789401809917,nl,google_books,page_count,MISSING,no
MB-134,9789401809917,nl,google_books,cover,MISSING,no
MB-134,9789401809917,nl,google_books,work_link,MISSING,no
MB-134,9789401809917,nl,google_books,series,MISSING,no
MB-134,9789401809917,nl,google_books,series_position,MISSING,no
MB-134,9789401809917,nl,google_books,subjects,MISSING,no
MB-134,9789401809917,nl,wikidata,isbn_exact,MISSING,no
MB-134,9789401809917,nl,wikidata,title,MISSING,no
MB-134,9789401809917,nl,wikidata,subtitle,MISSING,no
MB-134,9789401809917,nl,wikidata,authors,MISSING,no
MB-134,9789401809917,nl,wikidata,language,MISSING,no
MB-134,9789401809917,nl,wikidata,publisher,MISSING,no
MB-134,9789401809917,nl,wikidata,publication_date,MISSING,no
MB-134,9789401809917,nl,wikidata,page_count,MISSING,no
MB-134,9789401809917,nl,wikidata,cover,MISSING,no
MB-134,9789401809917,nl,wikidata,work_link,MISSING,no
MB-134,9789401809917,nl,wikidata,series,MISSING,no
MB-134,9789401809917,nl,wikidata,series_position,MISSING,no
MB-134,9789401809917,nl,wikidata,subjects,MISSING,no
MB-134,9789401809917,nl,bookbrainz,isbn_exact,MISSING,no
MB-134,9789401809917,nl,bookbrainz,title,MISSING,no
MB-134,9789401809917,nl,bookbrainz,subtitle,MISSING,no
MB-134,9789401809917,nl,bookbrainz,authors,MISSING,no
MB-134,9789401809917,nl,bookbrainz,language,MISSING,no
MB-134,9789401809917,nl,bookbrainz,publisher,MISSING,no
MB-134,9789401809917,nl,bookbrainz,publication_date,MISSING,no
MB-134,9789401809917,nl,bookbrainz,page_count,MISSING,no
MB-134,9789401809917,nl,bookbrainz,cover,MISSING,no
MB-134,9789401809917,nl,bookbrainz,work_link,MISSING,no
MB-134,9789401809917,nl,bookbrainz,series,MISSING,no
MB-134,9789401809917,nl,bookbrainz,series_position,MISSING,no
MB-134,9789401809917,nl,bookbrainz,subjects,MISSING,no
MB-135,9789463543804,nl,open_library,isbn_exact,MISSING,no
MB-135,9789463543804,nl,open_library,title,MISSING,no
MB-135,9789463543804,nl,open_library,subtitle,MISSING,no
MB-135,9789463543804,nl,open_library,authors,MISSING,no
MB-135,9789463543804,nl,open_library,language,MISSING,no
MB-135,9789463543804,nl,open_library,publisher,MISSING,no
MB-135,9789463543804,nl,open_library,publication_date,MISSING,no
MB-135,9789463543804,nl,open_library,page_count,MISSING,no
MB-135,9789463543804,nl,open_library,cover,MISSING,no
MB-135,9789463543804,nl,open_library,work_link,MISSING,no
MB-135,9789463543804,nl,open_library,series,MISSING,no
MB-135,9789463543804,nl,open_library,series_position,MISSING,no
MB-135,9789463543804,nl,open_library,subjects,MISSING,no
MB-135,9789463543804,nl,google_books,isbn_exact,CORRECT,no
MB-135,9789463543804,nl,google_books,title,CORRECT,no
MB-135,9789463543804,nl,google_books,subtitle,UNVERIFIABLE,no
MB-135,9789463543804,nl,google_books,authors,CORRECT,no
MB-135,9789463543804,nl,google_books,language,CORRECT,no
MB-135,9789463543804,nl,google_books,publisher,MISSING,no
MB-135,9789463543804,nl,google_books,publication_date,CORRECT,no
MB-135,9789463543804,nl,google_books,page_count,MISSING,no
MB-135,9789463543804,nl,google_books,cover,MISSING,no
MB-135,9789463543804,nl,google_books,work_link,MISSING,no
MB-135,9789463543804,nl,google_books,series,MISSING,no
MB-135,9789463543804,nl,google_books,series_position,MISSING,no
MB-135,9789463543804,nl,google_books,subjects,MISSING,no
MB-135,9789463543804,nl,wikidata,isbn_exact,MISSING,no
MB-135,9789463543804,nl,wikidata,title,MISSING,no
MB-135,9789463543804,nl,wikidata,subtitle,MISSING,no
MB-135,9789463543804,nl,wikidata,authors,MISSING,no
MB-135,9789463543804,nl,wikidata,language,MISSING,no
MB-135,9789463543804,nl,wikidata,publisher,MISSING,no
MB-135,9789463543804,nl,wikidata,publication_date,MISSING,no
MB-135,9789463543804,nl,wikidata,page_count,MISSING,no
MB-135,9789463543804,nl,wikidata,cover,MISSING,no
MB-135,9789463543804,nl,wikidata,work_link,MISSING,no
MB-135,9789463543804,nl,wikidata,series,MISSING,no
MB-135,9789463543804,nl,wikidata,series_position,MISSING,no
MB-135,9789463543804,nl,wikidata,subjects,MISSING,no
MB-135,9789463543804,nl,bookbrainz,isbn_exact,MISSING,no
MB-135,9789463543804,nl,bookbrainz,title,MISSING,no
MB-135,9789463543804,nl,bookbrainz,subtitle,MISSING,no
MB-135,9789463543804,nl,bookbrainz,authors,MISSING,no
MB-135,9789463543804,nl,bookbrainz,language,MISSING,no
MB-135,9789463543804,nl,bookbrainz,publisher,MISSING,no
MB-135,9789463543804,nl,bookbrainz,publication_date,MISSING,no
MB-135,9789463543804,nl,bookbrainz,page_count,MISSING,no
MB-135,9789463543804,nl,bookbrainz,cover,MISSING,no
MB-135,9789463543804,nl,bookbrainz,work_link,MISSING,no
MB-135,9789463543804,nl,bookbrainz,series,MISSING,no
MB-135,9789463543804,nl,bookbrainz,series_position,MISSING,no
MB-135,9789463543804,nl,bookbrainz,subjects,MISSING,no
MB-136,9789490561116,nl,open_library,isbn_exact,MISSING,no
MB-136,9789490561116,nl,open_library,title,MISSING,no
MB-136,9789490561116,nl,open_library,subtitle,MISSING,no
MB-136,9789490561116,nl,open_library,authors,MISSING,no
MB-136,9789490561116,nl,open_library,language,MISSING,no
MB-136,9789490561116,nl,open_library,publisher,MISSING,no
MB-136,9789490561116,nl,open_library,publication_date,MISSING,no
MB-136,9789490561116,nl,open_library,page_count,MISSING,no
MB-136,9789490561116,nl,open_library,cover,MISSING,no
MB-136,9789490561116,nl,open_library,work_link,MISSING,no
MB-136,9789490561116,nl,open_library,series,MISSING,no
MB-136,9789490561116,nl,open_library,series_position,MISSING,no
MB-136,9789490561116,nl,open_library,subjects,MISSING,no
MB-136,9789490561116,nl,google_books,isbn_exact,CORRECT,no
MB-136,9789490561116,nl,google_books,title,CORRECT,no
MB-136,9789490561116,nl,google_books,subtitle,UNVERIFIABLE,no
MB-136,9789490561116,nl,google_books,authors,CORRECT,no
MB-136,9789490561116,nl,google_books,language,CORRECT,no
MB-136,9789490561116,nl,google_books,publisher,MISSING,no
MB-136,9789490561116,nl,google_books,publication_date,CORRECT,no
MB-136,9789490561116,nl,google_books,page_count,CORRECT,no
MB-136,9789490561116,nl,google_books,cover,MISSING,no
MB-136,9789490561116,nl,google_books,work_link,MISSING,no
MB-136,9789490561116,nl,google_books,series,MISSING,no
MB-136,9789490561116,nl,google_books,series_position,MISSING,no
MB-136,9789490561116,nl,google_books,subjects,MISSING,no
MB-136,9789490561116,nl,wikidata,isbn_exact,MISSING,no
MB-136,9789490561116,nl,wikidata,title,MISSING,no
MB-136,9789490561116,nl,wikidata,subtitle,MISSING,no
MB-136,9789490561116,nl,wikidata,authors,MISSING,no
MB-136,9789490561116,nl,wikidata,language,MISSING,no
MB-136,9789490561116,nl,wikidata,publisher,MISSING,no
MB-136,9789490561116,nl,wikidata,publication_date,MISSING,no
MB-136,9789490561116,nl,wikidata,page_count,MISSING,no
MB-136,9789490561116,nl,wikidata,cover,MISSING,no
MB-136,9789490561116,nl,wikidata,work_link,MISSING,no
MB-136,9789490561116,nl,wikidata,series,MISSING,no
MB-136,9789490561116,nl,wikidata,series_position,MISSING,no
MB-136,9789490561116,nl,wikidata,subjects,MISSING,no
MB-136,9789490561116,nl,bookbrainz,isbn_exact,MISSING,no
MB-136,9789490561116,nl,bookbrainz,title,MISSING,no
MB-136,9789490561116,nl,bookbrainz,subtitle,MISSING,no
MB-136,9789490561116,nl,bookbrainz,authors,MISSING,no
MB-136,9789490561116,nl,bookbrainz,language,MISSING,no
MB-136,9789490561116,nl,bookbrainz,publisher,MISSING,no
MB-136,9789490561116,nl,bookbrainz,publication_date,MISSING,no
MB-136,9789490561116,nl,bookbrainz,page_count,MISSING,no
MB-136,9789490561116,nl,bookbrainz,cover,MISSING,no
MB-136,9789490561116,nl,bookbrainz,work_link,MISSING,no
MB-136,9789490561116,nl,bookbrainz,series,MISSING,no
MB-136,9789490561116,nl,bookbrainz,series_position,MISSING,no
MB-136,9789490561116,nl,bookbrainz,subjects,MISSING,no
MB-137,9789493256002,nl,open_library,isbn_exact,MISSING,no
MB-137,9789493256002,nl,open_library,title,MISSING,no
MB-137,9789493256002,nl,open_library,subtitle,MISSING,no
MB-137,9789493256002,nl,open_library,authors,MISSING,no
MB-137,9789493256002,nl,open_library,language,MISSING,no
MB-137,9789493256002,nl,open_library,publisher,MISSING,no
MB-137,9789493256002,nl,open_library,publication_date,MISSING,no
MB-137,9789493256002,nl,open_library,page_count,MISSING,no
MB-137,9789493256002,nl,open_library,cover,MISSING,no
MB-137,9789493256002,nl,open_library,work_link,MISSING,no
MB-137,9789493256002,nl,open_library,series,MISSING,no
MB-137,9789493256002,nl,open_library,series_position,MISSING,no
MB-137,9789493256002,nl,open_library,subjects,MISSING,no
MB-137,9789493256002,nl,google_books,isbn_exact,CORRECT,no
MB-137,9789493256002,nl,google_books,title,CORRECT,no
MB-137,9789493256002,nl,google_books,subtitle,UNVERIFIABLE,no
MB-137,9789493256002,nl,google_books,authors,CORRECT,no
MB-137,9789493256002,nl,google_books,language,CORRECT,no
MB-137,9789493256002,nl,google_books,publisher,MISSING,no
MB-137,9789493256002,nl,google_books,publication_date,CORRECT,no
MB-137,9789493256002,nl,google_books,page_count,MISSING,no
MB-137,9789493256002,nl,google_books,cover,MISSING,no
MB-137,9789493256002,nl,google_books,work_link,MISSING,no
MB-137,9789493256002,nl,google_books,series,MISSING,no
MB-137,9789493256002,nl,google_books,series_position,MISSING,no
MB-137,9789493256002,nl,google_books,subjects,MISSING,no
MB-137,9789493256002,nl,wikidata,isbn_exact,MISSING,no
MB-137,9789493256002,nl,wikidata,title,MISSING,no
MB-137,9789493256002,nl,wikidata,subtitle,MISSING,no
MB-137,9789493256002,nl,wikidata,authors,MISSING,no
MB-137,9789493256002,nl,wikidata,language,MISSING,no
MB-137,9789493256002,nl,wikidata,publisher,MISSING,no
MB-137,9789493256002,nl,wikidata,publication_date,MISSING,no
MB-137,9789493256002,nl,wikidata,page_count,MISSING,no
MB-137,9789493256002,nl,wikidata,cover,MISSING,no
MB-137,9789493256002,nl,wikidata,work_link,MISSING,no
MB-137,9789493256002,nl,wikidata,series,MISSING,no
MB-137,9789493256002,nl,wikidata,series_position,MISSING,no
MB-137,9789493256002,nl,wikidata,subjects,MISSING,no
MB-137,9789493256002,nl,bookbrainz,isbn_exact,MISSING,no
MB-137,9789493256002,nl,bookbrainz,title,MISSING,no
MB-137,9789493256002,nl,bookbrainz,subtitle,MISSING,no
MB-137,9789493256002,nl,bookbrainz,authors,MISSING,no
MB-137,9789493256002,nl,bookbrainz,language,MISSING,no
MB-137,9789493256002,nl,bookbrainz,publisher,MISSING,no
MB-137,9789493256002,nl,bookbrainz,publication_date,MISSING,no
MB-137,9789493256002,nl,bookbrainz,page_count,MISSING,no
MB-137,9789493256002,nl,bookbrainz,cover,MISSING,no
MB-137,9789493256002,nl,bookbrainz,work_link,MISSING,no
MB-137,9789493256002,nl,bookbrainz,series,MISSING,no
MB-137,9789493256002,nl,bookbrainz,series_position,MISSING,no
MB-137,9789493256002,nl,bookbrainz,subjects,MISSING,no
MB-138,9783625123361,nl,open_library,isbn_exact,CORRECT,no
MB-138,9783625123361,nl,open_library,title,INCORRECT,no
MB-138,9783625123361,nl,open_library,subtitle,MISSING,no
MB-138,9783625123361,nl,open_library,authors,UNVERIFIABLE,no
MB-138,9783625123361,nl,open_library,language,MISSING,no
MB-138,9783625123361,nl,open_library,publisher,CORRECT,no
MB-138,9783625123361,nl,open_library,publication_date,CORRECT,no
MB-138,9783625123361,nl,open_library,page_count,MISSING,no
MB-138,9783625123361,nl,open_library,cover,MISSING,no
MB-138,9783625123361,nl,open_library,work_link,CORRECT,no
MB-138,9783625123361,nl,open_library,series,MISSING,no
MB-138,9783625123361,nl,open_library,series_position,MISSING,no
MB-138,9783625123361,nl,open_library,subjects,MISSING,no
MB-138,9783625123361,nl,google_books,isbn_exact,CORRECT,no
MB-138,9783625123361,nl,google_books,title,CORRECT,no
MB-138,9783625123361,nl,google_books,subtitle,MISSING,no
MB-138,9783625123361,nl,google_books,authors,MISSING,no
MB-138,9783625123361,nl,google_books,language,INCORRECT,no
MB-138,9783625123361,nl,google_books,publisher,MISSING,no
MB-138,9783625123361,nl,google_books,publication_date,INCORRECT,no
MB-138,9783625123361,nl,google_books,page_count,UNVERIFIABLE,no
MB-138,9783625123361,nl,google_books,cover,CORRECT,no
MB-138,9783625123361,nl,google_books,work_link,MISSING,no
MB-138,9783625123361,nl,google_books,series,MISSING,no
MB-138,9783625123361,nl,google_books,series_position,MISSING,no
MB-138,9783625123361,nl,google_books,subjects,MISSING,no
MB-138,9783625123361,nl,wikidata,isbn_exact,MISSING,no
MB-138,9783625123361,nl,wikidata,title,MISSING,no
MB-138,9783625123361,nl,wikidata,subtitle,MISSING,no
MB-138,9783625123361,nl,wikidata,authors,MISSING,no
MB-138,9783625123361,nl,wikidata,language,MISSING,no
MB-138,9783625123361,nl,wikidata,publisher,MISSING,no
MB-138,9783625123361,nl,wikidata,publication_date,MISSING,no
MB-138,9783625123361,nl,wikidata,page_count,MISSING,no
MB-138,9783625123361,nl,wikidata,cover,MISSING,no
MB-138,9783625123361,nl,wikidata,work_link,MISSING,no
MB-138,9783625123361,nl,wikidata,series,MISSING,no
MB-138,9783625123361,nl,wikidata,series_position,MISSING,no
MB-138,9783625123361,nl,wikidata,subjects,MISSING,no
MB-138,9783625123361,nl,bookbrainz,isbn_exact,MISSING,no
MB-138,9783625123361,nl,bookbrainz,title,MISSING,no
MB-138,9783625123361,nl,bookbrainz,subtitle,MISSING,no
MB-138,9783625123361,nl,bookbrainz,authors,MISSING,no
MB-138,9783625123361,nl,bookbrainz,language,MISSING,no
MB-138,9783625123361,nl,bookbrainz,publisher,MISSING,no
MB-138,9783625123361,nl,bookbrainz,publication_date,MISSING,no
MB-138,9783625123361,nl,bookbrainz,page_count,MISSING,no
MB-138,9783625123361,nl,bookbrainz,cover,MISSING,no
MB-138,9783625123361,nl,bookbrainz,work_link,MISSING,no
MB-138,9783625123361,nl,bookbrainz,series,MISSING,no
MB-138,9783625123361,nl,bookbrainz,series_position,MISSING,no
MB-138,9783625123361,nl,bookbrainz,subjects,MISSING,no
MB-139,9783625123392,nl,open_library,isbn_exact,MISSING,no
MB-139,9783625123392,nl,open_library,title,MISSING,no
MB-139,9783625123392,nl,open_library,subtitle,MISSING,no
MB-139,9783625123392,nl,open_library,authors,MISSING,no
MB-139,9783625123392,nl,open_library,language,MISSING,no
MB-139,9783625123392,nl,open_library,publisher,MISSING,no
MB-139,9783625123392,nl,open_library,publication_date,MISSING,no
MB-139,9783625123392,nl,open_library,page_count,MISSING,no
MB-139,9783625123392,nl,open_library,cover,MISSING,no
MB-139,9783625123392,nl,open_library,work_link,MISSING,no
MB-139,9783625123392,nl,open_library,series,MISSING,no
MB-139,9783625123392,nl,open_library,series_position,MISSING,no
MB-139,9783625123392,nl,open_library,subjects,MISSING,no
MB-139,9783625123392,nl,google_books,isbn_exact,CORRECT,no
MB-139,9783625123392,nl,google_books,title,INCORRECT,no
MB-139,9783625123392,nl,google_books,subtitle,MISSING,no
MB-139,9783625123392,nl,google_books,authors,MISSING,no
MB-139,9783625123392,nl,google_books,language,INCORRECT,no
MB-139,9783625123392,nl,google_books,publisher,MISSING,no
MB-139,9783625123392,nl,google_books,publication_date,CORRECT,no
MB-139,9783625123392,nl,google_books,page_count,CORRECT,no
MB-139,9783625123392,nl,google_books,cover,CORRECT,no
MB-139,9783625123392,nl,google_books,work_link,MISSING,no
MB-139,9783625123392,nl,google_books,series,MISSING,no
MB-139,9783625123392,nl,google_books,series_position,MISSING,no
MB-139,9783625123392,nl,google_books,subjects,MISSING,no
MB-139,9783625123392,nl,wikidata,isbn_exact,MISSING,no
MB-139,9783625123392,nl,wikidata,title,MISSING,no
MB-139,9783625123392,nl,wikidata,subtitle,MISSING,no
MB-139,9783625123392,nl,wikidata,authors,MISSING,no
MB-139,9783625123392,nl,wikidata,language,MISSING,no
MB-139,9783625123392,nl,wikidata,publisher,MISSING,no
MB-139,9783625123392,nl,wikidata,publication_date,MISSING,no
MB-139,9783625123392,nl,wikidata,page_count,MISSING,no
MB-139,9783625123392,nl,wikidata,cover,MISSING,no
MB-139,9783625123392,nl,wikidata,work_link,MISSING,no
MB-139,9783625123392,nl,wikidata,series,MISSING,no
MB-139,9783625123392,nl,wikidata,series_position,MISSING,no
MB-139,9783625123392,nl,wikidata,subjects,MISSING,no
MB-139,9783625123392,nl,bookbrainz,isbn_exact,MISSING,no
MB-139,9783625123392,nl,bookbrainz,title,MISSING,no
MB-139,9783625123392,nl,bookbrainz,subtitle,MISSING,no
MB-139,9783625123392,nl,bookbrainz,authors,MISSING,no
MB-139,9783625123392,nl,bookbrainz,language,MISSING,no
MB-139,9783625123392,nl,bookbrainz,publisher,MISSING,no
MB-139,9783625123392,nl,bookbrainz,publication_date,MISSING,no
MB-139,9783625123392,nl,bookbrainz,page_count,MISSING,no
MB-139,9783625123392,nl,bookbrainz,cover,MISSING,no
MB-139,9783625123392,nl,bookbrainz,work_link,MISSING,no
MB-139,9783625123392,nl,bookbrainz,series,MISSING,no
MB-139,9783625123392,nl,bookbrainz,series_position,MISSING,no
MB-139,9783625123392,nl,bookbrainz,subjects,MISSING,no
MB-140,9789021024882,nl,open_library,isbn_exact,MISSING,no
MB-140,9789021024882,nl,open_library,title,MISSING,no
MB-140,9789021024882,nl,open_library,subtitle,MISSING,no
MB-140,9789021024882,nl,open_library,authors,MISSING,no
MB-140,9789021024882,nl,open_library,language,MISSING,no
MB-140,9789021024882,nl,open_library,publisher,MISSING,no
MB-140,9789021024882,nl,open_library,publication_date,MISSING,no
MB-140,9789021024882,nl,open_library,page_count,MISSING,no
MB-140,9789021024882,nl,open_library,cover,MISSING,no
MB-140,9789021024882,nl,open_library,work_link,MISSING,no
MB-140,9789021024882,nl,open_library,series,MISSING,no
MB-140,9789021024882,nl,open_library,series_position,MISSING,no
MB-140,9789021024882,nl,open_library,subjects,MISSING,no
MB-140,9789021024882,nl,google_books,isbn_exact,CORRECT,no
MB-140,9789021024882,nl,google_books,title,CORRECT,no
MB-140,9789021024882,nl,google_books,subtitle,MISSING,no
MB-140,9789021024882,nl,google_books,authors,CORRECT,no
MB-140,9789021024882,nl,google_books,language,CORRECT,no
MB-140,9789021024882,nl,google_books,publisher,MISSING,no
MB-140,9789021024882,nl,google_books,publication_date,CORRECT,no
MB-140,9789021024882,nl,google_books,page_count,MISSING,no
MB-140,9789021024882,nl,google_books,cover,MISSING,no
MB-140,9789021024882,nl,google_books,work_link,MISSING,no
MB-140,9789021024882,nl,google_books,series,MISSING,no
MB-140,9789021024882,nl,google_books,series_position,MISSING,no
MB-140,9789021024882,nl,google_books,subjects,MISSING,no
MB-140,9789021024882,nl,wikidata,isbn_exact,MISSING,no
MB-140,9789021024882,nl,wikidata,title,MISSING,no
MB-140,9789021024882,nl,wikidata,subtitle,MISSING,no
MB-140,9789021024882,nl,wikidata,authors,MISSING,no
MB-140,9789021024882,nl,wikidata,language,MISSING,no
MB-140,9789021024882,nl,wikidata,publisher,MISSING,no
MB-140,9789021024882,nl,wikidata,publication_date,MISSING,no
MB-140,9789021024882,nl,wikidata,page_count,MISSING,no
MB-140,9789021024882,nl,wikidata,cover,MISSING,no
MB-140,9789021024882,nl,wikidata,work_link,MISSING,no
MB-140,9789021024882,nl,wikidata,series,MISSING,no
MB-140,9789021024882,nl,wikidata,series_position,MISSING,no
MB-140,9789021024882,nl,wikidata,subjects,MISSING,no
MB-140,9789021024882,nl,bookbrainz,isbn_exact,MISSING,no
MB-140,9789021024882,nl,bookbrainz,title,MISSING,no
MB-140,9789021024882,nl,bookbrainz,subtitle,MISSING,no
MB-140,9789021024882,nl,bookbrainz,authors,MISSING,no
MB-140,9789021024882,nl,bookbrainz,language,MISSING,no
MB-140,9789021024882,nl,bookbrainz,publisher,MISSING,no
MB-140,9789021024882,nl,bookbrainz,publication_date,MISSING,no
MB-140,9789021024882,nl,bookbrainz,page_count,MISSING,no
MB-140,9789021024882,nl,bookbrainz,cover,MISSING,no
MB-140,9789021024882,nl,bookbrainz,work_link,MISSING,no
MB-140,9789021024882,nl,bookbrainz,series,MISSING,no
MB-140,9789021024882,nl,bookbrainz,series_position,MISSING,no
MB-140,9789021024882,nl,bookbrainz,subjects,MISSING,no
MB-141,9789021057552,nl,open_library,isbn_exact,MISSING,no
MB-141,9789021057552,nl,open_library,title,MISSING,no
MB-141,9789021057552,nl,open_library,subtitle,MISSING,no
MB-141,9789021057552,nl,open_library,authors,MISSING,no
MB-141,9789021057552,nl,open_library,language,MISSING,no
MB-141,9789021057552,nl,open_library,publisher,MISSING,no
MB-141,9789021057552,nl,open_library,publication_date,MISSING,no
MB-141,9789021057552,nl,open_library,page_count,MISSING,no
MB-141,9789021057552,nl,open_library,cover,MISSING,no
MB-141,9789021057552,nl,open_library,work_link,MISSING,no
MB-141,9789021057552,nl,open_library,series,MISSING,no
MB-141,9789021057552,nl,open_library,series_position,MISSING,no
MB-141,9789021057552,nl,open_library,subjects,MISSING,no
MB-141,9789021057552,nl,google_books,isbn_exact,CORRECT,no
MB-141,9789021057552,nl,google_books,title,CORRECT,no
MB-141,9789021057552,nl,google_books,subtitle,MISSING,no
MB-141,9789021057552,nl,google_books,authors,CORRECT,no
MB-141,9789021057552,nl,google_books,language,CORRECT,no
MB-141,9789021057552,nl,google_books,publisher,CORRECT,no
MB-141,9789021057552,nl,google_books,publication_date,CORRECT,no
MB-141,9789021057552,nl,google_books,page_count,CORRECT,no
MB-141,9789021057552,nl,google_books,cover,CORRECT,no
MB-141,9789021057552,nl,google_books,work_link,MISSING,no
MB-141,9789021057552,nl,google_books,series,MISSING,no
MB-141,9789021057552,nl,google_books,series_position,MISSING,no
MB-141,9789021057552,nl,google_books,subjects,CORRECT,no
MB-141,9789021057552,nl,wikidata,isbn_exact,MISSING,no
MB-141,9789021057552,nl,wikidata,title,MISSING,no
MB-141,9789021057552,nl,wikidata,subtitle,MISSING,no
MB-141,9789021057552,nl,wikidata,authors,MISSING,no
MB-141,9789021057552,nl,wikidata,language,MISSING,no
MB-141,9789021057552,nl,wikidata,publisher,MISSING,no
MB-141,9789021057552,nl,wikidata,publication_date,MISSING,no
MB-141,9789021057552,nl,wikidata,page_count,MISSING,no
MB-141,9789021057552,nl,wikidata,cover,MISSING,no
MB-141,9789021057552,nl,wikidata,work_link,MISSING,no
MB-141,9789021057552,nl,wikidata,series,MISSING,no
MB-141,9789021057552,nl,wikidata,series_position,MISSING,no
MB-141,9789021057552,nl,wikidata,subjects,MISSING,no
MB-141,9789021057552,nl,bookbrainz,isbn_exact,MISSING,no
MB-141,9789021057552,nl,bookbrainz,title,MISSING,no
MB-141,9789021057552,nl,bookbrainz,subtitle,MISSING,no
MB-141,9789021057552,nl,bookbrainz,authors,MISSING,no
MB-141,9789021057552,nl,bookbrainz,language,MISSING,no
MB-141,9789021057552,nl,bookbrainz,publisher,MISSING,no
MB-141,9789021057552,nl,bookbrainz,publication_date,MISSING,no
MB-141,9789021057552,nl,bookbrainz,page_count,MISSING,no
MB-141,9789021057552,nl,bookbrainz,cover,MISSING,no
MB-141,9789021057552,nl,bookbrainz,work_link,MISSING,no
MB-141,9789021057552,nl,bookbrainz,series,MISSING,no
MB-141,9789021057552,nl,bookbrainz,series_position,MISSING,no
MB-141,9789021057552,nl,bookbrainz,subjects,MISSING,no
MB-142,9789021484754,nl,open_library,isbn_exact,CORRECT,no
MB-142,9789021484754,nl,open_library,title,CORRECT,no
MB-142,9789021484754,nl,open_library,subtitle,MISSING,no
MB-142,9789021484754,nl,open_library,authors,CORRECT,no
MB-142,9789021484754,nl,open_library,language,CORRECT,no
MB-142,9789021484754,nl,open_library,publisher,CORRECT,no
MB-142,9789021484754,nl,open_library,publication_date,CORRECT,no
MB-142,9789021484754,nl,open_library,page_count,CORRECT,no
MB-142,9789021484754,nl,open_library,cover,MISSING,no
MB-142,9789021484754,nl,open_library,work_link,CORRECT,no
MB-142,9789021484754,nl,open_library,series,MISSING,no
MB-142,9789021484754,nl,open_library,series_position,MISSING,no
MB-142,9789021484754,nl,open_library,subjects,MISSING,no
MB-142,9789021484754,nl,google_books,isbn_exact,INCORRECT,no
MB-142,9789021484754,nl,google_books,title,CORRECT,no
MB-142,9789021484754,nl,google_books,subtitle,MISSING,no
MB-142,9789021484754,nl,google_books,authors,CORRECT,no
MB-142,9789021484754,nl,google_books,language,CORRECT,no
MB-142,9789021484754,nl,google_books,publisher,MISSING,no
MB-142,9789021484754,nl,google_books,publication_date,CORRECT,no
MB-142,9789021484754,nl,google_books,page_count,INCORRECT,no
MB-142,9789021484754,nl,google_books,cover,CORRECT,no
MB-142,9789021484754,nl,google_books,work_link,MISSING,no
MB-142,9789021484754,nl,google_books,series,MISSING,no
MB-142,9789021484754,nl,google_books,series_position,MISSING,no
MB-142,9789021484754,nl,google_books,subjects,MISSING,no
MB-142,9789021484754,nl,wikidata,isbn_exact,MISSING,no
MB-142,9789021484754,nl,wikidata,title,MISSING,no
MB-142,9789021484754,nl,wikidata,subtitle,MISSING,no
MB-142,9789021484754,nl,wikidata,authors,MISSING,no
MB-142,9789021484754,nl,wikidata,language,MISSING,no
MB-142,9789021484754,nl,wikidata,publisher,MISSING,no
MB-142,9789021484754,nl,wikidata,publication_date,MISSING,no
MB-142,9789021484754,nl,wikidata,page_count,MISSING,no
MB-142,9789021484754,nl,wikidata,cover,MISSING,no
MB-142,9789021484754,nl,wikidata,work_link,MISSING,no
MB-142,9789021484754,nl,wikidata,series,MISSING,no
MB-142,9789021484754,nl,wikidata,series_position,MISSING,no
MB-142,9789021484754,nl,wikidata,subjects,MISSING,no
MB-142,9789021484754,nl,bookbrainz,isbn_exact,MISSING,no
MB-142,9789021484754,nl,bookbrainz,title,MISSING,no
MB-142,9789021484754,nl,bookbrainz,subtitle,MISSING,no
MB-142,9789021484754,nl,bookbrainz,authors,MISSING,no
MB-142,9789021484754,nl,bookbrainz,language,MISSING,no
MB-142,9789021484754,nl,bookbrainz,publisher,MISSING,no
MB-142,9789021484754,nl,bookbrainz,publication_date,MISSING,no
MB-142,9789021484754,nl,bookbrainz,page_count,MISSING,no
MB-142,9789021484754,nl,bookbrainz,cover,MISSING,no
MB-142,9789021484754,nl,bookbrainz,work_link,MISSING,no
MB-142,9789021484754,nl,bookbrainz,series,MISSING,no
MB-142,9789021484754,nl,bookbrainz,series_position,MISSING,no
MB-142,9789021484754,nl,bookbrainz,subjects,MISSING,no
MB-143,9789022540497,nl,open_library,isbn_exact,CORRECT,no
MB-143,9789022540497,nl,open_library,title,CORRECT,no
MB-143,9789022540497,nl,open_library,subtitle,MISSING,no
MB-143,9789022540497,nl,open_library,authors,CORRECT,no
MB-143,9789022540497,nl,open_library,language,CORRECT,no
MB-143,9789022540497,nl,open_library,publisher,CORRECT,no
MB-143,9789022540497,nl,open_library,publication_date,CORRECT,no
MB-143,9789022540497,nl,open_library,page_count,CORRECT,no
MB-143,9789022540497,nl,open_library,cover,CORRECT,no
MB-143,9789022540497,nl,open_library,work_link,CORRECT,no
MB-143,9789022540497,nl,open_library,series,CORRECT,yes
MB-143,9789022540497,nl,open_library,series_position,MISSING,yes
MB-143,9789022540497,nl,open_library,subjects,MISSING,no
MB-143,9789022540497,nl,google_books,isbn_exact,CORRECT,no
MB-143,9789022540497,nl,google_books,title,CORRECT,no
MB-143,9789022540497,nl,google_books,subtitle,MISSING,no
MB-143,9789022540497,nl,google_books,authors,CORRECT,no
MB-143,9789022540497,nl,google_books,language,CORRECT,no
MB-143,9789022540497,nl,google_books,publisher,MISSING,no
MB-143,9789022540497,nl,google_books,publication_date,CORRECT,no
MB-143,9789022540497,nl,google_books,page_count,CORRECT,no
MB-143,9789022540497,nl,google_books,cover,MISSING,no
MB-143,9789022540497,nl,google_books,work_link,MISSING,no
MB-143,9789022540497,nl,google_books,series,MISSING,yes
MB-143,9789022540497,nl,google_books,series_position,MISSING,yes
MB-143,9789022540497,nl,google_books,subjects,CORRECT,no
MB-143,9789022540497,nl,wikidata,isbn_exact,MISSING,no
MB-143,9789022540497,nl,wikidata,title,MISSING,no
MB-143,9789022540497,nl,wikidata,subtitle,MISSING,no
MB-143,9789022540497,nl,wikidata,authors,MISSING,no
MB-143,9789022540497,nl,wikidata,language,MISSING,no
MB-143,9789022540497,nl,wikidata,publisher,MISSING,no
MB-143,9789022540497,nl,wikidata,publication_date,MISSING,no
MB-143,9789022540497,nl,wikidata,page_count,MISSING,no
MB-143,9789022540497,nl,wikidata,cover,MISSING,no
MB-143,9789022540497,nl,wikidata,work_link,MISSING,no
MB-143,9789022540497,nl,wikidata,series,MISSING,yes
MB-143,9789022540497,nl,wikidata,series_position,MISSING,yes
MB-143,9789022540497,nl,wikidata,subjects,MISSING,no
MB-143,9789022540497,nl,bookbrainz,isbn_exact,MISSING,no
MB-143,9789022540497,nl,bookbrainz,title,MISSING,no
MB-143,9789022540497,nl,bookbrainz,subtitle,MISSING,no
MB-143,9789022540497,nl,bookbrainz,authors,MISSING,no
MB-143,9789022540497,nl,bookbrainz,language,MISSING,no
MB-143,9789022540497,nl,bookbrainz,publisher,MISSING,no
MB-143,9789022540497,nl,bookbrainz,publication_date,MISSING,no
MB-143,9789022540497,nl,bookbrainz,page_count,MISSING,no
MB-143,9789022540497,nl,bookbrainz,cover,MISSING,no
MB-143,9789022540497,nl,bookbrainz,work_link,MISSING,no
MB-143,9789022540497,nl,bookbrainz,series,MISSING,yes
MB-143,9789022540497,nl,bookbrainz,series_position,MISSING,yes
MB-143,9789022540497,nl,bookbrainz,subjects,MISSING,no
MB-144,9789022543993,nl,open_library,isbn_exact,CORRECT,no
MB-144,9789022543993,nl,open_library,title,CORRECT,no
MB-144,9789022543993,nl,open_library,subtitle,MISSING,no
MB-144,9789022543993,nl,open_library,authors,CORRECT,no
MB-144,9789022543993,nl,open_library,language,CORRECT,no
MB-144,9789022543993,nl,open_library,publisher,CORRECT,no
MB-144,9789022543993,nl,open_library,publication_date,CORRECT,no
MB-144,9789022543993,nl,open_library,page_count,CORRECT,no
MB-144,9789022543993,nl,open_library,cover,CORRECT,no
MB-144,9789022543993,nl,open_library,work_link,CORRECT,no
MB-144,9789022543993,nl,open_library,series,CORRECT,yes
MB-144,9789022543993,nl,open_library,series_position,MISSING,yes
MB-144,9789022543993,nl,open_library,subjects,MISSING,no
MB-144,9789022543993,nl,google_books,isbn_exact,CORRECT,no
MB-144,9789022543993,nl,google_books,title,INCORRECT,no
MB-144,9789022543993,nl,google_books,subtitle,MISSING,no
MB-144,9789022543993,nl,google_books,authors,CORRECT,no
MB-144,9789022543993,nl,google_books,language,CORRECT,no
MB-144,9789022543993,nl,google_books,publisher,MISSING,no
MB-144,9789022543993,nl,google_books,publication_date,CORRECT,no
MB-144,9789022543993,nl,google_books,page_count,CORRECT,no
MB-144,9789022543993,nl,google_books,cover,MISSING,no
MB-144,9789022543993,nl,google_books,work_link,MISSING,no
MB-144,9789022543993,nl,google_books,series,MISSING,yes
MB-144,9789022543993,nl,google_books,series_position,MISSING,yes
MB-144,9789022543993,nl,google_books,subjects,CORRECT,no
MB-144,9789022543993,nl,wikidata,isbn_exact,MISSING,no
MB-144,9789022543993,nl,wikidata,title,MISSING,no
MB-144,9789022543993,nl,wikidata,subtitle,MISSING,no
MB-144,9789022543993,nl,wikidata,authors,MISSING,no
MB-144,9789022543993,nl,wikidata,language,MISSING,no
MB-144,9789022543993,nl,wikidata,publisher,MISSING,no
MB-144,9789022543993,nl,wikidata,publication_date,MISSING,no
MB-144,9789022543993,nl,wikidata,page_count,MISSING,no
MB-144,9789022543993,nl,wikidata,cover,MISSING,no
MB-144,9789022543993,nl,wikidata,work_link,MISSING,no
MB-144,9789022543993,nl,wikidata,series,MISSING,yes
MB-144,9789022543993,nl,wikidata,series_position,MISSING,yes
MB-144,9789022543993,nl,wikidata,subjects,MISSING,no
MB-144,9789022543993,nl,bookbrainz,isbn_exact,MISSING,no
MB-144,9789022543993,nl,bookbrainz,title,MISSING,no
MB-144,9789022543993,nl,bookbrainz,subtitle,MISSING,no
MB-144,9789022543993,nl,bookbrainz,authors,MISSING,no
MB-144,9789022543993,nl,bookbrainz,language,MISSING,no
MB-144,9789022543993,nl,bookbrainz,publisher,MISSING,no
MB-144,9789022543993,nl,bookbrainz,publication_date,MISSING,no
MB-144,9789022543993,nl,bookbrainz,page_count,MISSING,no
MB-144,9789022543993,nl,bookbrainz,cover,MISSING,no
MB-144,9789022543993,nl,bookbrainz,work_link,MISSING,no
MB-144,9789022543993,nl,bookbrainz,series,MISSING,yes
MB-144,9789022543993,nl,bookbrainz,series_position,MISSING,yes
MB-144,9789022543993,nl,bookbrainz,subjects,MISSING,no
MB-145,9789022544778,nl,open_library,isbn_exact,MISSING,no
MB-145,9789022544778,nl,open_library,title,MISSING,no
MB-145,9789022544778,nl,open_library,subtitle,MISSING,no
MB-145,9789022544778,nl,open_library,authors,MISSING,no
MB-145,9789022544778,nl,open_library,language,MISSING,no
MB-145,9789022544778,nl,open_library,publisher,MISSING,no
MB-145,9789022544778,nl,open_library,publication_date,MISSING,no
MB-145,9789022544778,nl,open_library,page_count,MISSING,no
MB-145,9789022544778,nl,open_library,cover,MISSING,no
MB-145,9789022544778,nl,open_library,work_link,MISSING,no
MB-145,9789022544778,nl,open_library,series,MISSING,no
MB-145,9789022544778,nl,open_library,series_position,MISSING,no
MB-145,9789022544778,nl,open_library,subjects,MISSING,no
MB-145,9789022544778,nl,google_books,isbn_exact,CORRECT,no
MB-145,9789022544778,nl,google_books,title,CORRECT,no
MB-145,9789022544778,nl,google_books,subtitle,MISSING,no
MB-145,9789022544778,nl,google_books,authors,CORRECT,no
MB-145,9789022544778,nl,google_books,language,CORRECT,no
MB-145,9789022544778,nl,google_books,publisher,MISSING,no
MB-145,9789022544778,nl,google_books,publication_date,CORRECT,no
MB-145,9789022544778,nl,google_books,page_count,CORRECT,no
MB-145,9789022544778,nl,google_books,cover,MISSING,no
MB-145,9789022544778,nl,google_books,work_link,MISSING,no
MB-145,9789022544778,nl,google_books,series,MISSING,no
MB-145,9789022544778,nl,google_books,series_position,MISSING,no
MB-145,9789022544778,nl,google_books,subjects,MISSING,no
MB-145,9789022544778,nl,wikidata,isbn_exact,MISSING,no
MB-145,9789022544778,nl,wikidata,title,MISSING,no
MB-145,9789022544778,nl,wikidata,subtitle,MISSING,no
MB-145,9789022544778,nl,wikidata,authors,MISSING,no
MB-145,9789022544778,nl,wikidata,language,MISSING,no
MB-145,9789022544778,nl,wikidata,publisher,MISSING,no
MB-145,9789022544778,nl,wikidata,publication_date,MISSING,no
MB-145,9789022544778,nl,wikidata,page_count,MISSING,no
MB-145,9789022544778,nl,wikidata,cover,MISSING,no
MB-145,9789022544778,nl,wikidata,work_link,MISSING,no
MB-145,9789022544778,nl,wikidata,series,MISSING,no
MB-145,9789022544778,nl,wikidata,series_position,MISSING,no
MB-145,9789022544778,nl,wikidata,subjects,MISSING,no
MB-145,9789022544778,nl,bookbrainz,isbn_exact,MISSING,no
MB-145,9789022544778,nl,bookbrainz,title,MISSING,no
MB-145,9789022544778,nl,bookbrainz,subtitle,MISSING,no
MB-145,9789022544778,nl,bookbrainz,authors,MISSING,no
MB-145,9789022544778,nl,bookbrainz,language,MISSING,no
MB-145,9789022544778,nl,bookbrainz,publisher,MISSING,no
MB-145,9789022544778,nl,bookbrainz,publication_date,MISSING,no
MB-145,9789022544778,nl,bookbrainz,page_count,MISSING,no
MB-145,9789022544778,nl,bookbrainz,cover,MISSING,no
MB-145,9789022544778,nl,bookbrainz,work_link,MISSING,no
MB-145,9789022544778,nl,bookbrainz,series,MISSING,no
MB-145,9789022544778,nl,bookbrainz,series_position,MISSING,no
MB-145,9789022544778,nl,bookbrainz,subjects,MISSING,no
MB-146,9789022569603,nl,open_library,isbn_exact,MISSING,no
MB-146,9789022569603,nl,open_library,title,MISSING,no
MB-146,9789022569603,nl,open_library,subtitle,MISSING,no
MB-146,9789022569603,nl,open_library,authors,MISSING,no
MB-146,9789022569603,nl,open_library,language,MISSING,no
MB-146,9789022569603,nl,open_library,publisher,MISSING,no
MB-146,9789022569603,nl,open_library,publication_date,MISSING,no
MB-146,9789022569603,nl,open_library,page_count,MISSING,no
MB-146,9789022569603,nl,open_library,cover,MISSING,no
MB-146,9789022569603,nl,open_library,work_link,MISSING,no
MB-146,9789022569603,nl,open_library,series,MISSING,no
MB-146,9789022569603,nl,open_library,series_position,MISSING,no
MB-146,9789022569603,nl,open_library,subjects,MISSING,no
MB-146,9789022569603,nl,google_books,isbn_exact,CORRECT,no
MB-146,9789022569603,nl,google_books,title,CORRECT,no
MB-146,9789022569603,nl,google_books,subtitle,MISSING,no
MB-146,9789022569603,nl,google_books,authors,CORRECT,no
MB-146,9789022569603,nl,google_books,language,CORRECT,no
MB-146,9789022569603,nl,google_books,publisher,MISSING,no
MB-146,9789022569603,nl,google_books,publication_date,CORRECT,no
MB-146,9789022569603,nl,google_books,page_count,CORRECT,no
MB-146,9789022569603,nl,google_books,cover,MISSING,no
MB-146,9789022569603,nl,google_books,work_link,MISSING,no
MB-146,9789022569603,nl,google_books,series,MISSING,no
MB-146,9789022569603,nl,google_books,series_position,MISSING,no
MB-146,9789022569603,nl,google_books,subjects,MISSING,no
MB-146,9789022569603,nl,wikidata,isbn_exact,MISSING,no
MB-146,9789022569603,nl,wikidata,title,MISSING,no
MB-146,9789022569603,nl,wikidata,subtitle,MISSING,no
MB-146,9789022569603,nl,wikidata,authors,MISSING,no
MB-146,9789022569603,nl,wikidata,language,MISSING,no
MB-146,9789022569603,nl,wikidata,publisher,MISSING,no
MB-146,9789022569603,nl,wikidata,publication_date,MISSING,no
MB-146,9789022569603,nl,wikidata,page_count,MISSING,no
MB-146,9789022569603,nl,wikidata,cover,MISSING,no
MB-146,9789022569603,nl,wikidata,work_link,MISSING,no
MB-146,9789022569603,nl,wikidata,series,MISSING,no
MB-146,9789022569603,nl,wikidata,series_position,MISSING,no
MB-146,9789022569603,nl,wikidata,subjects,MISSING,no
MB-146,9789022569603,nl,bookbrainz,isbn_exact,MISSING,no
MB-146,9789022569603,nl,bookbrainz,title,MISSING,no
MB-146,9789022569603,nl,bookbrainz,subtitle,MISSING,no
MB-146,9789022569603,nl,bookbrainz,authors,MISSING,no
MB-146,9789022569603,nl,bookbrainz,language,MISSING,no
MB-146,9789022569603,nl,bookbrainz,publisher,MISSING,no
MB-146,9789022569603,nl,bookbrainz,publication_date,MISSING,no
MB-146,9789022569603,nl,bookbrainz,page_count,MISSING,no
MB-146,9789022569603,nl,bookbrainz,cover,MISSING,no
MB-146,9789022569603,nl,bookbrainz,work_link,MISSING,no
MB-146,9789022569603,nl,bookbrainz,series,MISSING,no
MB-146,9789022569603,nl,bookbrainz,series_position,MISSING,no
MB-146,9789022569603,nl,bookbrainz,subjects,MISSING,no
MB-147,9789022587423,nl,open_library,isbn_exact,CORRECT,no
MB-147,9789022587423,nl,open_library,title,CORRECT,no
MB-147,9789022587423,nl,open_library,subtitle,MISSING,no
MB-147,9789022587423,nl,open_library,authors,MISSING,no
MB-147,9789022587423,nl,open_library,language,CORRECT,no
MB-147,9789022587423,nl,open_library,publisher,CORRECT,no
MB-147,9789022587423,nl,open_library,publication_date,CORRECT,no
MB-147,9789022587423,nl,open_library,page_count,MISSING,no
MB-147,9789022587423,nl,open_library,cover,CORRECT,no
MB-147,9789022587423,nl,open_library,work_link,CORRECT,no
MB-147,9789022587423,nl,open_library,series,MISSING,no
MB-147,9789022587423,nl,open_library,series_position,MISSING,no
MB-147,9789022587423,nl,open_library,subjects,MISSING,no
MB-147,9789022587423,nl,google_books,isbn_exact,CORRECT,no
MB-147,9789022587423,nl,google_books,title,CORRECT,no
MB-147,9789022587423,nl,google_books,subtitle,MISSING,no
MB-147,9789022587423,nl,google_books,authors,CORRECT,no
MB-147,9789022587423,nl,google_books,language,CORRECT,no
MB-147,9789022587423,nl,google_books,publisher,MISSING,no
MB-147,9789022587423,nl,google_books,publication_date,CORRECT,no
MB-147,9789022587423,nl,google_books,page_count,MISSING,no
MB-147,9789022587423,nl,google_books,cover,MISSING,no
MB-147,9789022587423,nl,google_books,work_link,MISSING,no
MB-147,9789022587423,nl,google_books,series,MISSING,no
MB-147,9789022587423,nl,google_books,series_position,MISSING,no
MB-147,9789022587423,nl,google_books,subjects,MISSING,no
MB-147,9789022587423,nl,wikidata,isbn_exact,MISSING,no
MB-147,9789022587423,nl,wikidata,title,MISSING,no
MB-147,9789022587423,nl,wikidata,subtitle,MISSING,no
MB-147,9789022587423,nl,wikidata,authors,MISSING,no
MB-147,9789022587423,nl,wikidata,language,MISSING,no
MB-147,9789022587423,nl,wikidata,publisher,MISSING,no
MB-147,9789022587423,nl,wikidata,publication_date,MISSING,no
MB-147,9789022587423,nl,wikidata,page_count,MISSING,no
MB-147,9789022587423,nl,wikidata,cover,MISSING,no
MB-147,9789022587423,nl,wikidata,work_link,MISSING,no
MB-147,9789022587423,nl,wikidata,series,MISSING,no
MB-147,9789022587423,nl,wikidata,series_position,MISSING,no
MB-147,9789022587423,nl,wikidata,subjects,MISSING,no
MB-147,9789022587423,nl,bookbrainz,isbn_exact,MISSING,no
MB-147,9789022587423,nl,bookbrainz,title,MISSING,no
MB-147,9789022587423,nl,bookbrainz,subtitle,MISSING,no
MB-147,9789022587423,nl,bookbrainz,authors,MISSING,no
MB-147,9789022587423,nl,bookbrainz,language,MISSING,no
MB-147,9789022587423,nl,bookbrainz,publisher,MISSING,no
MB-147,9789022587423,nl,bookbrainz,publication_date,MISSING,no
MB-147,9789022587423,nl,bookbrainz,page_count,MISSING,no
MB-147,9789022587423,nl,bookbrainz,cover,MISSING,no
MB-147,9789022587423,nl,bookbrainz,work_link,MISSING,no
MB-147,9789022587423,nl,bookbrainz,series,MISSING,no
MB-147,9789022587423,nl,bookbrainz,series_position,MISSING,no
MB-147,9789022587423,nl,bookbrainz,subjects,MISSING,no
MB-148,9789022811238,nl,open_library,isbn_exact,MISSING,no
MB-148,9789022811238,nl,open_library,title,MISSING,no
MB-148,9789022811238,nl,open_library,subtitle,MISSING,no
MB-148,9789022811238,nl,open_library,authors,MISSING,no
MB-148,9789022811238,nl,open_library,language,MISSING,no
MB-148,9789022811238,nl,open_library,publisher,MISSING,no
MB-148,9789022811238,nl,open_library,publication_date,MISSING,no
MB-148,9789022811238,nl,open_library,page_count,MISSING,no
MB-148,9789022811238,nl,open_library,cover,MISSING,no
MB-148,9789022811238,nl,open_library,work_link,MISSING,no
MB-148,9789022811238,nl,open_library,series,MISSING,no
MB-148,9789022811238,nl,open_library,series_position,MISSING,no
MB-148,9789022811238,nl,open_library,subjects,MISSING,no
MB-148,9789022811238,nl,google_books,isbn_exact,CORRECT,no
MB-148,9789022811238,nl,google_books,title,CORRECT,no
MB-148,9789022811238,nl,google_books,subtitle,UNVERIFIABLE,no
MB-148,9789022811238,nl,google_books,authors,CORRECT,no
MB-148,9789022811238,nl,google_books,language,CORRECT,no
MB-148,9789022811238,nl,google_books,publisher,MISSING,no
MB-148,9789022811238,nl,google_books,publication_date,CORRECT,no
MB-148,9789022811238,nl,google_books,page_count,CORRECT,no
MB-148,9789022811238,nl,google_books,cover,MISSING,no
MB-148,9789022811238,nl,google_books,work_link,MISSING,no
MB-148,9789022811238,nl,google_books,series,MISSING,no
MB-148,9789022811238,nl,google_books,series_position,MISSING,no
MB-148,9789022811238,nl,google_books,subjects,MISSING,no
MB-148,9789022811238,nl,wikidata,isbn_exact,MISSING,no
MB-148,9789022811238,nl,wikidata,title,MISSING,no
MB-148,9789022811238,nl,wikidata,subtitle,MISSING,no
MB-148,9789022811238,nl,wikidata,authors,MISSING,no
MB-148,9789022811238,nl,wikidata,language,MISSING,no
MB-148,9789022811238,nl,wikidata,publisher,MISSING,no
MB-148,9789022811238,nl,wikidata,publication_date,MISSING,no
MB-148,9789022811238,nl,wikidata,page_count,MISSING,no
MB-148,9789022811238,nl,wikidata,cover,MISSING,no
MB-148,9789022811238,nl,wikidata,work_link,MISSING,no
MB-148,9789022811238,nl,wikidata,series,MISSING,no
MB-148,9789022811238,nl,wikidata,series_position,MISSING,no
MB-148,9789022811238,nl,wikidata,subjects,MISSING,no
MB-148,9789022811238,nl,bookbrainz,isbn_exact,MISSING,no
MB-148,9789022811238,nl,bookbrainz,title,MISSING,no
MB-148,9789022811238,nl,bookbrainz,subtitle,MISSING,no
MB-148,9789022811238,nl,bookbrainz,authors,MISSING,no
MB-148,9789022811238,nl,bookbrainz,language,MISSING,no
MB-148,9789022811238,nl,bookbrainz,publisher,MISSING,no
MB-148,9789022811238,nl,bookbrainz,publication_date,MISSING,no
MB-148,9789022811238,nl,bookbrainz,page_count,MISSING,no
MB-148,9789022811238,nl,bookbrainz,cover,MISSING,no
MB-148,9789022811238,nl,bookbrainz,work_link,MISSING,no
MB-148,9789022811238,nl,bookbrainz,series,MISSING,no
MB-148,9789022811238,nl,bookbrainz,series_position,MISSING,no
MB-148,9789022811238,nl,bookbrainz,subjects,MISSING,no
MB-149,9789023478652,nl,open_library,isbn_exact,CORRECT,no
MB-149,9789023478652,nl,open_library,title,CORRECT,no
MB-149,9789023478652,nl,open_library,subtitle,MISSING,no
MB-149,9789023478652,nl,open_library,authors,CORRECT,no
MB-149,9789023478652,nl,open_library,language,CORRECT,no
MB-149,9789023478652,nl,open_library,publisher,CORRECT,no
MB-149,9789023478652,nl,open_library,publication_date,CORRECT,no
MB-149,9789023478652,nl,open_library,page_count,CORRECT,no
MB-149,9789023478652,nl,open_library,cover,MISSING,no
MB-149,9789023478652,nl,open_library,work_link,CORRECT,no
MB-149,9789023478652,nl,open_library,series,MISSING,no
MB-149,9789023478652,nl,open_library,series_position,MISSING,no
MB-149,9789023478652,nl,open_library,subjects,CORRECT,no
MB-149,9789023478652,nl,google_books,isbn_exact,MISSING,no
MB-149,9789023478652,nl,google_books,title,MISSING,no
MB-149,9789023478652,nl,google_books,subtitle,MISSING,no
MB-149,9789023478652,nl,google_books,authors,MISSING,no
MB-149,9789023478652,nl,google_books,language,MISSING,no
MB-149,9789023478652,nl,google_books,publisher,MISSING,no
MB-149,9789023478652,nl,google_books,publication_date,MISSING,no
MB-149,9789023478652,nl,google_books,page_count,MISSING,no
MB-149,9789023478652,nl,google_books,cover,MISSING,no
MB-149,9789023478652,nl,google_books,work_link,MISSING,no
MB-149,9789023478652,nl,google_books,series,MISSING,no
MB-149,9789023478652,nl,google_books,series_position,MISSING,no
MB-149,9789023478652,nl,google_books,subjects,MISSING,no
MB-149,9789023478652,nl,wikidata,isbn_exact,MISSING,no
MB-149,9789023478652,nl,wikidata,title,MISSING,no
MB-149,9789023478652,nl,wikidata,subtitle,MISSING,no
MB-149,9789023478652,nl,wikidata,authors,MISSING,no
MB-149,9789023478652,nl,wikidata,language,MISSING,no
MB-149,9789023478652,nl,wikidata,publisher,MISSING,no
MB-149,9789023478652,nl,wikidata,publication_date,MISSING,no
MB-149,9789023478652,nl,wikidata,page_count,MISSING,no
MB-149,9789023478652,nl,wikidata,cover,MISSING,no
MB-149,9789023478652,nl,wikidata,work_link,MISSING,no
MB-149,9789023478652,nl,wikidata,series,MISSING,no
MB-149,9789023478652,nl,wikidata,series_position,MISSING,no
MB-149,9789023478652,nl,wikidata,subjects,MISSING,no
MB-149,9789023478652,nl,bookbrainz,isbn_exact,MISSING,no
MB-149,9789023478652,nl,bookbrainz,title,MISSING,no
MB-149,9789023478652,nl,bookbrainz,subtitle,MISSING,no
MB-149,9789023478652,nl,bookbrainz,authors,MISSING,no
MB-149,9789023478652,nl,bookbrainz,language,MISSING,no
MB-149,9789023478652,nl,bookbrainz,publisher,MISSING,no
MB-149,9789023478652,nl,bookbrainz,publication_date,MISSING,no
MB-149,9789023478652,nl,bookbrainz,page_count,MISSING,no
MB-149,9789023478652,nl,bookbrainz,cover,MISSING,no
MB-149,9789023478652,nl,bookbrainz,work_link,MISSING,no
MB-149,9789023478652,nl,bookbrainz,series,MISSING,no
MB-149,9789023478652,nl,bookbrainz,series_position,MISSING,no
MB-149,9789023478652,nl,bookbrainz,subjects,MISSING,no
MB-150,9789023494218,nl,open_library,isbn_exact,MISSING,no
MB-150,9789023494218,nl,open_library,title,MISSING,no
MB-150,9789023494218,nl,open_library,subtitle,MISSING,no
MB-150,9789023494218,nl,open_library,authors,MISSING,no
MB-150,9789023494218,nl,open_library,language,MISSING,no
MB-150,9789023494218,nl,open_library,publisher,MISSING,no
MB-150,9789023494218,nl,open_library,publication_date,MISSING,no
MB-150,9789023494218,nl,open_library,page_count,MISSING,no
MB-150,9789023494218,nl,open_library,cover,MISSING,no
MB-150,9789023494218,nl,open_library,work_link,MISSING,no
MB-150,9789023494218,nl,open_library,series,MISSING,no
MB-150,9789023494218,nl,open_library,series_position,MISSING,no
MB-150,9789023494218,nl,open_library,subjects,MISSING,no
MB-150,9789023494218,nl,google_books,isbn_exact,CORRECT,no
MB-150,9789023494218,nl,google_books,title,CORRECT,no
MB-150,9789023494218,nl,google_books,subtitle,MISSING,no
MB-150,9789023494218,nl,google_books,authors,CORRECT,no
MB-150,9789023494218,nl,google_books,language,CORRECT,no
MB-150,9789023494218,nl,google_books,publisher,MISSING,no
MB-150,9789023494218,nl,google_books,publication_date,CORRECT,no
MB-150,9789023494218,nl,google_books,page_count,CORRECT,no
MB-150,9789023494218,nl,google_books,cover,MISSING,no
MB-150,9789023494218,nl,google_books,work_link,MISSING,no
MB-150,9789023494218,nl,google_books,series,MISSING,no
MB-150,9789023494218,nl,google_books,series_position,MISSING,no
MB-150,9789023494218,nl,google_books,subjects,MISSING,no
MB-150,9789023494218,nl,wikidata,isbn_exact,MISSING,no
MB-150,9789023494218,nl,wikidata,title,MISSING,no
MB-150,9789023494218,nl,wikidata,subtitle,MISSING,no
MB-150,9789023494218,nl,wikidata,authors,MISSING,no
MB-150,9789023494218,nl,wikidata,language,MISSING,no
MB-150,9789023494218,nl,wikidata,publisher,MISSING,no
MB-150,9789023494218,nl,wikidata,publication_date,MISSING,no
MB-150,9789023494218,nl,wikidata,page_count,MISSING,no
MB-150,9789023494218,nl,wikidata,cover,MISSING,no
MB-150,9789023494218,nl,wikidata,work_link,MISSING,no
MB-150,9789023494218,nl,wikidata,series,MISSING,no
MB-150,9789023494218,nl,wikidata,series_position,MISSING,no
MB-150,9789023494218,nl,wikidata,subjects,MISSING,no
MB-150,9789023494218,nl,bookbrainz,isbn_exact,MISSING,no
MB-150,9789023494218,nl,bookbrainz,title,MISSING,no
MB-150,9789023494218,nl,bookbrainz,subtitle,MISSING,no
MB-150,9789023494218,nl,bookbrainz,authors,MISSING,no
MB-150,9789023494218,nl,bookbrainz,language,MISSING,no
MB-150,9789023494218,nl,bookbrainz,publisher,MISSING,no
MB-150,9789023494218,nl,bookbrainz,publication_date,MISSING,no
MB-150,9789023494218,nl,bookbrainz,page_count,MISSING,no
MB-150,9789023494218,nl,bookbrainz,cover,MISSING,no
MB-150,9789023494218,nl,bookbrainz,work_link,MISSING,no
MB-150,9789023494218,nl,bookbrainz,series,MISSING,no
MB-150,9789023494218,nl,bookbrainz,series_position,MISSING,no
MB-150,9789023494218,nl,bookbrainz,subjects,MISSING,no
MB-151,9789024469574,nl,open_library,isbn_exact,MISSING,no
MB-151,9789024469574,nl,open_library,title,MISSING,no
MB-151,9789024469574,nl,open_library,subtitle,MISSING,no
MB-151,9789024469574,nl,open_library,authors,MISSING,no
MB-151,9789024469574,nl,open_library,language,MISSING,no
MB-151,9789024469574,nl,open_library,publisher,MISSING,no
MB-151,9789024469574,nl,open_library,publication_date,MISSING,no
MB-151,9789024469574,nl,open_library,page_count,MISSING,no
MB-151,9789024469574,nl,open_library,cover,MISSING,no
MB-151,9789024469574,nl,open_library,work_link,MISSING,no
MB-151,9789024469574,nl,open_library,series,MISSING,no
MB-151,9789024469574,nl,open_library,series_position,MISSING,no
MB-151,9789024469574,nl,open_library,subjects,MISSING,no
MB-151,9789024469574,nl,google_books,isbn_exact,CORRECT,no
MB-151,9789024469574,nl,google_books,title,CORRECT,no
MB-151,9789024469574,nl,google_books,subtitle,UNVERIFIABLE,no
MB-151,9789024469574,nl,google_books,authors,CORRECT,no
MB-151,9789024469574,nl,google_books,language,CORRECT,no
MB-151,9789024469574,nl,google_books,publisher,MISSING,no
MB-151,9789024469574,nl,google_books,publication_date,CORRECT,no
MB-151,9789024469574,nl,google_books,page_count,MISSING,no
MB-151,9789024469574,nl,google_books,cover,MISSING,no
MB-151,9789024469574,nl,google_books,work_link,MISSING,no
MB-151,9789024469574,nl,google_books,series,MISSING,no
MB-151,9789024469574,nl,google_books,series_position,MISSING,no
MB-151,9789024469574,nl,google_books,subjects,CORRECT,no
MB-151,9789024469574,nl,wikidata,isbn_exact,MISSING,no
MB-151,9789024469574,nl,wikidata,title,MISSING,no
MB-151,9789024469574,nl,wikidata,subtitle,MISSING,no
MB-151,9789024469574,nl,wikidata,authors,MISSING,no
MB-151,9789024469574,nl,wikidata,language,MISSING,no
MB-151,9789024469574,nl,wikidata,publisher,MISSING,no
MB-151,9789024469574,nl,wikidata,publication_date,MISSING,no
MB-151,9789024469574,nl,wikidata,page_count,MISSING,no
MB-151,9789024469574,nl,wikidata,cover,MISSING,no
MB-151,9789024469574,nl,wikidata,work_link,MISSING,no
MB-151,9789024469574,nl,wikidata,series,MISSING,no
MB-151,9789024469574,nl,wikidata,series_position,MISSING,no
MB-151,9789024469574,nl,wikidata,subjects,MISSING,no
MB-151,9789024469574,nl,bookbrainz,isbn_exact,MISSING,no
MB-151,9789024469574,nl,bookbrainz,title,MISSING,no
MB-151,9789024469574,nl,bookbrainz,subtitle,MISSING,no
MB-151,9789024469574,nl,bookbrainz,authors,MISSING,no
MB-151,9789024469574,nl,bookbrainz,language,MISSING,no
MB-151,9789024469574,nl,bookbrainz,publisher,MISSING,no
MB-151,9789024469574,nl,bookbrainz,publication_date,MISSING,no
MB-151,9789024469574,nl,bookbrainz,page_count,MISSING,no
MB-151,9789024469574,nl,bookbrainz,cover,MISSING,no
MB-151,9789024469574,nl,bookbrainz,work_link,MISSING,no
MB-151,9789024469574,nl,bookbrainz,series,MISSING,no
MB-151,9789024469574,nl,bookbrainz,series_position,MISSING,no
MB-151,9789024469574,nl,bookbrainz,subjects,MISSING,no
MB-152,9789024524099,nl,open_library,isbn_exact,MISSING,no
MB-152,9789024524099,nl,open_library,title,MISSING,no
MB-152,9789024524099,nl,open_library,subtitle,MISSING,no
MB-152,9789024524099,nl,open_library,authors,MISSING,no
MB-152,9789024524099,nl,open_library,language,MISSING,no
MB-152,9789024524099,nl,open_library,publisher,MISSING,no
MB-152,9789024524099,nl,open_library,publication_date,MISSING,no
MB-152,9789024524099,nl,open_library,page_count,MISSING,no
MB-152,9789024524099,nl,open_library,cover,MISSING,no
MB-152,9789024524099,nl,open_library,work_link,MISSING,no
MB-152,9789024524099,nl,open_library,series,MISSING,no
MB-152,9789024524099,nl,open_library,series_position,MISSING,no
MB-152,9789024524099,nl,open_library,subjects,MISSING,no
MB-152,9789024524099,nl,google_books,isbn_exact,CORRECT,no
MB-152,9789024524099,nl,google_books,title,CORRECT,no
MB-152,9789024524099,nl,google_books,subtitle,MISSING,no
MB-152,9789024524099,nl,google_books,authors,CORRECT,no
MB-152,9789024524099,nl,google_books,language,CORRECT,no
MB-152,9789024524099,nl,google_books,publisher,MISSING,no
MB-152,9789024524099,nl,google_books,publication_date,CORRECT,no
MB-152,9789024524099,nl,google_books,page_count,CORRECT,no
MB-152,9789024524099,nl,google_books,cover,MISSING,no
MB-152,9789024524099,nl,google_books,work_link,MISSING,no
MB-152,9789024524099,nl,google_books,series,MISSING,no
MB-152,9789024524099,nl,google_books,series_position,MISSING,no
MB-152,9789024524099,nl,google_books,subjects,CORRECT,no
MB-152,9789024524099,nl,wikidata,isbn_exact,MISSING,no
MB-152,9789024524099,nl,wikidata,title,MISSING,no
MB-152,9789024524099,nl,wikidata,subtitle,MISSING,no
MB-152,9789024524099,nl,wikidata,authors,MISSING,no
MB-152,9789024524099,nl,wikidata,language,MISSING,no
MB-152,9789024524099,nl,wikidata,publisher,MISSING,no
MB-152,9789024524099,nl,wikidata,publication_date,MISSING,no
MB-152,9789024524099,nl,wikidata,page_count,MISSING,no
MB-152,9789024524099,nl,wikidata,cover,MISSING,no
MB-152,9789024524099,nl,wikidata,work_link,MISSING,no
MB-152,9789024524099,nl,wikidata,series,MISSING,no
MB-152,9789024524099,nl,wikidata,series_position,MISSING,no
MB-152,9789024524099,nl,wikidata,subjects,MISSING,no
MB-152,9789024524099,nl,bookbrainz,isbn_exact,MISSING,no
MB-152,9789024524099,nl,bookbrainz,title,MISSING,no
MB-152,9789024524099,nl,bookbrainz,subtitle,MISSING,no
MB-152,9789024524099,nl,bookbrainz,authors,MISSING,no
MB-152,9789024524099,nl,bookbrainz,language,MISSING,no
MB-152,9789024524099,nl,bookbrainz,publisher,MISSING,no
MB-152,9789024524099,nl,bookbrainz,publication_date,MISSING,no
MB-152,9789024524099,nl,bookbrainz,page_count,MISSING,no
MB-152,9789024524099,nl,bookbrainz,cover,MISSING,no
MB-152,9789024524099,nl,bookbrainz,work_link,MISSING,no
MB-152,9789024524099,nl,bookbrainz,series,MISSING,no
MB-152,9789024524099,nl,bookbrainz,series_position,MISSING,no
MB-152,9789024524099,nl,bookbrainz,subjects,MISSING,no
MB-153,9789024535958,nl,open_library,isbn_exact,MISSING,no
MB-153,9789024535958,nl,open_library,title,MISSING,no
MB-153,9789024535958,nl,open_library,subtitle,MISSING,no
MB-153,9789024535958,nl,open_library,authors,MISSING,no
MB-153,9789024535958,nl,open_library,language,MISSING,no
MB-153,9789024535958,nl,open_library,publisher,MISSING,no
MB-153,9789024535958,nl,open_library,publication_date,MISSING,no
MB-153,9789024535958,nl,open_library,page_count,MISSING,no
MB-153,9789024535958,nl,open_library,cover,MISSING,no
MB-153,9789024535958,nl,open_library,work_link,MISSING,no
MB-153,9789024535958,nl,open_library,series,MISSING,no
MB-153,9789024535958,nl,open_library,series_position,MISSING,no
MB-153,9789024535958,nl,open_library,subjects,MISSING,no
MB-153,9789024535958,nl,google_books,isbn_exact,CORRECT,no
MB-153,9789024535958,nl,google_books,title,CORRECT,no
MB-153,9789024535958,nl,google_books,subtitle,MISSING,no
MB-153,9789024535958,nl,google_books,authors,CORRECT,no
MB-153,9789024535958,nl,google_books,language,CORRECT,no
MB-153,9789024535958,nl,google_books,publisher,MISSING,no
MB-153,9789024535958,nl,google_books,publication_date,CORRECT,no
MB-153,9789024535958,nl,google_books,page_count,CORRECT,no
MB-153,9789024535958,nl,google_books,cover,MISSING,no
MB-153,9789024535958,nl,google_books,work_link,MISSING,no
MB-153,9789024535958,nl,google_books,series,MISSING,no
MB-153,9789024535958,nl,google_books,series_position,MISSING,no
MB-153,9789024535958,nl,google_books,subjects,MISSING,no
MB-153,9789024535958,nl,wikidata,isbn_exact,MISSING,no
MB-153,9789024535958,nl,wikidata,title,MISSING,no
MB-153,9789024535958,nl,wikidata,subtitle,MISSING,no
MB-153,9789024535958,nl,wikidata,authors,MISSING,no
MB-153,9789024535958,nl,wikidata,language,MISSING,no
MB-153,9789024535958,nl,wikidata,publisher,MISSING,no
MB-153,9789024535958,nl,wikidata,publication_date,MISSING,no
MB-153,9789024535958,nl,wikidata,page_count,MISSING,no
MB-153,9789024535958,nl,wikidata,cover,MISSING,no
MB-153,9789024535958,nl,wikidata,work_link,MISSING,no
MB-153,9789024535958,nl,wikidata,series,MISSING,no
MB-153,9789024535958,nl,wikidata,series_position,MISSING,no
MB-153,9789024535958,nl,wikidata,subjects,MISSING,no
MB-153,9789024535958,nl,bookbrainz,isbn_exact,MISSING,no
MB-153,9789024535958,nl,bookbrainz,title,MISSING,no
MB-153,9789024535958,nl,bookbrainz,subtitle,MISSING,no
MB-153,9789024535958,nl,bookbrainz,authors,MISSING,no
MB-153,9789024535958,nl,bookbrainz,language,MISSING,no
MB-153,9789024535958,nl,bookbrainz,publisher,MISSING,no
MB-153,9789024535958,nl,bookbrainz,publication_date,MISSING,no
MB-153,9789024535958,nl,bookbrainz,page_count,MISSING,no
MB-153,9789024535958,nl,bookbrainz,cover,MISSING,no
MB-153,9789024535958,nl,bookbrainz,work_link,MISSING,no
MB-153,9789024535958,nl,bookbrainz,series,MISSING,no
MB-153,9789024535958,nl,bookbrainz,series_position,MISSING,no
MB-153,9789024535958,nl,bookbrainz,subjects,MISSING,no
MB-154,9789024543274,nl,open_library,isbn_exact,MISSING,no
MB-154,9789024543274,nl,open_library,title,MISSING,no
MB-154,9789024543274,nl,open_library,subtitle,MISSING,no
MB-154,9789024543274,nl,open_library,authors,MISSING,no
MB-154,9789024543274,nl,open_library,language,MISSING,no
MB-154,9789024543274,nl,open_library,publisher,MISSING,no
MB-154,9789024543274,nl,open_library,publication_date,MISSING,no
MB-154,9789024543274,nl,open_library,page_count,MISSING,no
MB-154,9789024543274,nl,open_library,cover,MISSING,no
MB-154,9789024543274,nl,open_library,work_link,MISSING,no
MB-154,9789024543274,nl,open_library,series,MISSING,no
MB-154,9789024543274,nl,open_library,series_position,MISSING,no
MB-154,9789024543274,nl,open_library,subjects,MISSING,no
MB-154,9789024543274,nl,google_books,isbn_exact,CORRECT,no
MB-154,9789024543274,nl,google_books,title,CORRECT,no
MB-154,9789024543274,nl,google_books,subtitle,MISSING,no
MB-154,9789024543274,nl,google_books,authors,CORRECT,no
MB-154,9789024543274,nl,google_books,language,CORRECT,no
MB-154,9789024543274,nl,google_books,publisher,MISSING,no
MB-154,9789024543274,nl,google_books,publication_date,CORRECT,no
MB-154,9789024543274,nl,google_books,page_count,CORRECT,no
MB-154,9789024543274,nl,google_books,cover,MISSING,no
MB-154,9789024543274,nl,google_books,work_link,MISSING,no
MB-154,9789024543274,nl,google_books,series,MISSING,no
MB-154,9789024543274,nl,google_books,series_position,MISSING,no
MB-154,9789024543274,nl,google_books,subjects,MISSING,no
MB-154,9789024543274,nl,wikidata,isbn_exact,MISSING,no
MB-154,9789024543274,nl,wikidata,title,MISSING,no
MB-154,9789024543274,nl,wikidata,subtitle,MISSING,no
MB-154,9789024543274,nl,wikidata,authors,MISSING,no
MB-154,9789024543274,nl,wikidata,language,MISSING,no
MB-154,9789024543274,nl,wikidata,publisher,MISSING,no
MB-154,9789024543274,nl,wikidata,publication_date,MISSING,no
MB-154,9789024543274,nl,wikidata,page_count,MISSING,no
MB-154,9789024543274,nl,wikidata,cover,MISSING,no
MB-154,9789024543274,nl,wikidata,work_link,MISSING,no
MB-154,9789024543274,nl,wikidata,series,MISSING,no
MB-154,9789024543274,nl,wikidata,series_position,MISSING,no
MB-154,9789024543274,nl,wikidata,subjects,MISSING,no
MB-154,9789024543274,nl,bookbrainz,isbn_exact,MISSING,no
MB-154,9789024543274,nl,bookbrainz,title,MISSING,no
MB-154,9789024543274,nl,bookbrainz,subtitle,MISSING,no
MB-154,9789024543274,nl,bookbrainz,authors,MISSING,no
MB-154,9789024543274,nl,bookbrainz,language,MISSING,no
MB-154,9789024543274,nl,bookbrainz,publisher,MISSING,no
MB-154,9789024543274,nl,bookbrainz,publication_date,MISSING,no
MB-154,9789024543274,nl,bookbrainz,page_count,MISSING,no
MB-154,9789024543274,nl,bookbrainz,cover,MISSING,no
MB-154,9789024543274,nl,bookbrainz,work_link,MISSING,no
MB-154,9789024543274,nl,bookbrainz,series,MISSING,no
MB-154,9789024543274,nl,bookbrainz,series_position,MISSING,no
MB-154,9789024543274,nl,bookbrainz,subjects,MISSING,no
MB-155,9789024593385,nl,open_library,isbn_exact,MISSING,no
MB-155,9789024593385,nl,open_library,title,MISSING,no
MB-155,9789024593385,nl,open_library,subtitle,MISSING,no
MB-155,9789024593385,nl,open_library,authors,MISSING,no
MB-155,9789024593385,nl,open_library,language,MISSING,no
MB-155,9789024593385,nl,open_library,publisher,MISSING,no
MB-155,9789024593385,nl,open_library,publication_date,MISSING,no
MB-155,9789024593385,nl,open_library,page_count,MISSING,no
MB-155,9789024593385,nl,open_library,cover,MISSING,no
MB-155,9789024593385,nl,open_library,work_link,MISSING,no
MB-155,9789024593385,nl,open_library,series,MISSING,no
MB-155,9789024593385,nl,open_library,series_position,MISSING,no
MB-155,9789024593385,nl,open_library,subjects,MISSING,no
MB-155,9789024593385,nl,google_books,isbn_exact,CORRECT,no
MB-155,9789024593385,nl,google_books,title,CORRECT,no
MB-155,9789024593385,nl,google_books,subtitle,MISSING,no
MB-155,9789024593385,nl,google_books,authors,CORRECT,no
MB-155,9789024593385,nl,google_books,language,CORRECT,no
MB-155,9789024593385,nl,google_books,publisher,CORRECT,no
MB-155,9789024593385,nl,google_books,publication_date,CORRECT,no
MB-155,9789024593385,nl,google_books,page_count,CORRECT,no
MB-155,9789024593385,nl,google_books,cover,CORRECT,no
MB-155,9789024593385,nl,google_books,work_link,MISSING,no
MB-155,9789024593385,nl,google_books,series,MISSING,no
MB-155,9789024593385,nl,google_books,series_position,MISSING,no
MB-155,9789024593385,nl,google_books,subjects,CORRECT,no
MB-155,9789024593385,nl,wikidata,isbn_exact,MISSING,no
MB-155,9789024593385,nl,wikidata,title,MISSING,no
MB-155,9789024593385,nl,wikidata,subtitle,MISSING,no
MB-155,9789024593385,nl,wikidata,authors,MISSING,no
MB-155,9789024593385,nl,wikidata,language,MISSING,no
MB-155,9789024593385,nl,wikidata,publisher,MISSING,no
MB-155,9789024593385,nl,wikidata,publication_date,MISSING,no
MB-155,9789024593385,nl,wikidata,page_count,MISSING,no
MB-155,9789024593385,nl,wikidata,cover,MISSING,no
MB-155,9789024593385,nl,wikidata,work_link,MISSING,no
MB-155,9789024593385,nl,wikidata,series,MISSING,no
MB-155,9789024593385,nl,wikidata,series_position,MISSING,no
MB-155,9789024593385,nl,wikidata,subjects,MISSING,no
MB-155,9789024593385,nl,bookbrainz,isbn_exact,MISSING,no
MB-155,9789024593385,nl,bookbrainz,title,MISSING,no
MB-155,9789024593385,nl,bookbrainz,subtitle,MISSING,no
MB-155,9789024593385,nl,bookbrainz,authors,MISSING,no
MB-155,9789024593385,nl,bookbrainz,language,MISSING,no
MB-155,9789024593385,nl,bookbrainz,publisher,MISSING,no
MB-155,9789024593385,nl,bookbrainz,publication_date,MISSING,no
MB-155,9789024593385,nl,bookbrainz,page_count,MISSING,no
MB-155,9789024593385,nl,bookbrainz,cover,MISSING,no
MB-155,9789024593385,nl,bookbrainz,work_link,MISSING,no
MB-155,9789024593385,nl,bookbrainz,series,MISSING,no
MB-155,9789024593385,nl,bookbrainz,series_position,MISSING,no
MB-155,9789024593385,nl,bookbrainz,subjects,MISSING,no
MB-156,9789025108403,nl,open_library,isbn_exact,MISSING,no
MB-156,9789025108403,nl,open_library,title,MISSING,no
MB-156,9789025108403,nl,open_library,subtitle,MISSING,no
MB-156,9789025108403,nl,open_library,authors,MISSING,no
MB-156,9789025108403,nl,open_library,language,MISSING,no
MB-156,9789025108403,nl,open_library,publisher,MISSING,no
MB-156,9789025108403,nl,open_library,publication_date,MISSING,no
MB-156,9789025108403,nl,open_library,page_count,MISSING,no
MB-156,9789025108403,nl,open_library,cover,MISSING,no
MB-156,9789025108403,nl,open_library,work_link,MISSING,no
MB-156,9789025108403,nl,open_library,series,MISSING,no
MB-156,9789025108403,nl,open_library,series_position,MISSING,no
MB-156,9789025108403,nl,open_library,subjects,MISSING,no
MB-156,9789025108403,nl,google_books,isbn_exact,CORRECT,no
MB-156,9789025108403,nl,google_books,title,CORRECT,no
MB-156,9789025108403,nl,google_books,subtitle,MISSING,no
MB-156,9789025108403,nl,google_books,authors,CORRECT,no
MB-156,9789025108403,nl,google_books,language,CORRECT,no
MB-156,9789025108403,nl,google_books,publisher,MISSING,no
MB-156,9789025108403,nl,google_books,publication_date,CORRECT,no
MB-156,9789025108403,nl,google_books,page_count,CORRECT,no
MB-156,9789025108403,nl,google_books,cover,CORRECT,no
MB-156,9789025108403,nl,google_books,work_link,MISSING,no
MB-156,9789025108403,nl,google_books,series,MISSING,no
MB-156,9789025108403,nl,google_books,series_position,MISSING,no
MB-156,9789025108403,nl,google_books,subjects,MISSING,no
MB-156,9789025108403,nl,wikidata,isbn_exact,MISSING,no
MB-156,9789025108403,nl,wikidata,title,MISSING,no
MB-156,9789025108403,nl,wikidata,subtitle,MISSING,no
MB-156,9789025108403,nl,wikidata,authors,MISSING,no
MB-156,9789025108403,nl,wikidata,language,MISSING,no
MB-156,9789025108403,nl,wikidata,publisher,MISSING,no
MB-156,9789025108403,nl,wikidata,publication_date,MISSING,no
MB-156,9789025108403,nl,wikidata,page_count,MISSING,no
MB-156,9789025108403,nl,wikidata,cover,MISSING,no
MB-156,9789025108403,nl,wikidata,work_link,MISSING,no
MB-156,9789025108403,nl,wikidata,series,MISSING,no
MB-156,9789025108403,nl,wikidata,series_position,MISSING,no
MB-156,9789025108403,nl,wikidata,subjects,MISSING,no
MB-156,9789025108403,nl,bookbrainz,isbn_exact,MISSING,no
MB-156,9789025108403,nl,bookbrainz,title,MISSING,no
MB-156,9789025108403,nl,bookbrainz,subtitle,MISSING,no
MB-156,9789025108403,nl,bookbrainz,authors,MISSING,no
MB-156,9789025108403,nl,bookbrainz,language,MISSING,no
MB-156,9789025108403,nl,bookbrainz,publisher,MISSING,no
MB-156,9789025108403,nl,bookbrainz,publication_date,MISSING,no
MB-156,9789025108403,nl,bookbrainz,page_count,MISSING,no
MB-156,9789025108403,nl,bookbrainz,cover,MISSING,no
MB-156,9789025108403,nl,bookbrainz,work_link,MISSING,no
MB-156,9789025108403,nl,bookbrainz,series,MISSING,no
MB-156,9789025108403,nl,bookbrainz,series_position,MISSING,no
MB-156,9789025108403,nl,bookbrainz,subjects,MISSING,no
MB-157,9789025411176,nl,open_library,isbn_exact,MISSING,no
MB-157,9789025411176,nl,open_library,title,MISSING,no
MB-157,9789025411176,nl,open_library,subtitle,MISSING,no
MB-157,9789025411176,nl,open_library,authors,MISSING,no
MB-157,9789025411176,nl,open_library,language,MISSING,no
MB-157,9789025411176,nl,open_library,publisher,MISSING,no
MB-157,9789025411176,nl,open_library,publication_date,MISSING,no
MB-157,9789025411176,nl,open_library,page_count,MISSING,no
MB-157,9789025411176,nl,open_library,cover,MISSING,no
MB-157,9789025411176,nl,open_library,work_link,MISSING,no
MB-157,9789025411176,nl,open_library,series,MISSING,no
MB-157,9789025411176,nl,open_library,series_position,MISSING,no
MB-157,9789025411176,nl,open_library,subjects,MISSING,no
MB-157,9789025411176,nl,google_books,isbn_exact,CORRECT,no
MB-157,9789025411176,nl,google_books,title,CORRECT,no
MB-157,9789025411176,nl,google_books,subtitle,MISSING,no
MB-157,9789025411176,nl,google_books,authors,CORRECT,no
MB-157,9789025411176,nl,google_books,language,CORRECT,no
MB-157,9789025411176,nl,google_books,publisher,MISSING,no
MB-157,9789025411176,nl,google_books,publication_date,CORRECT,no
MB-157,9789025411176,nl,google_books,page_count,CORRECT,no
MB-157,9789025411176,nl,google_books,cover,MISSING,no
MB-157,9789025411176,nl,google_books,work_link,MISSING,no
MB-157,9789025411176,nl,google_books,series,MISSING,no
MB-157,9789025411176,nl,google_books,series_position,MISSING,no
MB-157,9789025411176,nl,google_books,subjects,MISSING,no
MB-157,9789025411176,nl,wikidata,isbn_exact,MISSING,no
MB-157,9789025411176,nl,wikidata,title,MISSING,no
MB-157,9789025411176,nl,wikidata,subtitle,MISSING,no
MB-157,9789025411176,nl,wikidata,authors,MISSING,no
MB-157,9789025411176,nl,wikidata,language,MISSING,no
MB-157,9789025411176,nl,wikidata,publisher,MISSING,no
MB-157,9789025411176,nl,wikidata,publication_date,MISSING,no
MB-157,9789025411176,nl,wikidata,page_count,MISSING,no
MB-157,9789025411176,nl,wikidata,cover,MISSING,no
MB-157,9789025411176,nl,wikidata,work_link,MISSING,no
MB-157,9789025411176,nl,wikidata,series,MISSING,no
MB-157,9789025411176,nl,wikidata,series_position,MISSING,no
MB-157,9789025411176,nl,wikidata,subjects,MISSING,no
MB-157,9789025411176,nl,bookbrainz,isbn_exact,MISSING,no
MB-157,9789025411176,nl,bookbrainz,title,MISSING,no
MB-157,9789025411176,nl,bookbrainz,subtitle,MISSING,no
MB-157,9789025411176,nl,bookbrainz,authors,MISSING,no
MB-157,9789025411176,nl,bookbrainz,language,MISSING,no
MB-157,9789025411176,nl,bookbrainz,publisher,MISSING,no
MB-157,9789025411176,nl,bookbrainz,publication_date,MISSING,no
MB-157,9789025411176,nl,bookbrainz,page_count,MISSING,no
MB-157,9789025411176,nl,bookbrainz,cover,MISSING,no
MB-157,9789025411176,nl,bookbrainz,work_link,MISSING,no
MB-157,9789025411176,nl,bookbrainz,series,MISSING,no
MB-157,9789025411176,nl,bookbrainz,series_position,MISSING,no
MB-157,9789025411176,nl,bookbrainz,subjects,MISSING,no
MB-158,9789025444129,nl,open_library,isbn_exact,MISSING,no
MB-158,9789025444129,nl,open_library,title,MISSING,no
MB-158,9789025444129,nl,open_library,subtitle,MISSING,no
MB-158,9789025444129,nl,open_library,authors,MISSING,no
MB-158,9789025444129,nl,open_library,language,MISSING,no
MB-158,9789025444129,nl,open_library,publisher,MISSING,no
MB-158,9789025444129,nl,open_library,publication_date,MISSING,no
MB-158,9789025444129,nl,open_library,page_count,MISSING,no
MB-158,9789025444129,nl,open_library,cover,MISSING,no
MB-158,9789025444129,nl,open_library,work_link,MISSING,no
MB-158,9789025444129,nl,open_library,series,MISSING,no
MB-158,9789025444129,nl,open_library,series_position,MISSING,no
MB-158,9789025444129,nl,open_library,subjects,MISSING,no
MB-158,9789025444129,nl,google_books,isbn_exact,CORRECT,no
MB-158,9789025444129,nl,google_books,title,CORRECT,no
MB-158,9789025444129,nl,google_books,subtitle,MISSING,no
MB-158,9789025444129,nl,google_books,authors,CORRECT,no
MB-158,9789025444129,nl,google_books,language,CORRECT,no
MB-158,9789025444129,nl,google_books,publisher,MISSING,no
MB-158,9789025444129,nl,google_books,publication_date,CORRECT,no
MB-158,9789025444129,nl,google_books,page_count,CORRECT,no
MB-158,9789025444129,nl,google_books,cover,MISSING,no
MB-158,9789025444129,nl,google_books,work_link,MISSING,no
MB-158,9789025444129,nl,google_books,series,MISSING,no
MB-158,9789025444129,nl,google_books,series_position,MISSING,no
MB-158,9789025444129,nl,google_books,subjects,MISSING,no
MB-158,9789025444129,nl,wikidata,isbn_exact,MISSING,no
MB-158,9789025444129,nl,wikidata,title,MISSING,no
MB-158,9789025444129,nl,wikidata,subtitle,MISSING,no
MB-158,9789025444129,nl,wikidata,authors,MISSING,no
MB-158,9789025444129,nl,wikidata,language,MISSING,no
MB-158,9789025444129,nl,wikidata,publisher,MISSING,no
MB-158,9789025444129,nl,wikidata,publication_date,MISSING,no
MB-158,9789025444129,nl,wikidata,page_count,MISSING,no
MB-158,9789025444129,nl,wikidata,cover,MISSING,no
MB-158,9789025444129,nl,wikidata,work_link,MISSING,no
MB-158,9789025444129,nl,wikidata,series,MISSING,no
MB-158,9789025444129,nl,wikidata,series_position,MISSING,no
MB-158,9789025444129,nl,wikidata,subjects,MISSING,no
MB-158,9789025444129,nl,bookbrainz,isbn_exact,MISSING,no
MB-158,9789025444129,nl,bookbrainz,title,MISSING,no
MB-158,9789025444129,nl,bookbrainz,subtitle,MISSING,no
MB-158,9789025444129,nl,bookbrainz,authors,MISSING,no
MB-158,9789025444129,nl,bookbrainz,language,MISSING,no
MB-158,9789025444129,nl,bookbrainz,publisher,MISSING,no
MB-158,9789025444129,nl,bookbrainz,publication_date,MISSING,no
MB-158,9789025444129,nl,bookbrainz,page_count,MISSING,no
MB-158,9789025444129,nl,bookbrainz,cover,MISSING,no
MB-158,9789025444129,nl,bookbrainz,work_link,MISSING,no
MB-158,9789025444129,nl,bookbrainz,series,MISSING,no
MB-158,9789025444129,nl,bookbrainz,series_position,MISSING,no
MB-158,9789025444129,nl,bookbrainz,subjects,MISSING,no
MB-159,9789025455941,nl,open_library,isbn_exact,CORRECT,no
MB-159,9789025455941,nl,open_library,title,CORRECT,no
MB-159,9789025455941,nl,open_library,subtitle,MISSING,no
MB-159,9789025455941,nl,open_library,authors,CORRECT,no
MB-159,9789025455941,nl,open_library,language,CORRECT,no
MB-159,9789025455941,nl,open_library,publisher,CORRECT,no
MB-159,9789025455941,nl,open_library,publication_date,CORRECT,no
MB-159,9789025455941,nl,open_library,page_count,CORRECT,no
MB-159,9789025455941,nl,open_library,cover,MISSING,no
MB-159,9789025455941,nl,open_library,work_link,CORRECT,no
MB-159,9789025455941,nl,open_library,series,MISSING,no
MB-159,9789025455941,nl,open_library,series_position,MISSING,no
MB-159,9789025455941,nl,open_library,subjects,CORRECT,no
MB-159,9789025455941,nl,google_books,isbn_exact,CORRECT,no
MB-159,9789025455941,nl,google_books,title,CORRECT,no
MB-159,9789025455941,nl,google_books,subtitle,MISSING,no
MB-159,9789025455941,nl,google_books,authors,CORRECT,no
MB-159,9789025455941,nl,google_books,language,CORRECT,no
MB-159,9789025455941,nl,google_books,publisher,MISSING,no
MB-159,9789025455941,nl,google_books,publication_date,INCORRECT,no
MB-159,9789025455941,nl,google_books,page_count,INCORRECT,no
MB-159,9789025455941,nl,google_books,cover,MISSING,no
MB-159,9789025455941,nl,google_books,work_link,MISSING,no
MB-159,9789025455941,nl,google_books,series,MISSING,no
MB-159,9789025455941,nl,google_books,series_position,MISSING,no
MB-159,9789025455941,nl,google_books,subjects,MISSING,no
MB-159,9789025455941,nl,wikidata,isbn_exact,MISSING,no
MB-159,9789025455941,nl,wikidata,title,MISSING,no
MB-159,9789025455941,nl,wikidata,subtitle,MISSING,no
MB-159,9789025455941,nl,wikidata,authors,MISSING,no
MB-159,9789025455941,nl,wikidata,language,MISSING,no
MB-159,9789025455941,nl,wikidata,publisher,MISSING,no
MB-159,9789025455941,nl,wikidata,publication_date,MISSING,no
MB-159,9789025455941,nl,wikidata,page_count,MISSING,no
MB-159,9789025455941,nl,wikidata,cover,MISSING,no
MB-159,9789025455941,nl,wikidata,work_link,MISSING,no
MB-159,9789025455941,nl,wikidata,series,MISSING,no
MB-159,9789025455941,nl,wikidata,series_position,MISSING,no
MB-159,9789025455941,nl,wikidata,subjects,MISSING,no
MB-159,9789025455941,nl,bookbrainz,isbn_exact,MISSING,no
MB-159,9789025455941,nl,bookbrainz,title,MISSING,no
MB-159,9789025455941,nl,bookbrainz,subtitle,MISSING,no
MB-159,9789025455941,nl,bookbrainz,authors,MISSING,no
MB-159,9789025455941,nl,bookbrainz,language,MISSING,no
MB-159,9789025455941,nl,bookbrainz,publisher,MISSING,no
MB-159,9789025455941,nl,bookbrainz,publication_date,MISSING,no
MB-159,9789025455941,nl,bookbrainz,page_count,MISSING,no
MB-159,9789025455941,nl,bookbrainz,cover,MISSING,no
MB-159,9789025455941,nl,bookbrainz,work_link,MISSING,no
MB-159,9789025455941,nl,bookbrainz,series,MISSING,no
MB-159,9789025455941,nl,bookbrainz,series_position,MISSING,no
MB-159,9789025455941,nl,bookbrainz,subjects,MISSING,no
MB-160,9789025477356,nl,open_library,isbn_exact,CORRECT,no
MB-160,9789025477356,nl,open_library,title,CORRECT,no
MB-160,9789025477356,nl,open_library,subtitle,MISSING,no
MB-160,9789025477356,nl,open_library,authors,MISSING,no
MB-160,9789025477356,nl,open_library,language,CORRECT,no
MB-160,9789025477356,nl,open_library,publisher,CORRECT,no
MB-160,9789025477356,nl,open_library,publication_date,CORRECT,no
MB-160,9789025477356,nl,open_library,page_count,CORRECT,no
MB-160,9789025477356,nl,open_library,cover,CORRECT,no
MB-160,9789025477356,nl,open_library,work_link,CORRECT,no
MB-160,9789025477356,nl,open_library,series,MISSING,no
MB-160,9789025477356,nl,open_library,series_position,MISSING,no
MB-160,9789025477356,nl,open_library,subjects,MISSING,no
MB-160,9789025477356,nl,google_books,isbn_exact,CORRECT,no
MB-160,9789025477356,nl,google_books,title,CORRECT,no
MB-160,9789025477356,nl,google_books,subtitle,MISSING,no
MB-160,9789025477356,nl,google_books,authors,UNVERIFIABLE,no
MB-160,9789025477356,nl,google_books,language,CORRECT,no
MB-160,9789025477356,nl,google_books,publisher,MISSING,no
MB-160,9789025477356,nl,google_books,publication_date,CORRECT,no
MB-160,9789025477356,nl,google_books,page_count,MISSING,no
MB-160,9789025477356,nl,google_books,cover,MISSING,no
MB-160,9789025477356,nl,google_books,work_link,MISSING,no
MB-160,9789025477356,nl,google_books,series,MISSING,no
MB-160,9789025477356,nl,google_books,series_position,MISSING,no
MB-160,9789025477356,nl,google_books,subjects,MISSING,no
MB-160,9789025477356,nl,wikidata,isbn_exact,MISSING,no
MB-160,9789025477356,nl,wikidata,title,MISSING,no
MB-160,9789025477356,nl,wikidata,subtitle,MISSING,no
MB-160,9789025477356,nl,wikidata,authors,MISSING,no
MB-160,9789025477356,nl,wikidata,language,MISSING,no
MB-160,9789025477356,nl,wikidata,publisher,MISSING,no
MB-160,9789025477356,nl,wikidata,publication_date,MISSING,no
MB-160,9789025477356,nl,wikidata,page_count,MISSING,no
MB-160,9789025477356,nl,wikidata,cover,MISSING,no
MB-160,9789025477356,nl,wikidata,work_link,MISSING,no
MB-160,9789025477356,nl,wikidata,series,MISSING,no
MB-160,9789025477356,nl,wikidata,series_position,MISSING,no
MB-160,9789025477356,nl,wikidata,subjects,MISSING,no
MB-160,9789025477356,nl,bookbrainz,isbn_exact,MISSING,no
MB-160,9789025477356,nl,bookbrainz,title,MISSING,no
MB-160,9789025477356,nl,bookbrainz,subtitle,MISSING,no
MB-160,9789025477356,nl,bookbrainz,authors,MISSING,no
MB-160,9789025477356,nl,bookbrainz,language,MISSING,no
MB-160,9789025477356,nl,bookbrainz,publisher,MISSING,no
MB-160,9789025477356,nl,bookbrainz,publication_date,MISSING,no
MB-160,9789025477356,nl,bookbrainz,page_count,MISSING,no
MB-160,9789025477356,nl,bookbrainz,cover,MISSING,no
MB-160,9789025477356,nl,bookbrainz,work_link,MISSING,no
MB-160,9789025477356,nl,bookbrainz,series,MISSING,no
MB-160,9789025477356,nl,bookbrainz,series_position,MISSING,no
MB-160,9789025477356,nl,bookbrainz,subjects,MISSING,no
MB-161,9789026137754,nl,open_library,isbn_exact,MISSING,no
MB-161,9789026137754,nl,open_library,title,MISSING,no
MB-161,9789026137754,nl,open_library,subtitle,MISSING,no
MB-161,9789026137754,nl,open_library,authors,MISSING,no
MB-161,9789026137754,nl,open_library,language,MISSING,no
MB-161,9789026137754,nl,open_library,publisher,MISSING,no
MB-161,9789026137754,nl,open_library,publication_date,MISSING,no
MB-161,9789026137754,nl,open_library,page_count,MISSING,no
MB-161,9789026137754,nl,open_library,cover,MISSING,no
MB-161,9789026137754,nl,open_library,work_link,MISSING,no
MB-161,9789026137754,nl,open_library,series,MISSING,no
MB-161,9789026137754,nl,open_library,series_position,MISSING,no
MB-161,9789026137754,nl,open_library,subjects,MISSING,no
MB-161,9789026137754,nl,google_books,isbn_exact,CORRECT,no
MB-161,9789026137754,nl,google_books,title,CORRECT,no
MB-161,9789026137754,nl,google_books,subtitle,MISSING,no
MB-161,9789026137754,nl,google_books,authors,CORRECT,no
MB-161,9789026137754,nl,google_books,language,CORRECT,no
MB-161,9789026137754,nl,google_books,publisher,MISSING,no
MB-161,9789026137754,nl,google_books,publication_date,CORRECT,no
MB-161,9789026137754,nl,google_books,page_count,MISSING,no
MB-161,9789026137754,nl,google_books,cover,MISSING,no
MB-161,9789026137754,nl,google_books,work_link,MISSING,no
MB-161,9789026137754,nl,google_books,series,MISSING,no
MB-161,9789026137754,nl,google_books,series_position,MISSING,no
MB-161,9789026137754,nl,google_books,subjects,CORRECT,no
MB-161,9789026137754,nl,wikidata,isbn_exact,MISSING,no
MB-161,9789026137754,nl,wikidata,title,MISSING,no
MB-161,9789026137754,nl,wikidata,subtitle,MISSING,no
MB-161,9789026137754,nl,wikidata,authors,MISSING,no
MB-161,9789026137754,nl,wikidata,language,MISSING,no
MB-161,9789026137754,nl,wikidata,publisher,MISSING,no
MB-161,9789026137754,nl,wikidata,publication_date,MISSING,no
MB-161,9789026137754,nl,wikidata,page_count,MISSING,no
MB-161,9789026137754,nl,wikidata,cover,MISSING,no
MB-161,9789026137754,nl,wikidata,work_link,MISSING,no
MB-161,9789026137754,nl,wikidata,series,MISSING,no
MB-161,9789026137754,nl,wikidata,series_position,MISSING,no
MB-161,9789026137754,nl,wikidata,subjects,MISSING,no
MB-161,9789026137754,nl,bookbrainz,isbn_exact,MISSING,no
MB-161,9789026137754,nl,bookbrainz,title,MISSING,no
MB-161,9789026137754,nl,bookbrainz,subtitle,MISSING,no
MB-161,9789026137754,nl,bookbrainz,authors,MISSING,no
MB-161,9789026137754,nl,bookbrainz,language,MISSING,no
MB-161,9789026137754,nl,bookbrainz,publisher,MISSING,no
MB-161,9789026137754,nl,bookbrainz,publication_date,MISSING,no
MB-161,9789026137754,nl,bookbrainz,page_count,MISSING,no
MB-161,9789026137754,nl,bookbrainz,cover,MISSING,no
MB-161,9789026137754,nl,bookbrainz,work_link,MISSING,no
MB-161,9789026137754,nl,bookbrainz,series,MISSING,no
MB-161,9789026137754,nl,bookbrainz,series_position,MISSING,no
MB-161,9789026137754,nl,bookbrainz,subjects,MISSING,no
MB-162,9789026356520,nl,open_library,isbn_exact,MISSING,no
MB-162,9789026356520,nl,open_library,title,MISSING,no
MB-162,9789026356520,nl,open_library,subtitle,MISSING,no
MB-162,9789026356520,nl,open_library,authors,MISSING,no
MB-162,9789026356520,nl,open_library,language,MISSING,no
MB-162,9789026356520,nl,open_library,publisher,MISSING,no
MB-162,9789026356520,nl,open_library,publication_date,MISSING,no
MB-162,9789026356520,nl,open_library,page_count,MISSING,no
MB-162,9789026356520,nl,open_library,cover,MISSING,no
MB-162,9789026356520,nl,open_library,work_link,MISSING,no
MB-162,9789026356520,nl,open_library,series,MISSING,no
MB-162,9789026356520,nl,open_library,series_position,MISSING,no
MB-162,9789026356520,nl,open_library,subjects,MISSING,no
MB-162,9789026356520,nl,google_books,isbn_exact,CORRECT,no
MB-162,9789026356520,nl,google_books,title,CORRECT,no
MB-162,9789026356520,nl,google_books,subtitle,UNVERIFIABLE,no
MB-162,9789026356520,nl,google_books,authors,CORRECT,no
MB-162,9789026356520,nl,google_books,language,CORRECT,no
MB-162,9789026356520,nl,google_books,publisher,MISSING,no
MB-162,9789026356520,nl,google_books,publication_date,CORRECT,no
MB-162,9789026356520,nl,google_books,page_count,MISSING,no
MB-162,9789026356520,nl,google_books,cover,MISSING,no
MB-162,9789026356520,nl,google_books,work_link,MISSING,no
MB-162,9789026356520,nl,google_books,series,MISSING,no
MB-162,9789026356520,nl,google_books,series_position,MISSING,no
MB-162,9789026356520,nl,google_books,subjects,MISSING,no
MB-162,9789026356520,nl,wikidata,isbn_exact,MISSING,no
MB-162,9789026356520,nl,wikidata,title,MISSING,no
MB-162,9789026356520,nl,wikidata,subtitle,MISSING,no
MB-162,9789026356520,nl,wikidata,authors,MISSING,no
MB-162,9789026356520,nl,wikidata,language,MISSING,no
MB-162,9789026356520,nl,wikidata,publisher,MISSING,no
MB-162,9789026356520,nl,wikidata,publication_date,MISSING,no
MB-162,9789026356520,nl,wikidata,page_count,MISSING,no
MB-162,9789026356520,nl,wikidata,cover,MISSING,no
MB-162,9789026356520,nl,wikidata,work_link,MISSING,no
MB-162,9789026356520,nl,wikidata,series,MISSING,no
MB-162,9789026356520,nl,wikidata,series_position,MISSING,no
MB-162,9789026356520,nl,wikidata,subjects,MISSING,no
MB-162,9789026356520,nl,bookbrainz,isbn_exact,MISSING,no
MB-162,9789026356520,nl,bookbrainz,title,MISSING,no
MB-162,9789026356520,nl,bookbrainz,subtitle,MISSING,no
MB-162,9789026356520,nl,bookbrainz,authors,MISSING,no
MB-162,9789026356520,nl,bookbrainz,language,MISSING,no
MB-162,9789026356520,nl,bookbrainz,publisher,MISSING,no
MB-162,9789026356520,nl,bookbrainz,publication_date,MISSING,no
MB-162,9789026356520,nl,bookbrainz,page_count,MISSING,no
MB-162,9789026356520,nl,bookbrainz,cover,MISSING,no
MB-162,9789026356520,nl,bookbrainz,work_link,MISSING,no
MB-162,9789026356520,nl,bookbrainz,series,MISSING,no
MB-162,9789026356520,nl,bookbrainz,series_position,MISSING,no
MB-162,9789026356520,nl,bookbrainz,subjects,MISSING,no
MB-163,9789026357701,nl,open_library,isbn_exact,MISSING,no
MB-163,9789026357701,nl,open_library,title,MISSING,no
MB-163,9789026357701,nl,open_library,subtitle,MISSING,no
MB-163,9789026357701,nl,open_library,authors,MISSING,no
MB-163,9789026357701,nl,open_library,language,MISSING,no
MB-163,9789026357701,nl,open_library,publisher,MISSING,no
MB-163,9789026357701,nl,open_library,publication_date,MISSING,no
MB-163,9789026357701,nl,open_library,page_count,MISSING,no
MB-163,9789026357701,nl,open_library,cover,MISSING,no
MB-163,9789026357701,nl,open_library,work_link,MISSING,no
MB-163,9789026357701,nl,open_library,series,MISSING,no
MB-163,9789026357701,nl,open_library,series_position,MISSING,no
MB-163,9789026357701,nl,open_library,subjects,MISSING,no
MB-163,9789026357701,nl,google_books,isbn_exact,CORRECT,no
MB-163,9789026357701,nl,google_books,title,CORRECT,no
MB-163,9789026357701,nl,google_books,subtitle,MISSING,no
MB-163,9789026357701,nl,google_books,authors,CORRECT,no
MB-163,9789026357701,nl,google_books,language,CORRECT,no
MB-163,9789026357701,nl,google_books,publisher,MISSING,no
MB-163,9789026357701,nl,google_books,publication_date,CORRECT,no
MB-163,9789026357701,nl,google_books,page_count,MISSING,no
MB-163,9789026357701,nl,google_books,cover,MISSING,no
MB-163,9789026357701,nl,google_books,work_link,MISSING,no
MB-163,9789026357701,nl,google_books,series,MISSING,no
MB-163,9789026357701,nl,google_books,series_position,MISSING,no
MB-163,9789026357701,nl,google_books,subjects,MISSING,no
MB-163,9789026357701,nl,wikidata,isbn_exact,MISSING,no
MB-163,9789026357701,nl,wikidata,title,MISSING,no
MB-163,9789026357701,nl,wikidata,subtitle,MISSING,no
MB-163,9789026357701,nl,wikidata,authors,MISSING,no
MB-163,9789026357701,nl,wikidata,language,MISSING,no
MB-163,9789026357701,nl,wikidata,publisher,MISSING,no
MB-163,9789026357701,nl,wikidata,publication_date,MISSING,no
MB-163,9789026357701,nl,wikidata,page_count,MISSING,no
MB-163,9789026357701,nl,wikidata,cover,MISSING,no
MB-163,9789026357701,nl,wikidata,work_link,MISSING,no
MB-163,9789026357701,nl,wikidata,series,MISSING,no
MB-163,9789026357701,nl,wikidata,series_position,MISSING,no
MB-163,9789026357701,nl,wikidata,subjects,MISSING,no
MB-163,9789026357701,nl,bookbrainz,isbn_exact,MISSING,no
MB-163,9789026357701,nl,bookbrainz,title,MISSING,no
MB-163,9789026357701,nl,bookbrainz,subtitle,MISSING,no
MB-163,9789026357701,nl,bookbrainz,authors,MISSING,no
MB-163,9789026357701,nl,bookbrainz,language,MISSING,no
MB-163,9789026357701,nl,bookbrainz,publisher,MISSING,no
MB-163,9789026357701,nl,bookbrainz,publication_date,MISSING,no
MB-163,9789026357701,nl,bookbrainz,page_count,MISSING,no
MB-163,9789026357701,nl,bookbrainz,cover,MISSING,no
MB-163,9789026357701,nl,bookbrainz,work_link,MISSING,no
MB-163,9789026357701,nl,bookbrainz,series,MISSING,no
MB-163,9789026357701,nl,bookbrainz,series_position,MISSING,no
MB-163,9789026357701,nl,bookbrainz,subjects,MISSING,no
MB-164,9789027473240,nl,open_library,isbn_exact,MISSING,no
MB-164,9789027473240,nl,open_library,title,MISSING,no
MB-164,9789027473240,nl,open_library,subtitle,MISSING,no
MB-164,9789027473240,nl,open_library,authors,MISSING,no
MB-164,9789027473240,nl,open_library,language,MISSING,no
MB-164,9789027473240,nl,open_library,publisher,MISSING,no
MB-164,9789027473240,nl,open_library,publication_date,MISSING,no
MB-164,9789027473240,nl,open_library,page_count,MISSING,no
MB-164,9789027473240,nl,open_library,cover,MISSING,no
MB-164,9789027473240,nl,open_library,work_link,MISSING,no
MB-164,9789027473240,nl,open_library,series,MISSING,no
MB-164,9789027473240,nl,open_library,series_position,MISSING,no
MB-164,9789027473240,nl,open_library,subjects,MISSING,no
MB-164,9789027473240,nl,google_books,isbn_exact,CORRECT,no
MB-164,9789027473240,nl,google_books,title,CORRECT,no
MB-164,9789027473240,nl,google_books,subtitle,MISSING,no
MB-164,9789027473240,nl,google_books,authors,CORRECT,no
MB-164,9789027473240,nl,google_books,language,CORRECT,no
MB-164,9789027473240,nl,google_books,publisher,MISSING,no
MB-164,9789027473240,nl,google_books,publication_date,CORRECT,no
MB-164,9789027473240,nl,google_books,page_count,CORRECT,no
MB-164,9789027473240,nl,google_books,cover,MISSING,no
MB-164,9789027473240,nl,google_books,work_link,MISSING,no
MB-164,9789027473240,nl,google_books,series,MISSING,no
MB-164,9789027473240,nl,google_books,series_position,MISSING,no
MB-164,9789027473240,nl,google_books,subjects,CORRECT,no
MB-164,9789027473240,nl,wikidata,isbn_exact,MISSING,no
MB-164,9789027473240,nl,wikidata,title,MISSING,no
MB-164,9789027473240,nl,wikidata,subtitle,MISSING,no
MB-164,9789027473240,nl,wikidata,authors,MISSING,no
MB-164,9789027473240,nl,wikidata,language,MISSING,no
MB-164,9789027473240,nl,wikidata,publisher,MISSING,no
MB-164,9789027473240,nl,wikidata,publication_date,MISSING,no
MB-164,9789027473240,nl,wikidata,page_count,MISSING,no
MB-164,9789027473240,nl,wikidata,cover,MISSING,no
MB-164,9789027473240,nl,wikidata,work_link,MISSING,no
MB-164,9789027473240,nl,wikidata,series,MISSING,no
MB-164,9789027473240,nl,wikidata,series_position,MISSING,no
MB-164,9789027473240,nl,wikidata,subjects,MISSING,no
MB-164,9789027473240,nl,bookbrainz,isbn_exact,MISSING,no
MB-164,9789027473240,nl,bookbrainz,title,MISSING,no
MB-164,9789027473240,nl,bookbrainz,subtitle,MISSING,no
MB-164,9789027473240,nl,bookbrainz,authors,MISSING,no
MB-164,9789027473240,nl,bookbrainz,language,MISSING,no
MB-164,9789027473240,nl,bookbrainz,publisher,MISSING,no
MB-164,9789027473240,nl,bookbrainz,publication_date,MISSING,no
MB-164,9789027473240,nl,bookbrainz,page_count,MISSING,no
MB-164,9789027473240,nl,bookbrainz,cover,MISSING,no
MB-164,9789027473240,nl,bookbrainz,work_link,MISSING,no
MB-164,9789027473240,nl,bookbrainz,series,MISSING,no
MB-164,9789027473240,nl,bookbrainz,series_position,MISSING,no
MB-164,9789027473240,nl,bookbrainz,subjects,MISSING,no
MB-165,9789027483966,nl,open_library,isbn_exact,CORRECT,no
MB-165,9789027483966,nl,open_library,title,CORRECT,no
MB-165,9789027483966,nl,open_library,subtitle,MISSING,no
MB-165,9789027483966,nl,open_library,authors,MISSING,no
MB-165,9789027483966,nl,open_library,language,CORRECT,no
MB-165,9789027483966,nl,open_library,publisher,CORRECT,no
MB-165,9789027483966,nl,open_library,publication_date,CORRECT,no
MB-165,9789027483966,nl,open_library,page_count,MISSING,no
MB-165,9789027483966,nl,open_library,cover,CORRECT,no
MB-165,9789027483966,nl,open_library,work_link,CORRECT,no
MB-165,9789027483966,nl,open_library,series,MISSING,no
MB-165,9789027483966,nl,open_library,series_position,MISSING,no
MB-165,9789027483966,nl,open_library,subjects,MISSING,no
MB-165,9789027483966,nl,google_books,isbn_exact,CORRECT,no
MB-165,9789027483966,nl,google_books,title,CORRECT,no
MB-165,9789027483966,nl,google_books,subtitle,MISSING,no
MB-165,9789027483966,nl,google_books,authors,UNVERIFIABLE,no
MB-165,9789027483966,nl,google_books,language,CORRECT,no
MB-165,9789027483966,nl,google_books,publisher,MISSING,no
MB-165,9789027483966,nl,google_books,publication_date,INCORRECT,no
MB-165,9789027483966,nl,google_books,page_count,UNVERIFIABLE,no
MB-165,9789027483966,nl,google_books,cover,MISSING,no
MB-165,9789027483966,nl,google_books,work_link,MISSING,no
MB-165,9789027483966,nl,google_books,series,MISSING,no
MB-165,9789027483966,nl,google_books,series_position,MISSING,no
MB-165,9789027483966,nl,google_books,subjects,MISSING,no
MB-165,9789027483966,nl,wikidata,isbn_exact,MISSING,no
MB-165,9789027483966,nl,wikidata,title,MISSING,no
MB-165,9789027483966,nl,wikidata,subtitle,MISSING,no
MB-165,9789027483966,nl,wikidata,authors,MISSING,no
MB-165,9789027483966,nl,wikidata,language,MISSING,no
MB-165,9789027483966,nl,wikidata,publisher,MISSING,no
MB-165,9789027483966,nl,wikidata,publication_date,MISSING,no
MB-165,9789027483966,nl,wikidata,page_count,MISSING,no
MB-165,9789027483966,nl,wikidata,cover,MISSING,no
MB-165,9789027483966,nl,wikidata,work_link,MISSING,no
MB-165,9789027483966,nl,wikidata,series,MISSING,no
MB-165,9789027483966,nl,wikidata,series_position,MISSING,no
MB-165,9789027483966,nl,wikidata,subjects,MISSING,no
MB-165,9789027483966,nl,bookbrainz,isbn_exact,MISSING,no
MB-165,9789027483966,nl,bookbrainz,title,MISSING,no
MB-165,9789027483966,nl,bookbrainz,subtitle,MISSING,no
MB-165,9789027483966,nl,bookbrainz,authors,MISSING,no
MB-165,9789027483966,nl,bookbrainz,language,MISSING,no
MB-165,9789027483966,nl,bookbrainz,publisher,MISSING,no
MB-165,9789027483966,nl,bookbrainz,publication_date,MISSING,no
MB-165,9789027483966,nl,bookbrainz,page_count,MISSING,no
MB-165,9789027483966,nl,bookbrainz,cover,MISSING,no
MB-165,9789027483966,nl,bookbrainz,work_link,MISSING,no
MB-165,9789027483966,nl,bookbrainz,series,MISSING,no
MB-165,9789027483966,nl,bookbrainz,series_position,MISSING,no
MB-165,9789027483966,nl,bookbrainz,subjects,MISSING,no
MB-166,9789028419247,nl,open_library,isbn_exact,CORRECT,no
MB-166,9789028419247,nl,open_library,title,CORRECT,no
MB-166,9789028419247,nl,open_library,subtitle,MISSING,no
MB-166,9789028419247,nl,open_library,authors,CORRECT,no
MB-166,9789028419247,nl,open_library,language,CORRECT,no
MB-166,9789028419247,nl,open_library,publisher,CORRECT,no
MB-166,9789028419247,nl,open_library,publication_date,CORRECT,no
MB-166,9789028419247,nl,open_library,page_count,CORRECT,no
MB-166,9789028419247,nl,open_library,cover,CORRECT,no
MB-166,9789028419247,nl,open_library,work_link,CORRECT,no
MB-166,9789028419247,nl,open_library,series,MISSING,no
MB-166,9789028419247,nl,open_library,series_position,MISSING,no
MB-166,9789028419247,nl,open_library,subjects,MISSING,no
MB-166,9789028419247,nl,google_books,isbn_exact,CORRECT,no
MB-166,9789028419247,nl,google_books,title,CORRECT,no
MB-166,9789028419247,nl,google_books,subtitle,MISSING,no
MB-166,9789028419247,nl,google_books,authors,CORRECT,no
MB-166,9789028419247,nl,google_books,language,CORRECT,no
MB-166,9789028419247,nl,google_books,publisher,MISSING,no
MB-166,9789028419247,nl,google_books,publication_date,CORRECT,no
MB-166,9789028419247,nl,google_books,page_count,CORRECT,no
MB-166,9789028419247,nl,google_books,cover,MISSING,no
MB-166,9789028419247,nl,google_books,work_link,MISSING,no
MB-166,9789028419247,nl,google_books,series,MISSING,no
MB-166,9789028419247,nl,google_books,series_position,MISSING,no
MB-166,9789028419247,nl,google_books,subjects,CORRECT,no
MB-166,9789028419247,nl,wikidata,isbn_exact,MISSING,no
MB-166,9789028419247,nl,wikidata,title,MISSING,no
MB-166,9789028419247,nl,wikidata,subtitle,MISSING,no
MB-166,9789028419247,nl,wikidata,authors,MISSING,no
MB-166,9789028419247,nl,wikidata,language,MISSING,no
MB-166,9789028419247,nl,wikidata,publisher,MISSING,no
MB-166,9789028419247,nl,wikidata,publication_date,MISSING,no
MB-166,9789028419247,nl,wikidata,page_count,MISSING,no
MB-166,9789028419247,nl,wikidata,cover,MISSING,no
MB-166,9789028419247,nl,wikidata,work_link,MISSING,no
MB-166,9789028419247,nl,wikidata,series,MISSING,no
MB-166,9789028419247,nl,wikidata,series_position,MISSING,no
MB-166,9789028419247,nl,wikidata,subjects,MISSING,no
MB-166,9789028419247,nl,bookbrainz,isbn_exact,MISSING,no
MB-166,9789028419247,nl,bookbrainz,title,MISSING,no
MB-166,9789028419247,nl,bookbrainz,subtitle,MISSING,no
MB-166,9789028419247,nl,bookbrainz,authors,MISSING,no
MB-166,9789028419247,nl,bookbrainz,language,MISSING,no
MB-166,9789028419247,nl,bookbrainz,publisher,MISSING,no
MB-166,9789028419247,nl,bookbrainz,publication_date,MISSING,no
MB-166,9789028419247,nl,bookbrainz,page_count,MISSING,no
MB-166,9789028419247,nl,bookbrainz,cover,MISSING,no
MB-166,9789028419247,nl,bookbrainz,work_link,MISSING,no
MB-166,9789028419247,nl,bookbrainz,series,MISSING,no
MB-166,9789028419247,nl,bookbrainz,series_position,MISSING,no
MB-166,9789028419247,nl,bookbrainz,subjects,MISSING,no
MB-167,9789029058988,nl,open_library,isbn_exact,MISSING,no
MB-167,9789029058988,nl,open_library,title,MISSING,no
MB-167,9789029058988,nl,open_library,subtitle,MISSING,no
MB-167,9789029058988,nl,open_library,authors,MISSING,no
MB-167,9789029058988,nl,open_library,language,MISSING,no
MB-167,9789029058988,nl,open_library,publisher,MISSING,no
MB-167,9789029058988,nl,open_library,publication_date,MISSING,no
MB-167,9789029058988,nl,open_library,page_count,MISSING,no
MB-167,9789029058988,nl,open_library,cover,MISSING,no
MB-167,9789029058988,nl,open_library,work_link,MISSING,no
MB-167,9789029058988,nl,open_library,series,MISSING,no
MB-167,9789029058988,nl,open_library,series_position,MISSING,no
MB-167,9789029058988,nl,open_library,subjects,MISSING,no
MB-167,9789029058988,nl,google_books,isbn_exact,CORRECT,no
MB-167,9789029058988,nl,google_books,title,CORRECT,no
MB-167,9789029058988,nl,google_books,subtitle,UNVERIFIABLE,no
MB-167,9789029058988,nl,google_books,authors,CORRECT,no
MB-167,9789029058988,nl,google_books,language,CORRECT,no
MB-167,9789029058988,nl,google_books,publisher,MISSING,no
MB-167,9789029058988,nl,google_books,publication_date,CORRECT,no
MB-167,9789029058988,nl,google_books,page_count,CORRECT,no
MB-167,9789029058988,nl,google_books,cover,MISSING,no
MB-167,9789029058988,nl,google_books,work_link,MISSING,no
MB-167,9789029058988,nl,google_books,series,MISSING,no
MB-167,9789029058988,nl,google_books,series_position,MISSING,no
MB-167,9789029058988,nl,google_books,subjects,MISSING,no
MB-167,9789029058988,nl,wikidata,isbn_exact,MISSING,no
MB-167,9789029058988,nl,wikidata,title,MISSING,no
MB-167,9789029058988,nl,wikidata,subtitle,MISSING,no
MB-167,9789029058988,nl,wikidata,authors,MISSING,no
MB-167,9789029058988,nl,wikidata,language,MISSING,no
MB-167,9789029058988,nl,wikidata,publisher,MISSING,no
MB-167,9789029058988,nl,wikidata,publication_date,MISSING,no
MB-167,9789029058988,nl,wikidata,page_count,MISSING,no
MB-167,9789029058988,nl,wikidata,cover,MISSING,no
MB-167,9789029058988,nl,wikidata,work_link,MISSING,no
MB-167,9789029058988,nl,wikidata,series,MISSING,no
MB-167,9789029058988,nl,wikidata,series_position,MISSING,no
MB-167,9789029058988,nl,wikidata,subjects,MISSING,no
MB-167,9789029058988,nl,bookbrainz,isbn_exact,MISSING,no
MB-167,9789029058988,nl,bookbrainz,title,MISSING,no
MB-167,9789029058988,nl,bookbrainz,subtitle,MISSING,no
MB-167,9789029058988,nl,bookbrainz,authors,MISSING,no
MB-167,9789029058988,nl,bookbrainz,language,MISSING,no
MB-167,9789029058988,nl,bookbrainz,publisher,MISSING,no
MB-167,9789029058988,nl,bookbrainz,publication_date,MISSING,no
MB-167,9789029058988,nl,bookbrainz,page_count,MISSING,no
MB-167,9789029058988,nl,bookbrainz,cover,MISSING,no
MB-167,9789029058988,nl,bookbrainz,work_link,MISSING,no
MB-167,9789029058988,nl,bookbrainz,series,MISSING,no
MB-167,9789029058988,nl,bookbrainz,series_position,MISSING,no
MB-167,9789029058988,nl,bookbrainz,subjects,MISSING,no
MB-168,9789029092968,nl,open_library,isbn_exact,CORRECT,no
MB-168,9789029092968,nl,open_library,title,CORRECT,no
MB-168,9789029092968,nl,open_library,subtitle,MISSING,no
MB-168,9789029092968,nl,open_library,authors,MISSING,no
MB-168,9789029092968,nl,open_library,language,CORRECT,no
MB-168,9789029092968,nl,open_library,publisher,CORRECT,no
MB-168,9789029092968,nl,open_library,publication_date,CORRECT,no
MB-168,9789029092968,nl,open_library,page_count,CORRECT,no
MB-168,9789029092968,nl,open_library,cover,CORRECT,no
MB-168,9789029092968,nl,open_library,work_link,CORRECT,no
MB-168,9789029092968,nl,open_library,series,MISSING,no
MB-168,9789029092968,nl,open_library,series_position,MISSING,no
MB-168,9789029092968,nl,open_library,subjects,MISSING,no
MB-168,9789029092968,nl,google_books,isbn_exact,CORRECT,no
MB-168,9789029092968,nl,google_books,title,CORRECT,no
MB-168,9789029092968,nl,google_books,subtitle,UNVERIFIABLE,no
MB-168,9789029092968,nl,google_books,authors,CORRECT,no
MB-168,9789029092968,nl,google_books,language,CORRECT,no
MB-168,9789029092968,nl,google_books,publisher,MISSING,no
MB-168,9789029092968,nl,google_books,publication_date,CORRECT,no
MB-168,9789029092968,nl,google_books,page_count,MISSING,no
MB-168,9789029092968,nl,google_books,cover,MISSING,no
MB-168,9789029092968,nl,google_books,work_link,MISSING,no
MB-168,9789029092968,nl,google_books,series,MISSING,no
MB-168,9789029092968,nl,google_books,series_position,MISSING,no
MB-168,9789029092968,nl,google_books,subjects,MISSING,no
MB-168,9789029092968,nl,wikidata,isbn_exact,MISSING,no
MB-168,9789029092968,nl,wikidata,title,MISSING,no
MB-168,9789029092968,nl,wikidata,subtitle,MISSING,no
MB-168,9789029092968,nl,wikidata,authors,MISSING,no
MB-168,9789029092968,nl,wikidata,language,MISSING,no
MB-168,9789029092968,nl,wikidata,publisher,MISSING,no
MB-168,9789029092968,nl,wikidata,publication_date,MISSING,no
MB-168,9789029092968,nl,wikidata,page_count,MISSING,no
MB-168,9789029092968,nl,wikidata,cover,MISSING,no
MB-168,9789029092968,nl,wikidata,work_link,MISSING,no
MB-168,9789029092968,nl,wikidata,series,MISSING,no
MB-168,9789029092968,nl,wikidata,series_position,MISSING,no
MB-168,9789029092968,nl,wikidata,subjects,MISSING,no
MB-168,9789029092968,nl,bookbrainz,isbn_exact,MISSING,no
MB-168,9789029092968,nl,bookbrainz,title,MISSING,no
MB-168,9789029092968,nl,bookbrainz,subtitle,MISSING,no
MB-168,9789029092968,nl,bookbrainz,authors,MISSING,no
MB-168,9789029092968,nl,bookbrainz,language,MISSING,no
MB-168,9789029092968,nl,bookbrainz,publisher,MISSING,no
MB-168,9789029092968,nl,bookbrainz,publication_date,MISSING,no
MB-168,9789029092968,nl,bookbrainz,page_count,MISSING,no
MB-168,9789029092968,nl,bookbrainz,cover,MISSING,no
MB-168,9789029092968,nl,bookbrainz,work_link,MISSING,no
MB-168,9789029092968,nl,bookbrainz,series,MISSING,no
MB-168,9789029092968,nl,bookbrainz,series_position,MISSING,no
MB-168,9789029092968,nl,bookbrainz,subjects,MISSING,no
MB-169,9789029093743,nl,open_library,isbn_exact,MISSING,no
MB-169,9789029093743,nl,open_library,title,MISSING,no
MB-169,9789029093743,nl,open_library,subtitle,MISSING,no
MB-169,9789029093743,nl,open_library,authors,MISSING,no
MB-169,9789029093743,nl,open_library,language,MISSING,no
MB-169,9789029093743,nl,open_library,publisher,MISSING,no
MB-169,9789029093743,nl,open_library,publication_date,MISSING,no
MB-169,9789029093743,nl,open_library,page_count,MISSING,no
MB-169,9789029093743,nl,open_library,cover,MISSING,no
MB-169,9789029093743,nl,open_library,work_link,MISSING,no
MB-169,9789029093743,nl,open_library,series,MISSING,no
MB-169,9789029093743,nl,open_library,series_position,MISSING,no
MB-169,9789029093743,nl,open_library,subjects,MISSING,no
MB-169,9789029093743,nl,google_books,isbn_exact,CORRECT,no
MB-169,9789029093743,nl,google_books,title,CORRECT,no
MB-169,9789029093743,nl,google_books,subtitle,UNVERIFIABLE,no
MB-169,9789029093743,nl,google_books,authors,CORRECT,no
MB-169,9789029093743,nl,google_books,language,CORRECT,no
MB-169,9789029093743,nl,google_books,publisher,MISSING,no
MB-169,9789029093743,nl,google_books,publication_date,CORRECT,no
MB-169,9789029093743,nl,google_books,page_count,MISSING,no
MB-169,9789029093743,nl,google_books,cover,MISSING,no
MB-169,9789029093743,nl,google_books,work_link,MISSING,no
MB-169,9789029093743,nl,google_books,series,MISSING,no
MB-169,9789029093743,nl,google_books,series_position,MISSING,no
MB-169,9789029093743,nl,google_books,subjects,MISSING,no
MB-169,9789029093743,nl,wikidata,isbn_exact,MISSING,no
MB-169,9789029093743,nl,wikidata,title,MISSING,no
MB-169,9789029093743,nl,wikidata,subtitle,MISSING,no
MB-169,9789029093743,nl,wikidata,authors,MISSING,no
MB-169,9789029093743,nl,wikidata,language,MISSING,no
MB-169,9789029093743,nl,wikidata,publisher,MISSING,no
MB-169,9789029093743,nl,wikidata,publication_date,MISSING,no
MB-169,9789029093743,nl,wikidata,page_count,MISSING,no
MB-169,9789029093743,nl,wikidata,cover,MISSING,no
MB-169,9789029093743,nl,wikidata,work_link,MISSING,no
MB-169,9789029093743,nl,wikidata,series,MISSING,no
MB-169,9789029093743,nl,wikidata,series_position,MISSING,no
MB-169,9789029093743,nl,wikidata,subjects,MISSING,no
MB-169,9789029093743,nl,bookbrainz,isbn_exact,MISSING,no
MB-169,9789029093743,nl,bookbrainz,title,MISSING,no
MB-169,9789029093743,nl,bookbrainz,subtitle,MISSING,no
MB-169,9789029093743,nl,bookbrainz,authors,MISSING,no
MB-169,9789029093743,nl,bookbrainz,language,MISSING,no
MB-169,9789029093743,nl,bookbrainz,publisher,MISSING,no
MB-169,9789029093743,nl,bookbrainz,publication_date,MISSING,no
MB-169,9789029093743,nl,bookbrainz,page_count,MISSING,no
MB-169,9789029093743,nl,bookbrainz,cover,MISSING,no
MB-169,9789029093743,nl,bookbrainz,work_link,MISSING,no
MB-169,9789029093743,nl,bookbrainz,series,MISSING,no
MB-169,9789029093743,nl,bookbrainz,series_position,MISSING,no
MB-169,9789029093743,nl,bookbrainz,subjects,MISSING,no
MB-170,9789029522069,nl,open_library,isbn_exact,MISSING,no
MB-170,9789029522069,nl,open_library,title,MISSING,no
MB-170,9789029522069,nl,open_library,subtitle,MISSING,no
MB-170,9789029522069,nl,open_library,authors,MISSING,no
MB-170,9789029522069,nl,open_library,language,MISSING,no
MB-170,9789029522069,nl,open_library,publisher,MISSING,no
MB-170,9789029522069,nl,open_library,publication_date,MISSING,no
MB-170,9789029522069,nl,open_library,page_count,MISSING,no
MB-170,9789029522069,nl,open_library,cover,MISSING,no
MB-170,9789029522069,nl,open_library,work_link,MISSING,no
MB-170,9789029522069,nl,open_library,series,MISSING,no
MB-170,9789029522069,nl,open_library,series_position,MISSING,no
MB-170,9789029522069,nl,open_library,subjects,MISSING,no
MB-170,9789029522069,nl,google_books,isbn_exact,CORRECT,no
MB-170,9789029522069,nl,google_books,title,CORRECT,no
MB-170,9789029522069,nl,google_books,subtitle,MISSING,no
MB-170,9789029522069,nl,google_books,authors,CORRECT,no
MB-170,9789029522069,nl,google_books,language,CORRECT,no
MB-170,9789029522069,nl,google_books,publisher,MISSING,no
MB-170,9789029522069,nl,google_books,publication_date,CORRECT,no
MB-170,9789029522069,nl,google_books,page_count,CORRECT,no
MB-170,9789029522069,nl,google_books,cover,MISSING,no
MB-170,9789029522069,nl,google_books,work_link,MISSING,no
MB-170,9789029522069,nl,google_books,series,MISSING,no
MB-170,9789029522069,nl,google_books,series_position,MISSING,no
MB-170,9789029522069,nl,google_books,subjects,CORRECT,no
MB-170,9789029522069,nl,wikidata,isbn_exact,MISSING,no
MB-170,9789029522069,nl,wikidata,title,MISSING,no
MB-170,9789029522069,nl,wikidata,subtitle,MISSING,no
MB-170,9789029522069,nl,wikidata,authors,MISSING,no
MB-170,9789029522069,nl,wikidata,language,MISSING,no
MB-170,9789029522069,nl,wikidata,publisher,MISSING,no
MB-170,9789029522069,nl,wikidata,publication_date,MISSING,no
MB-170,9789029522069,nl,wikidata,page_count,MISSING,no
MB-170,9789029522069,nl,wikidata,cover,MISSING,no
MB-170,9789029522069,nl,wikidata,work_link,MISSING,no
MB-170,9789029522069,nl,wikidata,series,MISSING,no
MB-170,9789029522069,nl,wikidata,series_position,MISSING,no
MB-170,9789029522069,nl,wikidata,subjects,MISSING,no
MB-170,9789029522069,nl,bookbrainz,isbn_exact,MISSING,no
MB-170,9789029522069,nl,bookbrainz,title,MISSING,no
MB-170,9789029522069,nl,bookbrainz,subtitle,MISSING,no
MB-170,9789029522069,nl,bookbrainz,authors,MISSING,no
MB-170,9789029522069,nl,bookbrainz,language,MISSING,no
MB-170,9789029522069,nl,bookbrainz,publisher,MISSING,no
MB-170,9789029522069,nl,bookbrainz,publication_date,MISSING,no
MB-170,9789029522069,nl,bookbrainz,page_count,MISSING,no
MB-170,9789029522069,nl,bookbrainz,cover,MISSING,no
MB-170,9789029522069,nl,bookbrainz,work_link,MISSING,no
MB-170,9789029522069,nl,bookbrainz,series,MISSING,no
MB-170,9789029522069,nl,bookbrainz,series_position,MISSING,no
MB-170,9789029522069,nl,bookbrainz,subjects,MISSING,no
MB-171,9789029542326,nl,open_library,isbn_exact,CORRECT,no
MB-171,9789029542326,nl,open_library,title,CORRECT,no
MB-171,9789029542326,nl,open_library,subtitle,UNVERIFIABLE,no
MB-171,9789029542326,nl,open_library,authors,CORRECT,no
MB-171,9789029542326,nl,open_library,language,CORRECT,no
MB-171,9789029542326,nl,open_library,publisher,CORRECT,no
MB-171,9789029542326,nl,open_library,publication_date,CORRECT,no
MB-171,9789029542326,nl,open_library,page_count,CORRECT,no
MB-171,9789029542326,nl,open_library,cover,MISSING,no
MB-171,9789029542326,nl,open_library,work_link,CORRECT,no
MB-171,9789029542326,nl,open_library,series,MISSING,no
MB-171,9789029542326,nl,open_library,series_position,MISSING,no
MB-171,9789029542326,nl,open_library,subjects,MISSING,no
MB-171,9789029542326,nl,google_books,isbn_exact,CORRECT,no
MB-171,9789029542326,nl,google_books,title,CORRECT,no
MB-171,9789029542326,nl,google_books,subtitle,MISSING,no
MB-171,9789029542326,nl,google_books,authors,CORRECT,no
MB-171,9789029542326,nl,google_books,language,CORRECT,no
MB-171,9789029542326,nl,google_books,publisher,MISSING,no
MB-171,9789029542326,nl,google_books,publication_date,CORRECT,no
MB-171,9789029542326,nl,google_books,page_count,INCORRECT,no
MB-171,9789029542326,nl,google_books,cover,MISSING,no
MB-171,9789029542326,nl,google_books,work_link,MISSING,no
MB-171,9789029542326,nl,google_books,series,MISSING,no
MB-171,9789029542326,nl,google_books,series_position,MISSING,no
MB-171,9789029542326,nl,google_books,subjects,MISSING,no
MB-171,9789029542326,nl,wikidata,isbn_exact,MISSING,no
MB-171,9789029542326,nl,wikidata,title,MISSING,no
MB-171,9789029542326,nl,wikidata,subtitle,MISSING,no
MB-171,9789029542326,nl,wikidata,authors,MISSING,no
MB-171,9789029542326,nl,wikidata,language,MISSING,no
MB-171,9789029542326,nl,wikidata,publisher,MISSING,no
MB-171,9789029542326,nl,wikidata,publication_date,MISSING,no
MB-171,9789029542326,nl,wikidata,page_count,MISSING,no
MB-171,9789029542326,nl,wikidata,cover,MISSING,no
MB-171,9789029542326,nl,wikidata,work_link,MISSING,no
MB-171,9789029542326,nl,wikidata,series,MISSING,no
MB-171,9789029542326,nl,wikidata,series_position,MISSING,no
MB-171,9789029542326,nl,wikidata,subjects,MISSING,no
MB-171,9789029542326,nl,bookbrainz,isbn_exact,MISSING,no
MB-171,9789029542326,nl,bookbrainz,title,MISSING,no
MB-171,9789029542326,nl,bookbrainz,subtitle,MISSING,no
MB-171,9789029542326,nl,bookbrainz,authors,MISSING,no
MB-171,9789029542326,nl,bookbrainz,language,MISSING,no
MB-171,9789029542326,nl,bookbrainz,publisher,MISSING,no
MB-171,9789029542326,nl,bookbrainz,publication_date,MISSING,no
MB-171,9789029542326,nl,bookbrainz,page_count,MISSING,no
MB-171,9789029542326,nl,bookbrainz,cover,MISSING,no
MB-171,9789029542326,nl,bookbrainz,work_link,MISSING,no
MB-171,9789029542326,nl,bookbrainz,series,MISSING,no
MB-171,9789029542326,nl,bookbrainz,series_position,MISSING,no
MB-171,9789029542326,nl,bookbrainz,subjects,MISSING,no
MB-172,9789041413680,nl,open_library,isbn_exact,CORRECT,no
MB-172,9789041413680,nl,open_library,title,CORRECT,no
MB-172,9789041413680,nl,open_library,subtitle,MISSING,no
MB-172,9789041413680,nl,open_library,authors,CORRECT,no
MB-172,9789041413680,nl,open_library,language,CORRECT,no
MB-172,9789041413680,nl,open_library,publisher,CORRECT,no
MB-172,9789041413680,nl,open_library,publication_date,CORRECT,no
MB-172,9789041413680,nl,open_library,page_count,CORRECT,no
MB-172,9789041413680,nl,open_library,cover,CORRECT,no
MB-172,9789041413680,nl,open_library,work_link,CORRECT,no
MB-172,9789041413680,nl,open_library,series,MISSING,no
MB-172,9789041413680,nl,open_library,series_position,MISSING,no
MB-172,9789041413680,nl,open_library,subjects,MISSING,no
MB-172,9789041413680,nl,google_books,isbn_exact,INCORRECT,no
MB-172,9789041413680,nl,google_books,title,CORRECT,no
MB-172,9789041413680,nl,google_books,subtitle,MISSING,no
MB-172,9789041413680,nl,google_books,authors,CORRECT,no
MB-172,9789041413680,nl,google_books,language,CORRECT,no
MB-172,9789041413680,nl,google_books,publisher,MISSING,no
MB-172,9789041413680,nl,google_books,publication_date,CORRECT,no
MB-172,9789041413680,nl,google_books,page_count,INCORRECT,no
MB-172,9789041413680,nl,google_books,cover,CORRECT,no
MB-172,9789041413680,nl,google_books,work_link,MISSING,no
MB-172,9789041413680,nl,google_books,series,MISSING,no
MB-172,9789041413680,nl,google_books,series_position,MISSING,no
MB-172,9789041413680,nl,google_books,subjects,CORRECT,no
MB-172,9789041413680,nl,wikidata,isbn_exact,MISSING,no
MB-172,9789041413680,nl,wikidata,title,MISSING,no
MB-172,9789041413680,nl,wikidata,subtitle,MISSING,no
MB-172,9789041413680,nl,wikidata,authors,MISSING,no
MB-172,9789041413680,nl,wikidata,language,MISSING,no
MB-172,9789041413680,nl,wikidata,publisher,MISSING,no
MB-172,9789041413680,nl,wikidata,publication_date,MISSING,no
MB-172,9789041413680,nl,wikidata,page_count,MISSING,no
MB-172,9789041413680,nl,wikidata,cover,MISSING,no
MB-172,9789041413680,nl,wikidata,work_link,MISSING,no
MB-172,9789041413680,nl,wikidata,series,MISSING,no
MB-172,9789041413680,nl,wikidata,series_position,MISSING,no
MB-172,9789041413680,nl,wikidata,subjects,MISSING,no
MB-172,9789041413680,nl,bookbrainz,isbn_exact,MISSING,no
MB-172,9789041413680,nl,bookbrainz,title,MISSING,no
MB-172,9789041413680,nl,bookbrainz,subtitle,MISSING,no
MB-172,9789041413680,nl,bookbrainz,authors,MISSING,no
MB-172,9789041413680,nl,bookbrainz,language,MISSING,no
MB-172,9789041413680,nl,bookbrainz,publisher,MISSING,no
MB-172,9789041413680,nl,bookbrainz,publication_date,MISSING,no
MB-172,9789041413680,nl,bookbrainz,page_count,MISSING,no
MB-172,9789041413680,nl,bookbrainz,cover,MISSING,no
MB-172,9789041413680,nl,bookbrainz,work_link,MISSING,no
MB-172,9789041413680,nl,bookbrainz,series,MISSING,no
MB-172,9789041413680,nl,bookbrainz,series_position,MISSING,no
MB-172,9789041413680,nl,bookbrainz,subjects,MISSING,no
MB-173,9789044334241,nl,open_library,isbn_exact,MISSING,no
MB-173,9789044334241,nl,open_library,title,MISSING,no
MB-173,9789044334241,nl,open_library,subtitle,MISSING,no
MB-173,9789044334241,nl,open_library,authors,MISSING,no
MB-173,9789044334241,nl,open_library,language,MISSING,no
MB-173,9789044334241,nl,open_library,publisher,MISSING,no
MB-173,9789044334241,nl,open_library,publication_date,MISSING,no
MB-173,9789044334241,nl,open_library,page_count,MISSING,no
MB-173,9789044334241,nl,open_library,cover,MISSING,no
MB-173,9789044334241,nl,open_library,work_link,MISSING,no
MB-173,9789044334241,nl,open_library,series,MISSING,no
MB-173,9789044334241,nl,open_library,series_position,MISSING,no
MB-173,9789044334241,nl,open_library,subjects,MISSING,no
MB-173,9789044334241,nl,google_books,isbn_exact,CORRECT,no
MB-173,9789044334241,nl,google_books,title,CORRECT,no
MB-173,9789044334241,nl,google_books,subtitle,MISSING,no
MB-173,9789044334241,nl,google_books,authors,CORRECT,no
MB-173,9789044334241,nl,google_books,language,CORRECT,no
MB-173,9789044334241,nl,google_books,publisher,MISSING,no
MB-173,9789044334241,nl,google_books,publication_date,CORRECT,no
MB-173,9789044334241,nl,google_books,page_count,CORRECT,no
MB-173,9789044334241,nl,google_books,cover,MISSING,no
MB-173,9789044334241,nl,google_books,work_link,MISSING,no
MB-173,9789044334241,nl,google_books,series,MISSING,no
MB-173,9789044334241,nl,google_books,series_position,MISSING,no
MB-173,9789044334241,nl,google_books,subjects,MISSING,no
MB-173,9789044334241,nl,wikidata,isbn_exact,MISSING,no
MB-173,9789044334241,nl,wikidata,title,MISSING,no
MB-173,9789044334241,nl,wikidata,subtitle,MISSING,no
MB-173,9789044334241,nl,wikidata,authors,MISSING,no
MB-173,9789044334241,nl,wikidata,language,MISSING,no
MB-173,9789044334241,nl,wikidata,publisher,MISSING,no
MB-173,9789044334241,nl,wikidata,publication_date,MISSING,no
MB-173,9789044334241,nl,wikidata,page_count,MISSING,no
MB-173,9789044334241,nl,wikidata,cover,MISSING,no
MB-173,9789044334241,nl,wikidata,work_link,MISSING,no
MB-173,9789044334241,nl,wikidata,series,MISSING,no
MB-173,9789044334241,nl,wikidata,series_position,MISSING,no
MB-173,9789044334241,nl,wikidata,subjects,MISSING,no
MB-173,9789044334241,nl,bookbrainz,isbn_exact,MISSING,no
MB-173,9789044334241,nl,bookbrainz,title,MISSING,no
MB-173,9789044334241,nl,bookbrainz,subtitle,MISSING,no
MB-173,9789044334241,nl,bookbrainz,authors,MISSING,no
MB-173,9789044334241,nl,bookbrainz,language,MISSING,no
MB-173,9789044334241,nl,bookbrainz,publisher,MISSING,no
MB-173,9789044334241,nl,bookbrainz,publication_date,MISSING,no
MB-173,9789044334241,nl,bookbrainz,page_count,MISSING,no
MB-173,9789044334241,nl,bookbrainz,cover,MISSING,no
MB-173,9789044334241,nl,bookbrainz,work_link,MISSING,no
MB-173,9789044334241,nl,bookbrainz,series,MISSING,no
MB-173,9789044334241,nl,bookbrainz,series_position,MISSING,no
MB-173,9789044334241,nl,bookbrainz,subjects,MISSING,no
MB-174,9789044649321,nl,open_library,isbn_exact,MISSING,no
MB-174,9789044649321,nl,open_library,title,MISSING,no
MB-174,9789044649321,nl,open_library,subtitle,MISSING,no
MB-174,9789044649321,nl,open_library,authors,MISSING,no
MB-174,9789044649321,nl,open_library,language,MISSING,no
MB-174,9789044649321,nl,open_library,publisher,MISSING,no
MB-174,9789044649321,nl,open_library,publication_date,MISSING,no
MB-174,9789044649321,nl,open_library,page_count,MISSING,no
MB-174,9789044649321,nl,open_library,cover,MISSING,no
MB-174,9789044649321,nl,open_library,work_link,MISSING,no
MB-174,9789044649321,nl,open_library,series,MISSING,no
MB-174,9789044649321,nl,open_library,series_position,MISSING,no
MB-174,9789044649321,nl,open_library,subjects,MISSING,no
MB-174,9789044649321,nl,google_books,isbn_exact,CORRECT,no
MB-174,9789044649321,nl,google_books,title,CORRECT,no
MB-174,9789044649321,nl,google_books,subtitle,MISSING,no
MB-174,9789044649321,nl,google_books,authors,CORRECT,no
MB-174,9789044649321,nl,google_books,language,CORRECT,no
MB-174,9789044649321,nl,google_books,publisher,MISSING,no
MB-174,9789044649321,nl,google_books,publication_date,CORRECT,no
MB-174,9789044649321,nl,google_books,page_count,CORRECT,no
MB-174,9789044649321,nl,google_books,cover,MISSING,no
MB-174,9789044649321,nl,google_books,work_link,MISSING,no
MB-174,9789044649321,nl,google_books,series,MISSING,no
MB-174,9789044649321,nl,google_books,series_position,MISSING,no
MB-174,9789044649321,nl,google_books,subjects,MISSING,no
MB-174,9789044649321,nl,wikidata,isbn_exact,MISSING,no
MB-174,9789044649321,nl,wikidata,title,MISSING,no
MB-174,9789044649321,nl,wikidata,subtitle,MISSING,no
MB-174,9789044649321,nl,wikidata,authors,MISSING,no
MB-174,9789044649321,nl,wikidata,language,MISSING,no
MB-174,9789044649321,nl,wikidata,publisher,MISSING,no
MB-174,9789044649321,nl,wikidata,publication_date,MISSING,no
MB-174,9789044649321,nl,wikidata,page_count,MISSING,no
MB-174,9789044649321,nl,wikidata,cover,MISSING,no
MB-174,9789044649321,nl,wikidata,work_link,MISSING,no
MB-174,9789044649321,nl,wikidata,series,MISSING,no
MB-174,9789044649321,nl,wikidata,series_position,MISSING,no
MB-174,9789044649321,nl,wikidata,subjects,MISSING,no
MB-174,9789044649321,nl,bookbrainz,isbn_exact,MISSING,no
MB-174,9789044649321,nl,bookbrainz,title,MISSING,no
MB-174,9789044649321,nl,bookbrainz,subtitle,MISSING,no
MB-174,9789044649321,nl,bookbrainz,authors,MISSING,no
MB-174,9789044649321,nl,bookbrainz,language,MISSING,no
MB-174,9789044649321,nl,bookbrainz,publisher,MISSING,no
MB-174,9789044649321,nl,bookbrainz,publication_date,MISSING,no
MB-174,9789044649321,nl,bookbrainz,page_count,MISSING,no
MB-174,9789044649321,nl,bookbrainz,cover,MISSING,no
MB-174,9789044649321,nl,bookbrainz,work_link,MISSING,no
MB-174,9789044649321,nl,bookbrainz,series,MISSING,no
MB-174,9789044649321,nl,bookbrainz,series_position,MISSING,no
MB-174,9789044649321,nl,bookbrainz,subjects,MISSING,no
MB-175,9789045700410,nl,open_library,isbn_exact,CORRECT,no
MB-175,9789045700410,nl,open_library,title,CORRECT,no
MB-175,9789045700410,nl,open_library,subtitle,UNVERIFIABLE,no
MB-175,9789045700410,nl,open_library,authors,CORRECT,no
MB-175,9789045700410,nl,open_library,language,CORRECT,no
MB-175,9789045700410,nl,open_library,publisher,CORRECT,no
MB-175,9789045700410,nl,open_library,publication_date,CORRECT,no
MB-175,9789045700410,nl,open_library,page_count,CORRECT,no
MB-175,9789045700410,nl,open_library,cover,CORRECT,no
MB-175,9789045700410,nl,open_library,work_link,CORRECT,no
MB-175,9789045700410,nl,open_library,series,MISSING,no
MB-175,9789045700410,nl,open_library,series_position,MISSING,no
MB-175,9789045700410,nl,open_library,subjects,MISSING,no
MB-175,9789045700410,nl,google_books,isbn_exact,INCORRECT,no
MB-175,9789045700410,nl,google_books,title,CORRECT,no
MB-175,9789045700410,nl,google_books,subtitle,UNVERIFIABLE,no
MB-175,9789045700410,nl,google_books,authors,CORRECT,no
MB-175,9789045700410,nl,google_books,language,CORRECT,no
MB-175,9789045700410,nl,google_books,publisher,MISSING,no
MB-175,9789045700410,nl,google_books,publication_date,CORRECT,no
MB-175,9789045700410,nl,google_books,page_count,INCORRECT,no
MB-175,9789045700410,nl,google_books,cover,CORRECT,no
MB-175,9789045700410,nl,google_books,work_link,MISSING,no
MB-175,9789045700410,nl,google_books,series,MISSING,no
MB-175,9789045700410,nl,google_books,series_position,MISSING,no
MB-175,9789045700410,nl,google_books,subjects,CORRECT,no
MB-175,9789045700410,nl,wikidata,isbn_exact,MISSING,no
MB-175,9789045700410,nl,wikidata,title,MISSING,no
MB-175,9789045700410,nl,wikidata,subtitle,MISSING,no
MB-175,9789045700410,nl,wikidata,authors,MISSING,no
MB-175,9789045700410,nl,wikidata,language,MISSING,no
MB-175,9789045700410,nl,wikidata,publisher,MISSING,no
MB-175,9789045700410,nl,wikidata,publication_date,MISSING,no
MB-175,9789045700410,nl,wikidata,page_count,MISSING,no
MB-175,9789045700410,nl,wikidata,cover,MISSING,no
MB-175,9789045700410,nl,wikidata,work_link,MISSING,no
MB-175,9789045700410,nl,wikidata,series,MISSING,no
MB-175,9789045700410,nl,wikidata,series_position,MISSING,no
MB-175,9789045700410,nl,wikidata,subjects,MISSING,no
MB-175,9789045700410,nl,bookbrainz,isbn_exact,MISSING,no
MB-175,9789045700410,nl,bookbrainz,title,MISSING,no
MB-175,9789045700410,nl,bookbrainz,subtitle,MISSING,no
MB-175,9789045700410,nl,bookbrainz,authors,MISSING,no
MB-175,9789045700410,nl,bookbrainz,language,MISSING,no
MB-175,9789045700410,nl,bookbrainz,publisher,MISSING,no
MB-175,9789045700410,nl,bookbrainz,publication_date,MISSING,no
MB-175,9789045700410,nl,bookbrainz,page_count,MISSING,no
MB-175,9789045700410,nl,bookbrainz,cover,MISSING,no
MB-175,9789045700410,nl,bookbrainz,work_link,MISSING,no
MB-175,9789045700410,nl,bookbrainz,series,MISSING,no
MB-175,9789045700410,nl,bookbrainz,series_position,MISSING,no
MB-175,9789045700410,nl,bookbrainz,subjects,MISSING,no
MB-176,9789049500443,nl,open_library,isbn_exact,MISSING,no
MB-176,9789049500443,nl,open_library,title,MISSING,no
MB-176,9789049500443,nl,open_library,subtitle,MISSING,no
MB-176,9789049500443,nl,open_library,authors,MISSING,no
MB-176,9789049500443,nl,open_library,language,MISSING,no
MB-176,9789049500443,nl,open_library,publisher,MISSING,no
MB-176,9789049500443,nl,open_library,publication_date,MISSING,no
MB-176,9789049500443,nl,open_library,page_count,MISSING,no
MB-176,9789049500443,nl,open_library,cover,MISSING,no
MB-176,9789049500443,nl,open_library,work_link,MISSING,no
MB-176,9789049500443,nl,open_library,series,MISSING,no
MB-176,9789049500443,nl,open_library,series_position,MISSING,no
MB-176,9789049500443,nl,open_library,subjects,MISSING,no
MB-176,9789049500443,nl,google_books,isbn_exact,CORRECT,no
MB-176,9789049500443,nl,google_books,title,CORRECT,no
MB-176,9789049500443,nl,google_books,subtitle,MISSING,no
MB-176,9789049500443,nl,google_books,authors,CORRECT,no
MB-176,9789049500443,nl,google_books,language,CORRECT,no
MB-176,9789049500443,nl,google_books,publisher,MISSING,no
MB-176,9789049500443,nl,google_books,publication_date,CORRECT,no
MB-176,9789049500443,nl,google_books,page_count,CORRECT,no
MB-176,9789049500443,nl,google_books,cover,CORRECT,no
MB-176,9789049500443,nl,google_books,work_link,MISSING,no
MB-176,9789049500443,nl,google_books,series,MISSING,no
MB-176,9789049500443,nl,google_books,series_position,MISSING,no
MB-176,9789049500443,nl,google_books,subjects,MISSING,no
MB-176,9789049500443,nl,wikidata,isbn_exact,MISSING,no
MB-176,9789049500443,nl,wikidata,title,MISSING,no
MB-176,9789049500443,nl,wikidata,subtitle,MISSING,no
MB-176,9789049500443,nl,wikidata,authors,MISSING,no
MB-176,9789049500443,nl,wikidata,language,MISSING,no
MB-176,9789049500443,nl,wikidata,publisher,MISSING,no
MB-176,9789049500443,nl,wikidata,publication_date,MISSING,no
MB-176,9789049500443,nl,wikidata,page_count,MISSING,no
MB-176,9789049500443,nl,wikidata,cover,MISSING,no
MB-176,9789049500443,nl,wikidata,work_link,MISSING,no
MB-176,9789049500443,nl,wikidata,series,MISSING,no
MB-176,9789049500443,nl,wikidata,series_position,MISSING,no
MB-176,9789049500443,nl,wikidata,subjects,MISSING,no
MB-176,9789049500443,nl,bookbrainz,isbn_exact,MISSING,no
MB-176,9789049500443,nl,bookbrainz,title,MISSING,no
MB-176,9789049500443,nl,bookbrainz,subtitle,MISSING,no
MB-176,9789049500443,nl,bookbrainz,authors,MISSING,no
MB-176,9789049500443,nl,bookbrainz,language,MISSING,no
MB-176,9789049500443,nl,bookbrainz,publisher,MISSING,no
MB-176,9789049500443,nl,bookbrainz,publication_date,MISSING,no
MB-176,9789049500443,nl,bookbrainz,page_count,MISSING,no
MB-176,9789049500443,nl,bookbrainz,cover,MISSING,no
MB-176,9789049500443,nl,bookbrainz,work_link,MISSING,no
MB-176,9789049500443,nl,bookbrainz,series,MISSING,no
MB-176,9789049500443,nl,bookbrainz,series_position,MISSING,no
MB-176,9789049500443,nl,bookbrainz,subjects,MISSING,no
MB-177,9789051088212,nl,open_library,isbn_exact,MISSING,no
MB-177,9789051088212,nl,open_library,title,MISSING,no
MB-177,9789051088212,nl,open_library,subtitle,MISSING,no
MB-177,9789051088212,nl,open_library,authors,MISSING,no
MB-177,9789051088212,nl,open_library,language,MISSING,no
MB-177,9789051088212,nl,open_library,publisher,MISSING,no
MB-177,9789051088212,nl,open_library,publication_date,MISSING,no
MB-177,9789051088212,nl,open_library,page_count,MISSING,no
MB-177,9789051088212,nl,open_library,cover,MISSING,no
MB-177,9789051088212,nl,open_library,work_link,MISSING,no
MB-177,9789051088212,nl,open_library,series,MISSING,no
MB-177,9789051088212,nl,open_library,series_position,MISSING,no
MB-177,9789051088212,nl,open_library,subjects,MISSING,no
MB-177,9789051088212,nl,google_books,isbn_exact,CORRECT,no
MB-177,9789051088212,nl,google_books,title,CORRECT,no
MB-177,9789051088212,nl,google_books,subtitle,MISSING,no
MB-177,9789051088212,nl,google_books,authors,CORRECT,no
MB-177,9789051088212,nl,google_books,language,CORRECT,no
MB-177,9789051088212,nl,google_books,publisher,MISSING,no
MB-177,9789051088212,nl,google_books,publication_date,CORRECT,no
MB-177,9789051088212,nl,google_books,page_count,CORRECT,no
MB-177,9789051088212,nl,google_books,cover,MISSING,no
MB-177,9789051088212,nl,google_books,work_link,MISSING,no
MB-177,9789051088212,nl,google_books,series,MISSING,no
MB-177,9789051088212,nl,google_books,series_position,MISSING,no
MB-177,9789051088212,nl,google_books,subjects,MISSING,no
MB-177,9789051088212,nl,wikidata,isbn_exact,MISSING,no
MB-177,9789051088212,nl,wikidata,title,MISSING,no
MB-177,9789051088212,nl,wikidata,subtitle,MISSING,no
MB-177,9789051088212,nl,wikidata,authors,MISSING,no
MB-177,9789051088212,nl,wikidata,language,MISSING,no
MB-177,9789051088212,nl,wikidata,publisher,MISSING,no
MB-177,9789051088212,nl,wikidata,publication_date,MISSING,no
MB-177,9789051088212,nl,wikidata,page_count,MISSING,no
MB-177,9789051088212,nl,wikidata,cover,MISSING,no
MB-177,9789051088212,nl,wikidata,work_link,MISSING,no
MB-177,9789051088212,nl,wikidata,series,MISSING,no
MB-177,9789051088212,nl,wikidata,series_position,MISSING,no
MB-177,9789051088212,nl,wikidata,subjects,MISSING,no
MB-177,9789051088212,nl,bookbrainz,isbn_exact,MISSING,no
MB-177,9789051088212,nl,bookbrainz,title,MISSING,no
MB-177,9789051088212,nl,bookbrainz,subtitle,MISSING,no
MB-177,9789051088212,nl,bookbrainz,authors,MISSING,no
MB-177,9789051088212,nl,bookbrainz,language,MISSING,no
MB-177,9789051088212,nl,bookbrainz,publisher,MISSING,no
MB-177,9789051088212,nl,bookbrainz,publication_date,MISSING,no
MB-177,9789051088212,nl,bookbrainz,page_count,MISSING,no
MB-177,9789051088212,nl,bookbrainz,cover,MISSING,no
MB-177,9789051088212,nl,bookbrainz,work_link,MISSING,no
MB-177,9789051088212,nl,bookbrainz,series,MISSING,no
MB-177,9789051088212,nl,bookbrainz,series_position,MISSING,no
MB-177,9789051088212,nl,bookbrainz,subjects,MISSING,no
MB-178,9789052266145,nl,open_library,isbn_exact,MISSING,no
MB-178,9789052266145,nl,open_library,title,MISSING,no
MB-178,9789052266145,nl,open_library,subtitle,MISSING,no
MB-178,9789052266145,nl,open_library,authors,MISSING,no
MB-178,9789052266145,nl,open_library,language,MISSING,no
MB-178,9789052266145,nl,open_library,publisher,MISSING,no
MB-178,9789052266145,nl,open_library,publication_date,MISSING,no
MB-178,9789052266145,nl,open_library,page_count,MISSING,no
MB-178,9789052266145,nl,open_library,cover,MISSING,no
MB-178,9789052266145,nl,open_library,work_link,MISSING,no
MB-178,9789052266145,nl,open_library,series,MISSING,no
MB-178,9789052266145,nl,open_library,series_position,MISSING,no
MB-178,9789052266145,nl,open_library,subjects,MISSING,no
MB-178,9789052266145,nl,google_books,isbn_exact,CORRECT,no
MB-178,9789052266145,nl,google_books,title,CORRECT,no
MB-178,9789052266145,nl,google_books,subtitle,UNVERIFIABLE,no
MB-178,9789052266145,nl,google_books,authors,CORRECT,no
MB-178,9789052266145,nl,google_books,language,CORRECT,no
MB-178,9789052266145,nl,google_books,publisher,MISSING,no
MB-178,9789052266145,nl,google_books,publication_date,CORRECT,no
MB-178,9789052266145,nl,google_books,page_count,CORRECT,no
MB-178,9789052266145,nl,google_books,cover,MISSING,no
MB-178,9789052266145,nl,google_books,work_link,MISSING,no
MB-178,9789052266145,nl,google_books,series,MISSING,no
MB-178,9789052266145,nl,google_books,series_position,MISSING,no
MB-178,9789052266145,nl,google_books,subjects,MISSING,no
MB-178,9789052266145,nl,wikidata,isbn_exact,MISSING,no
MB-178,9789052266145,nl,wikidata,title,MISSING,no
MB-178,9789052266145,nl,wikidata,subtitle,MISSING,no
MB-178,9789052266145,nl,wikidata,authors,MISSING,no
MB-178,9789052266145,nl,wikidata,language,MISSING,no
MB-178,9789052266145,nl,wikidata,publisher,MISSING,no
MB-178,9789052266145,nl,wikidata,publication_date,MISSING,no
MB-178,9789052266145,nl,wikidata,page_count,MISSING,no
MB-178,9789052266145,nl,wikidata,cover,MISSING,no
MB-178,9789052266145,nl,wikidata,work_link,MISSING,no
MB-178,9789052266145,nl,wikidata,series,MISSING,no
MB-178,9789052266145,nl,wikidata,series_position,MISSING,no
MB-178,9789052266145,nl,wikidata,subjects,MISSING,no
MB-178,9789052266145,nl,bookbrainz,isbn_exact,MISSING,no
MB-178,9789052266145,nl,bookbrainz,title,MISSING,no
MB-178,9789052266145,nl,bookbrainz,subtitle,MISSING,no
MB-178,9789052266145,nl,bookbrainz,authors,MISSING,no
MB-178,9789052266145,nl,bookbrainz,language,MISSING,no
MB-178,9789052266145,nl,bookbrainz,publisher,MISSING,no
MB-178,9789052266145,nl,bookbrainz,publication_date,MISSING,no
MB-178,9789052266145,nl,bookbrainz,page_count,MISSING,no
MB-178,9789052266145,nl,bookbrainz,cover,MISSING,no
MB-178,9789052266145,nl,bookbrainz,work_link,MISSING,no
MB-178,9789052266145,nl,bookbrainz,series,MISSING,no
MB-178,9789052266145,nl,bookbrainz,series_position,MISSING,no
MB-178,9789052266145,nl,bookbrainz,subjects,MISSING,no
MB-179,9789056375287,nl,open_library,isbn_exact,MISSING,no
MB-179,9789056375287,nl,open_library,title,MISSING,no
MB-179,9789056375287,nl,open_library,subtitle,MISSING,no
MB-179,9789056375287,nl,open_library,authors,MISSING,no
MB-179,9789056375287,nl,open_library,language,MISSING,no
MB-179,9789056375287,nl,open_library,publisher,MISSING,no
MB-179,9789056375287,nl,open_library,publication_date,MISSING,no
MB-179,9789056375287,nl,open_library,page_count,MISSING,no
MB-179,9789056375287,nl,open_library,cover,MISSING,no
MB-179,9789056375287,nl,open_library,work_link,MISSING,no
MB-179,9789056375287,nl,open_library,series,MISSING,no
MB-179,9789056375287,nl,open_library,series_position,MISSING,no
MB-179,9789056375287,nl,open_library,subjects,MISSING,no
MB-179,9789056375287,nl,google_books,isbn_exact,CORRECT,no
MB-179,9789056375287,nl,google_books,title,CORRECT,no
MB-179,9789056375287,nl,google_books,subtitle,UNVERIFIABLE,no
MB-179,9789056375287,nl,google_books,authors,INCORRECT,no
MB-179,9789056375287,nl,google_books,language,CORRECT,no
MB-179,9789056375287,nl,google_books,publisher,CORRECT,no
MB-179,9789056375287,nl,google_books,publication_date,CORRECT,no
MB-179,9789056375287,nl,google_books,page_count,CORRECT,no
MB-179,9789056375287,nl,google_books,cover,CORRECT,no
MB-179,9789056375287,nl,google_books,work_link,MISSING,no
MB-179,9789056375287,nl,google_books,series,MISSING,no
MB-179,9789056375287,nl,google_books,series_position,MISSING,no
MB-179,9789056375287,nl,google_books,subjects,MISSING,no
MB-179,9789056375287,nl,wikidata,isbn_exact,MISSING,no
MB-179,9789056375287,nl,wikidata,title,MISSING,no
MB-179,9789056375287,nl,wikidata,subtitle,MISSING,no
MB-179,9789056375287,nl,wikidata,authors,MISSING,no
MB-179,9789056375287,nl,wikidata,language,MISSING,no
MB-179,9789056375287,nl,wikidata,publisher,MISSING,no
MB-179,9789056375287,nl,wikidata,publication_date,MISSING,no
MB-179,9789056375287,nl,wikidata,page_count,MISSING,no
MB-179,9789056375287,nl,wikidata,cover,MISSING,no
MB-179,9789056375287,nl,wikidata,work_link,MISSING,no
MB-179,9789056375287,nl,wikidata,series,MISSING,no
MB-179,9789056375287,nl,wikidata,series_position,MISSING,no
MB-179,9789056375287,nl,wikidata,subjects,MISSING,no
MB-179,9789056375287,nl,bookbrainz,isbn_exact,MISSING,no
MB-179,9789056375287,nl,bookbrainz,title,MISSING,no
MB-179,9789056375287,nl,bookbrainz,subtitle,MISSING,no
MB-179,9789056375287,nl,bookbrainz,authors,MISSING,no
MB-179,9789056375287,nl,bookbrainz,language,MISSING,no
MB-179,9789056375287,nl,bookbrainz,publisher,MISSING,no
MB-179,9789056375287,nl,bookbrainz,publication_date,MISSING,no
MB-179,9789056375287,nl,bookbrainz,page_count,MISSING,no
MB-179,9789056375287,nl,bookbrainz,cover,MISSING,no
MB-179,9789056375287,nl,bookbrainz,work_link,MISSING,no
MB-179,9789056375287,nl,bookbrainz,series,MISSING,no
MB-179,9789056375287,nl,bookbrainz,series_position,MISSING,no
MB-179,9789056375287,nl,bookbrainz,subjects,MISSING,no
MB-180,9789056727369,nl,open_library,isbn_exact,MISSING,no
MB-180,9789056727369,nl,open_library,title,MISSING,no
MB-180,9789056727369,nl,open_library,subtitle,MISSING,no
MB-180,9789056727369,nl,open_library,authors,MISSING,no
MB-180,9789056727369,nl,open_library,language,MISSING,no
MB-180,9789056727369,nl,open_library,publisher,MISSING,no
MB-180,9789056727369,nl,open_library,publication_date,MISSING,no
MB-180,9789056727369,nl,open_library,page_count,MISSING,no
MB-180,9789056727369,nl,open_library,cover,MISSING,no
MB-180,9789056727369,nl,open_library,work_link,MISSING,no
MB-180,9789056727369,nl,open_library,series,MISSING,no
MB-180,9789056727369,nl,open_library,series_position,MISSING,no
MB-180,9789056727369,nl,open_library,subjects,MISSING,no
MB-180,9789056727369,nl,google_books,isbn_exact,CORRECT,no
MB-180,9789056727369,nl,google_books,title,CORRECT,no
MB-180,9789056727369,nl,google_books,subtitle,MISSING,no
MB-180,9789056727369,nl,google_books,authors,CORRECT,no
MB-180,9789056727369,nl,google_books,language,CORRECT,no
MB-180,9789056727369,nl,google_books,publisher,MISSING,no
MB-180,9789056727369,nl,google_books,publication_date,CORRECT,no
MB-180,9789056727369,nl,google_books,page_count,MISSING,no
MB-180,9789056727369,nl,google_books,cover,MISSING,no
MB-180,9789056727369,nl,google_books,work_link,MISSING,no
MB-180,9789056727369,nl,google_books,series,MISSING,no
MB-180,9789056727369,nl,google_books,series_position,MISSING,no
MB-180,9789056727369,nl,google_books,subjects,MISSING,no
MB-180,9789056727369,nl,wikidata,isbn_exact,MISSING,no
MB-180,9789056727369,nl,wikidata,title,MISSING,no
MB-180,9789056727369,nl,wikidata,subtitle,MISSING,no
MB-180,9789056727369,nl,wikidata,authors,MISSING,no
MB-180,9789056727369,nl,wikidata,language,MISSING,no
MB-180,9789056727369,nl,wikidata,publisher,MISSING,no
MB-180,9789056727369,nl,wikidata,publication_date,MISSING,no
MB-180,9789056727369,nl,wikidata,page_count,MISSING,no
MB-180,9789056727369,nl,wikidata,cover,MISSING,no
MB-180,9789056727369,nl,wikidata,work_link,MISSING,no
MB-180,9789056727369,nl,wikidata,series,MISSING,no
MB-180,9789056727369,nl,wikidata,series_position,MISSING,no
MB-180,9789056727369,nl,wikidata,subjects,MISSING,no
MB-180,9789056727369,nl,bookbrainz,isbn_exact,MISSING,no
MB-180,9789056727369,nl,bookbrainz,title,MISSING,no
MB-180,9789056727369,nl,bookbrainz,subtitle,MISSING,no
MB-180,9789056727369,nl,bookbrainz,authors,MISSING,no
MB-180,9789056727369,nl,bookbrainz,language,MISSING,no
MB-180,9789056727369,nl,bookbrainz,publisher,MISSING,no
MB-180,9789056727369,nl,bookbrainz,publication_date,MISSING,no
MB-180,9789056727369,nl,bookbrainz,page_count,MISSING,no
MB-180,9789056727369,nl,bookbrainz,cover,MISSING,no
MB-180,9789056727369,nl,bookbrainz,work_link,MISSING,no
MB-180,9789056727369,nl,bookbrainz,series,MISSING,no
MB-180,9789056727369,nl,bookbrainz,series_position,MISSING,no
MB-180,9789056727369,nl,bookbrainz,subjects,MISSING,no
MB-181,9789059610859,nl,open_library,isbn_exact,MISSING,no
MB-181,9789059610859,nl,open_library,title,MISSING,no
MB-181,9789059610859,nl,open_library,subtitle,MISSING,no
MB-181,9789059610859,nl,open_library,authors,MISSING,no
MB-181,9789059610859,nl,open_library,language,MISSING,no
MB-181,9789059610859,nl,open_library,publisher,MISSING,no
MB-181,9789059610859,nl,open_library,publication_date,MISSING,no
MB-181,9789059610859,nl,open_library,page_count,MISSING,no
MB-181,9789059610859,nl,open_library,cover,MISSING,no
MB-181,9789059610859,nl,open_library,work_link,MISSING,no
MB-181,9789059610859,nl,open_library,series,MISSING,no
MB-181,9789059610859,nl,open_library,series_position,MISSING,no
MB-181,9789059610859,nl,open_library,subjects,MISSING,no
MB-181,9789059610859,nl,google_books,isbn_exact,CORRECT,no
MB-181,9789059610859,nl,google_books,title,CORRECT,no
MB-181,9789059610859,nl,google_books,subtitle,UNVERIFIABLE,no
MB-181,9789059610859,nl,google_books,authors,CORRECT,no
MB-181,9789059610859,nl,google_books,language,CORRECT,no
MB-181,9789059610859,nl,google_books,publisher,MISSING,no
MB-181,9789059610859,nl,google_books,publication_date,CORRECT,no
MB-181,9789059610859,nl,google_books,page_count,MISSING,no
MB-181,9789059610859,nl,google_books,cover,CORRECT,no
MB-181,9789059610859,nl,google_books,work_link,MISSING,no
MB-181,9789059610859,nl,google_books,series,MISSING,no
MB-181,9789059610859,nl,google_books,series_position,MISSING,no
MB-181,9789059610859,nl,google_books,subjects,MISSING,no
MB-181,9789059610859,nl,wikidata,isbn_exact,MISSING,no
MB-181,9789059610859,nl,wikidata,title,MISSING,no
MB-181,9789059610859,nl,wikidata,subtitle,MISSING,no
MB-181,9789059610859,nl,wikidata,authors,MISSING,no
MB-181,9789059610859,nl,wikidata,language,MISSING,no
MB-181,9789059610859,nl,wikidata,publisher,MISSING,no
MB-181,9789059610859,nl,wikidata,publication_date,MISSING,no
MB-181,9789059610859,nl,wikidata,page_count,MISSING,no
MB-181,9789059610859,nl,wikidata,cover,MISSING,no
MB-181,9789059610859,nl,wikidata,work_link,MISSING,no
MB-181,9789059610859,nl,wikidata,series,MISSING,no
MB-181,9789059610859,nl,wikidata,series_position,MISSING,no
MB-181,9789059610859,nl,wikidata,subjects,MISSING,no
MB-181,9789059610859,nl,bookbrainz,isbn_exact,MISSING,no
MB-181,9789059610859,nl,bookbrainz,title,MISSING,no
MB-181,9789059610859,nl,bookbrainz,subtitle,MISSING,no
MB-181,9789059610859,nl,bookbrainz,authors,MISSING,no
MB-181,9789059610859,nl,bookbrainz,language,MISSING,no
MB-181,9789059610859,nl,bookbrainz,publisher,MISSING,no
MB-181,9789059610859,nl,bookbrainz,publication_date,MISSING,no
MB-181,9789059610859,nl,bookbrainz,page_count,MISSING,no
MB-181,9789059610859,nl,bookbrainz,cover,MISSING,no
MB-181,9789059610859,nl,bookbrainz,work_link,MISSING,no
MB-181,9789059610859,nl,bookbrainz,series,MISSING,no
MB-181,9789059610859,nl,bookbrainz,series_position,MISSING,no
MB-181,9789059610859,nl,bookbrainz,subjects,MISSING,no
MB-182,9789059650022,nl,open_library,isbn_exact,CORRECT,no
MB-182,9789059650022,nl,open_library,title,CORRECT,no
MB-182,9789059650022,nl,open_library,subtitle,MISSING,no
MB-182,9789059650022,nl,open_library,authors,MISSING,no
MB-182,9789059650022,nl,open_library,language,CORRECT,no
MB-182,9789059650022,nl,open_library,publisher,CORRECT,no
MB-182,9789059650022,nl,open_library,publication_date,CORRECT,no
MB-182,9789059650022,nl,open_library,page_count,MISSING,no
MB-182,9789059650022,nl,open_library,cover,CORRECT,no
MB-182,9789059650022,nl,open_library,work_link,CORRECT,no
MB-182,9789059650022,nl,open_library,series,MISSING,no
MB-182,9789059650022,nl,open_library,series_position,MISSING,no
MB-182,9789059650022,nl,open_library,subjects,MISSING,no
MB-182,9789059650022,nl,google_books,isbn_exact,CORRECT,no
MB-182,9789059650022,nl,google_books,title,CORRECT,no
MB-182,9789059650022,nl,google_books,subtitle,MISSING,no
MB-182,9789059650022,nl,google_books,authors,UNVERIFIABLE,no
MB-182,9789059650022,nl,google_books,language,CORRECT,no
MB-182,9789059650022,nl,google_books,publisher,MISSING,no
MB-182,9789059650022,nl,google_books,publication_date,CORRECT,no
MB-182,9789059650022,nl,google_books,page_count,UNVERIFIABLE,no
MB-182,9789059650022,nl,google_books,cover,MISSING,no
MB-182,9789059650022,nl,google_books,work_link,MISSING,no
MB-182,9789059650022,nl,google_books,series,MISSING,no
MB-182,9789059650022,nl,google_books,series_position,MISSING,no
MB-182,9789059650022,nl,google_books,subjects,MISSING,no
MB-182,9789059650022,nl,wikidata,isbn_exact,MISSING,no
MB-182,9789059650022,nl,wikidata,title,MISSING,no
MB-182,9789059650022,nl,wikidata,subtitle,MISSING,no
MB-182,9789059650022,nl,wikidata,authors,MISSING,no
MB-182,9789059650022,nl,wikidata,language,MISSING,no
MB-182,9789059650022,nl,wikidata,publisher,MISSING,no
MB-182,9789059650022,nl,wikidata,publication_date,MISSING,no
MB-182,9789059650022,nl,wikidata,page_count,MISSING,no
MB-182,9789059650022,nl,wikidata,cover,MISSING,no
MB-182,9789059650022,nl,wikidata,work_link,MISSING,no
MB-182,9789059650022,nl,wikidata,series,MISSING,no
MB-182,9789059650022,nl,wikidata,series_position,MISSING,no
MB-182,9789059650022,nl,wikidata,subjects,MISSING,no
MB-182,9789059650022,nl,bookbrainz,isbn_exact,MISSING,no
MB-182,9789059650022,nl,bookbrainz,title,MISSING,no
MB-182,9789059650022,nl,bookbrainz,subtitle,MISSING,no
MB-182,9789059650022,nl,bookbrainz,authors,MISSING,no
MB-182,9789059650022,nl,bookbrainz,language,MISSING,no
MB-182,9789059650022,nl,bookbrainz,publisher,MISSING,no
MB-182,9789059650022,nl,bookbrainz,publication_date,MISSING,no
MB-182,9789059650022,nl,bookbrainz,page_count,MISSING,no
MB-182,9789059650022,nl,bookbrainz,cover,MISSING,no
MB-182,9789059650022,nl,bookbrainz,work_link,MISSING,no
MB-182,9789059650022,nl,bookbrainz,series,MISSING,no
MB-182,9789059650022,nl,bookbrainz,series_position,MISSING,no
MB-182,9789059650022,nl,bookbrainz,subjects,MISSING,no
MB-183,9789059653900,nl,open_library,isbn_exact,CORRECT,no
MB-183,9789059653900,nl,open_library,title,CORRECT,no
MB-183,9789059653900,nl,open_library,subtitle,MISSING,no
MB-183,9789059653900,nl,open_library,authors,MISSING,no
MB-183,9789059653900,nl,open_library,language,CORRECT,no
MB-183,9789059653900,nl,open_library,publisher,CORRECT,no
MB-183,9789059653900,nl,open_library,publication_date,CORRECT,no
MB-183,9789059653900,nl,open_library,page_count,MISSING,no
MB-183,9789059653900,nl,open_library,cover,CORRECT,no
MB-183,9789059653900,nl,open_library,work_link,CORRECT,no
MB-183,9789059653900,nl,open_library,series,MISSING,no
MB-183,9789059653900,nl,open_library,series_position,MISSING,no
MB-183,9789059653900,nl,open_library,subjects,MISSING,no
MB-183,9789059653900,nl,google_books,isbn_exact,CORRECT,no
MB-183,9789059653900,nl,google_books,title,CORRECT,no
MB-183,9789059653900,nl,google_books,subtitle,MISSING,no
MB-183,9789059653900,nl,google_books,authors,UNVERIFIABLE,no
MB-183,9789059653900,nl,google_books,language,CORRECT,no
MB-183,9789059653900,nl,google_books,publisher,MISSING,no
MB-183,9789059653900,nl,google_books,publication_date,CORRECT,no
MB-183,9789059653900,nl,google_books,page_count,MISSING,no
MB-183,9789059653900,nl,google_books,cover,MISSING,no
MB-183,9789059653900,nl,google_books,work_link,MISSING,no
MB-183,9789059653900,nl,google_books,series,MISSING,no
MB-183,9789059653900,nl,google_books,series_position,MISSING,no
MB-183,9789059653900,nl,google_books,subjects,MISSING,no
MB-183,9789059653900,nl,wikidata,isbn_exact,MISSING,no
MB-183,9789059653900,nl,wikidata,title,MISSING,no
MB-183,9789059653900,nl,wikidata,subtitle,MISSING,no
MB-183,9789059653900,nl,wikidata,authors,MISSING,no
MB-183,9789059653900,nl,wikidata,language,MISSING,no
MB-183,9789059653900,nl,wikidata,publisher,MISSING,no
MB-183,9789059653900,nl,wikidata,publication_date,MISSING,no
MB-183,9789059653900,nl,wikidata,page_count,MISSING,no
MB-183,9789059653900,nl,wikidata,cover,MISSING,no
MB-183,9789059653900,nl,wikidata,work_link,MISSING,no
MB-183,9789059653900,nl,wikidata,series,MISSING,no
MB-183,9789059653900,nl,wikidata,series_position,MISSING,no
MB-183,9789059653900,nl,wikidata,subjects,MISSING,no
MB-183,9789059653900,nl,bookbrainz,isbn_exact,MISSING,no
MB-183,9789059653900,nl,bookbrainz,title,MISSING,no
MB-183,9789059653900,nl,bookbrainz,subtitle,MISSING,no
MB-183,9789059653900,nl,bookbrainz,authors,MISSING,no
MB-183,9789059653900,nl,bookbrainz,language,MISSING,no
MB-183,9789059653900,nl,bookbrainz,publisher,MISSING,no
MB-183,9789059653900,nl,bookbrainz,publication_date,MISSING,no
MB-183,9789059653900,nl,bookbrainz,page_count,MISSING,no
MB-183,9789059653900,nl,bookbrainz,cover,MISSING,no
MB-183,9789059653900,nl,bookbrainz,work_link,MISSING,no
MB-183,9789059653900,nl,bookbrainz,series,MISSING,no
MB-183,9789059653900,nl,bookbrainz,series_position,MISSING,no
MB-183,9789059653900,nl,bookbrainz,subjects,MISSING,no
MB-184,9789059654907,nl,open_library,isbn_exact,CORRECT,no
MB-184,9789059654907,nl,open_library,title,CORRECT,no
MB-184,9789059654907,nl,open_library,subtitle,MISSING,no
MB-184,9789059654907,nl,open_library,authors,MISSING,no
MB-184,9789059654907,nl,open_library,language,CORRECT,no
MB-184,9789059654907,nl,open_library,publisher,CORRECT,no
MB-184,9789059654907,nl,open_library,publication_date,CORRECT,no
MB-184,9789059654907,nl,open_library,page_count,CORRECT,no
MB-184,9789059654907,nl,open_library,cover,MISSING,no
MB-184,9789059654907,nl,open_library,work_link,CORRECT,no
MB-184,9789059654907,nl,open_library,series,MISSING,no
MB-184,9789059654907,nl,open_library,series_position,MISSING,no
MB-184,9789059654907,nl,open_library,subjects,MISSING,no
MB-184,9789059654907,nl,google_books,isbn_exact,CORRECT,no
MB-184,9789059654907,nl,google_books,title,CORRECT,no
MB-184,9789059654907,nl,google_books,subtitle,MISSING,no
MB-184,9789059654907,nl,google_books,authors,UNVERIFIABLE,no
MB-184,9789059654907,nl,google_books,language,CORRECT,no
MB-184,9789059654907,nl,google_books,publisher,MISSING,no
MB-184,9789059654907,nl,google_books,publication_date,CORRECT,no
MB-184,9789059654907,nl,google_books,page_count,MISSING,no
MB-184,9789059654907,nl,google_books,cover,MISSING,no
MB-184,9789059654907,nl,google_books,work_link,MISSING,no
MB-184,9789059654907,nl,google_books,series,MISSING,no
MB-184,9789059654907,nl,google_books,series_position,MISSING,no
MB-184,9789059654907,nl,google_books,subjects,MISSING,no
MB-184,9789059654907,nl,wikidata,isbn_exact,MISSING,no
MB-184,9789059654907,nl,wikidata,title,MISSING,no
MB-184,9789059654907,nl,wikidata,subtitle,MISSING,no
MB-184,9789059654907,nl,wikidata,authors,MISSING,no
MB-184,9789059654907,nl,wikidata,language,MISSING,no
MB-184,9789059654907,nl,wikidata,publisher,MISSING,no
MB-184,9789059654907,nl,wikidata,publication_date,MISSING,no
MB-184,9789059654907,nl,wikidata,page_count,MISSING,no
MB-184,9789059654907,nl,wikidata,cover,MISSING,no
MB-184,9789059654907,nl,wikidata,work_link,MISSING,no
MB-184,9789059654907,nl,wikidata,series,MISSING,no
MB-184,9789059654907,nl,wikidata,series_position,MISSING,no
MB-184,9789059654907,nl,wikidata,subjects,MISSING,no
MB-184,9789059654907,nl,bookbrainz,isbn_exact,MISSING,no
MB-184,9789059654907,nl,bookbrainz,title,MISSING,no
MB-184,9789059654907,nl,bookbrainz,subtitle,MISSING,no
MB-184,9789059654907,nl,bookbrainz,authors,MISSING,no
MB-184,9789059654907,nl,bookbrainz,language,MISSING,no
MB-184,9789059654907,nl,bookbrainz,publisher,MISSING,no
MB-184,9789059654907,nl,bookbrainz,publication_date,MISSING,no
MB-184,9789059654907,nl,bookbrainz,page_count,MISSING,no
MB-184,9789059654907,nl,bookbrainz,cover,MISSING,no
MB-184,9789059654907,nl,bookbrainz,work_link,MISSING,no
MB-184,9789059654907,nl,bookbrainz,series,MISSING,no
MB-184,9789059654907,nl,bookbrainz,series_position,MISSING,no
MB-184,9789059654907,nl,bookbrainz,subjects,MISSING,no
MB-185,9789059655447,nl,open_library,isbn_exact,CORRECT,no
MB-185,9789059655447,nl,open_library,title,CORRECT,no
MB-185,9789059655447,nl,open_library,subtitle,MISSING,no
MB-185,9789059655447,nl,open_library,authors,MISSING,no
MB-185,9789059655447,nl,open_library,language,CORRECT,no
MB-185,9789059655447,nl,open_library,publisher,UNVERIFIABLE,no
MB-185,9789059655447,nl,open_library,publication_date,CORRECT,no
MB-185,9789059655447,nl,open_library,page_count,UNVERIFIABLE,no
MB-185,9789059655447,nl,open_library,cover,CORRECT,no
MB-185,9789059655447,nl,open_library,work_link,CORRECT,no
MB-185,9789059655447,nl,open_library,series,MISSING,no
MB-185,9789059655447,nl,open_library,series_position,MISSING,no
MB-185,9789059655447,nl,open_library,subjects,MISSING,no
MB-185,9789059655447,nl,google_books,isbn_exact,CORRECT,no
MB-185,9789059655447,nl,google_books,title,CORRECT,no
MB-185,9789059655447,nl,google_books,subtitle,MISSING,no
MB-185,9789059655447,nl,google_books,authors,CORRECT,no
MB-185,9789059655447,nl,google_books,language,CORRECT,no
MB-185,9789059655447,nl,google_books,publisher,MISSING,no
MB-185,9789059655447,nl,google_books,publication_date,CORRECT,no
MB-185,9789059655447,nl,google_books,page_count,MISSING,no
MB-185,9789059655447,nl,google_books,cover,MISSING,no
MB-185,9789059655447,nl,google_books,work_link,MISSING,no
MB-185,9789059655447,nl,google_books,series,MISSING,no
MB-185,9789059655447,nl,google_books,series_position,MISSING,no
MB-185,9789059655447,nl,google_books,subjects,MISSING,no
MB-185,9789059655447,nl,wikidata,isbn_exact,MISSING,no
MB-185,9789059655447,nl,wikidata,title,MISSING,no
MB-185,9789059655447,nl,wikidata,subtitle,MISSING,no
MB-185,9789059655447,nl,wikidata,authors,MISSING,no
MB-185,9789059655447,nl,wikidata,language,MISSING,no
MB-185,9789059655447,nl,wikidata,publisher,MISSING,no
MB-185,9789059655447,nl,wikidata,publication_date,MISSING,no
MB-185,9789059655447,nl,wikidata,page_count,MISSING,no
MB-185,9789059655447,nl,wikidata,cover,MISSING,no
MB-185,9789059655447,nl,wikidata,work_link,MISSING,no
MB-185,9789059655447,nl,wikidata,series,MISSING,no
MB-185,9789059655447,nl,wikidata,series_position,MISSING,no
MB-185,9789059655447,nl,wikidata,subjects,MISSING,no
MB-185,9789059655447,nl,bookbrainz,isbn_exact,MISSING,no
MB-185,9789059655447,nl,bookbrainz,title,MISSING,no
MB-185,9789059655447,nl,bookbrainz,subtitle,MISSING,no
MB-185,9789059655447,nl,bookbrainz,authors,MISSING,no
MB-185,9789059655447,nl,bookbrainz,language,MISSING,no
MB-185,9789059655447,nl,bookbrainz,publisher,MISSING,no
MB-185,9789059655447,nl,bookbrainz,publication_date,MISSING,no
MB-185,9789059655447,nl,bookbrainz,page_count,MISSING,no
MB-185,9789059655447,nl,bookbrainz,cover,MISSING,no
MB-185,9789059655447,nl,bookbrainz,work_link,MISSING,no
MB-185,9789059655447,nl,bookbrainz,series,MISSING,no
MB-185,9789059655447,nl,bookbrainz,series_position,MISSING,no
MB-185,9789059655447,nl,bookbrainz,subjects,MISSING,no
MB-186,9789061698265,nl,open_library,isbn_exact,MISSING,no
MB-186,9789061698265,nl,open_library,title,MISSING,no
MB-186,9789061698265,nl,open_library,subtitle,MISSING,no
MB-186,9789061698265,nl,open_library,authors,MISSING,no
MB-186,9789061698265,nl,open_library,language,MISSING,no
MB-186,9789061698265,nl,open_library,publisher,MISSING,no
MB-186,9789061698265,nl,open_library,publication_date,MISSING,no
MB-186,9789061698265,nl,open_library,page_count,MISSING,no
MB-186,9789061698265,nl,open_library,cover,MISSING,no
MB-186,9789061698265,nl,open_library,work_link,MISSING,no
MB-186,9789061698265,nl,open_library,series,MISSING,no
MB-186,9789061698265,nl,open_library,series_position,MISSING,no
MB-186,9789061698265,nl,open_library,subjects,MISSING,no
MB-186,9789061698265,nl,google_books,isbn_exact,CORRECT,no
MB-186,9789061698265,nl,google_books,title,CORRECT,no
MB-186,9789061698265,nl,google_books,subtitle,MISSING,no
MB-186,9789061698265,nl,google_books,authors,CORRECT,no
MB-186,9789061698265,nl,google_books,language,CORRECT,no
MB-186,9789061698265,nl,google_books,publisher,MISSING,no
MB-186,9789061698265,nl,google_books,publication_date,CORRECT,no
MB-186,9789061698265,nl,google_books,page_count,CORRECT,no
MB-186,9789061698265,nl,google_books,cover,CORRECT,no
MB-186,9789061698265,nl,google_books,work_link,MISSING,no
MB-186,9789061698265,nl,google_books,series,MISSING,no
MB-186,9789061698265,nl,google_books,series_position,MISSING,no
MB-186,9789061698265,nl,google_books,subjects,MISSING,no
MB-186,9789061698265,nl,wikidata,isbn_exact,MISSING,no
MB-186,9789061698265,nl,wikidata,title,MISSING,no
MB-186,9789061698265,nl,wikidata,subtitle,MISSING,no
MB-186,9789061698265,nl,wikidata,authors,MISSING,no
MB-186,9789061698265,nl,wikidata,language,MISSING,no
MB-186,9789061698265,nl,wikidata,publisher,MISSING,no
MB-186,9789061698265,nl,wikidata,publication_date,MISSING,no
MB-186,9789061698265,nl,wikidata,page_count,MISSING,no
MB-186,9789061698265,nl,wikidata,cover,MISSING,no
MB-186,9789061698265,nl,wikidata,work_link,MISSING,no
MB-186,9789061698265,nl,wikidata,series,MISSING,no
MB-186,9789061698265,nl,wikidata,series_position,MISSING,no
MB-186,9789061698265,nl,wikidata,subjects,MISSING,no
MB-186,9789061698265,nl,bookbrainz,isbn_exact,MISSING,no
MB-186,9789061698265,nl,bookbrainz,title,MISSING,no
MB-186,9789061698265,nl,bookbrainz,subtitle,MISSING,no
MB-186,9789061698265,nl,bookbrainz,authors,MISSING,no
MB-186,9789061698265,nl,bookbrainz,language,MISSING,no
MB-186,9789061698265,nl,bookbrainz,publisher,MISSING,no
MB-186,9789061698265,nl,bookbrainz,publication_date,MISSING,no
MB-186,9789061698265,nl,bookbrainz,page_count,MISSING,no
MB-186,9789061698265,nl,bookbrainz,cover,MISSING,no
MB-186,9789061698265,nl,bookbrainz,work_link,MISSING,no
MB-186,9789061698265,nl,bookbrainz,series,MISSING,no
MB-186,9789061698265,nl,bookbrainz,series_position,MISSING,no
MB-186,9789061698265,nl,bookbrainz,subjects,MISSING,no
MB-187,9789063052218,nl,open_library,isbn_exact,MISSING,no
MB-187,9789063052218,nl,open_library,title,MISSING,no
MB-187,9789063052218,nl,open_library,subtitle,MISSING,no
MB-187,9789063052218,nl,open_library,authors,MISSING,no
MB-187,9789063052218,nl,open_library,language,MISSING,no
MB-187,9789063052218,nl,open_library,publisher,MISSING,no
MB-187,9789063052218,nl,open_library,publication_date,MISSING,no
MB-187,9789063052218,nl,open_library,page_count,MISSING,no
MB-187,9789063052218,nl,open_library,cover,MISSING,no
MB-187,9789063052218,nl,open_library,work_link,MISSING,no
MB-187,9789063052218,nl,open_library,series,MISSING,no
MB-187,9789063052218,nl,open_library,series_position,MISSING,no
MB-187,9789063052218,nl,open_library,subjects,MISSING,no
MB-187,9789063052218,nl,google_books,isbn_exact,CORRECT,no
MB-187,9789063052218,nl,google_books,title,CORRECT,no
MB-187,9789063052218,nl,google_books,subtitle,MISSING,no
MB-187,9789063052218,nl,google_books,authors,CORRECT,no
MB-187,9789063052218,nl,google_books,language,CORRECT,no
MB-187,9789063052218,nl,google_books,publisher,MISSING,no
MB-187,9789063052218,nl,google_books,publication_date,CORRECT,no
MB-187,9789063052218,nl,google_books,page_count,CORRECT,no
MB-187,9789063052218,nl,google_books,cover,MISSING,no
MB-187,9789063052218,nl,google_books,work_link,MISSING,no
MB-187,9789063052218,nl,google_books,series,MISSING,no
MB-187,9789063052218,nl,google_books,series_position,MISSING,no
MB-187,9789063052218,nl,google_books,subjects,MISSING,no
MB-187,9789063052218,nl,wikidata,isbn_exact,MISSING,no
MB-187,9789063052218,nl,wikidata,title,MISSING,no
MB-187,9789063052218,nl,wikidata,subtitle,MISSING,no
MB-187,9789063052218,nl,wikidata,authors,MISSING,no
MB-187,9789063052218,nl,wikidata,language,MISSING,no
MB-187,9789063052218,nl,wikidata,publisher,MISSING,no
MB-187,9789063052218,nl,wikidata,publication_date,MISSING,no
MB-187,9789063052218,nl,wikidata,page_count,MISSING,no
MB-187,9789063052218,nl,wikidata,cover,MISSING,no
MB-187,9789063052218,nl,wikidata,work_link,MISSING,no
MB-187,9789063052218,nl,wikidata,series,MISSING,no
MB-187,9789063052218,nl,wikidata,series_position,MISSING,no
MB-187,9789063052218,nl,wikidata,subjects,MISSING,no
MB-187,9789063052218,nl,bookbrainz,isbn_exact,MISSING,no
MB-187,9789063052218,nl,bookbrainz,title,MISSING,no
MB-187,9789063052218,nl,bookbrainz,subtitle,MISSING,no
MB-187,9789063052218,nl,bookbrainz,authors,MISSING,no
MB-187,9789063052218,nl,bookbrainz,language,MISSING,no
MB-187,9789063052218,nl,bookbrainz,publisher,MISSING,no
MB-187,9789063052218,nl,bookbrainz,publication_date,MISSING,no
MB-187,9789063052218,nl,bookbrainz,page_count,MISSING,no
MB-187,9789063052218,nl,bookbrainz,cover,MISSING,no
MB-187,9789063052218,nl,bookbrainz,work_link,MISSING,no
MB-187,9789063052218,nl,bookbrainz,series,MISSING,no
MB-187,9789063052218,nl,bookbrainz,series_position,MISSING,no
MB-187,9789063052218,nl,bookbrainz,subjects,MISSING,no
MB-188,9789064102462,nl,open_library,isbn_exact,MISSING,no
MB-188,9789064102462,nl,open_library,title,MISSING,no
MB-188,9789064102462,nl,open_library,subtitle,MISSING,no
MB-188,9789064102462,nl,open_library,authors,MISSING,no
MB-188,9789064102462,nl,open_library,language,MISSING,no
MB-188,9789064102462,nl,open_library,publisher,MISSING,no
MB-188,9789064102462,nl,open_library,publication_date,MISSING,no
MB-188,9789064102462,nl,open_library,page_count,MISSING,no
MB-188,9789064102462,nl,open_library,cover,MISSING,no
MB-188,9789064102462,nl,open_library,work_link,MISSING,no
MB-188,9789064102462,nl,open_library,series,MISSING,no
MB-188,9789064102462,nl,open_library,series_position,MISSING,no
MB-188,9789064102462,nl,open_library,subjects,MISSING,no
MB-188,9789064102462,nl,google_books,isbn_exact,CORRECT,no
MB-188,9789064102462,nl,google_books,title,CORRECT,no
MB-188,9789064102462,nl,google_books,subtitle,MISSING,no
MB-188,9789064102462,nl,google_books,authors,CORRECT,no
MB-188,9789064102462,nl,google_books,language,CORRECT,no
MB-188,9789064102462,nl,google_books,publisher,MISSING,no
MB-188,9789064102462,nl,google_books,publication_date,CORRECT,no
MB-188,9789064102462,nl,google_books,page_count,CORRECT,no
MB-188,9789064102462,nl,google_books,cover,MISSING,no
MB-188,9789064102462,nl,google_books,work_link,MISSING,no
MB-188,9789064102462,nl,google_books,series,MISSING,no
MB-188,9789064102462,nl,google_books,series_position,MISSING,no
MB-188,9789064102462,nl,google_books,subjects,MISSING,no
MB-188,9789064102462,nl,wikidata,isbn_exact,MISSING,no
MB-188,9789064102462,nl,wikidata,title,MISSING,no
MB-188,9789064102462,nl,wikidata,subtitle,MISSING,no
MB-188,9789064102462,nl,wikidata,authors,MISSING,no
MB-188,9789064102462,nl,wikidata,language,MISSING,no
MB-188,9789064102462,nl,wikidata,publisher,MISSING,no
MB-188,9789064102462,nl,wikidata,publication_date,MISSING,no
MB-188,9789064102462,nl,wikidata,page_count,MISSING,no
MB-188,9789064102462,nl,wikidata,cover,MISSING,no
MB-188,9789064102462,nl,wikidata,work_link,MISSING,no
MB-188,9789064102462,nl,wikidata,series,MISSING,no
MB-188,9789064102462,nl,wikidata,series_position,MISSING,no
MB-188,9789064102462,nl,wikidata,subjects,MISSING,no
MB-188,9789064102462,nl,bookbrainz,isbn_exact,MISSING,no
MB-188,9789064102462,nl,bookbrainz,title,MISSING,no
MB-188,9789064102462,nl,bookbrainz,subtitle,MISSING,no
MB-188,9789064102462,nl,bookbrainz,authors,MISSING,no
MB-188,9789064102462,nl,bookbrainz,language,MISSING,no
MB-188,9789064102462,nl,bookbrainz,publisher,MISSING,no
MB-188,9789064102462,nl,bookbrainz,publication_date,MISSING,no
MB-188,9789064102462,nl,bookbrainz,page_count,MISSING,no
MB-188,9789064102462,nl,bookbrainz,cover,MISSING,no
MB-188,9789064102462,nl,bookbrainz,work_link,MISSING,no
MB-188,9789064102462,nl,bookbrainz,series,MISSING,no
MB-188,9789064102462,nl,bookbrainz,series_position,MISSING,no
MB-188,9789064102462,nl,bookbrainz,subjects,MISSING,no
MB-189,9789064102974,nl,open_library,isbn_exact,MISSING,no
MB-189,9789064102974,nl,open_library,title,MISSING,no
MB-189,9789064102974,nl,open_library,subtitle,MISSING,no
MB-189,9789064102974,nl,open_library,authors,MISSING,no
MB-189,9789064102974,nl,open_library,language,MISSING,no
MB-189,9789064102974,nl,open_library,publisher,MISSING,no
MB-189,9789064102974,nl,open_library,publication_date,MISSING,no
MB-189,9789064102974,nl,open_library,page_count,MISSING,no
MB-189,9789064102974,nl,open_library,cover,MISSING,no
MB-189,9789064102974,nl,open_library,work_link,MISSING,no
MB-189,9789064102974,nl,open_library,series,MISSING,no
MB-189,9789064102974,nl,open_library,series_position,MISSING,no
MB-189,9789064102974,nl,open_library,subjects,MISSING,no
MB-189,9789064102974,nl,google_books,isbn_exact,CORRECT,no
MB-189,9789064102974,nl,google_books,title,CORRECT,no
MB-189,9789064102974,nl,google_books,subtitle,UNVERIFIABLE,no
MB-189,9789064102974,nl,google_books,authors,CORRECT,no
MB-189,9789064102974,nl,google_books,language,CORRECT,no
MB-189,9789064102974,nl,google_books,publisher,MISSING,no
MB-189,9789064102974,nl,google_books,publication_date,CORRECT,no
MB-189,9789064102974,nl,google_books,page_count,CORRECT,no
MB-189,9789064102974,nl,google_books,cover,CORRECT,no
MB-189,9789064102974,nl,google_books,work_link,MISSING,no
MB-189,9789064102974,nl,google_books,series,MISSING,no
MB-189,9789064102974,nl,google_books,series_position,MISSING,no
MB-189,9789064102974,nl,google_books,subjects,MISSING,no
MB-189,9789064102974,nl,wikidata,isbn_exact,MISSING,no
MB-189,9789064102974,nl,wikidata,title,MISSING,no
MB-189,9789064102974,nl,wikidata,subtitle,MISSING,no
MB-189,9789064102974,nl,wikidata,authors,MISSING,no
MB-189,9789064102974,nl,wikidata,language,MISSING,no
MB-189,9789064102974,nl,wikidata,publisher,MISSING,no
MB-189,9789064102974,nl,wikidata,publication_date,MISSING,no
MB-189,9789064102974,nl,wikidata,page_count,MISSING,no
MB-189,9789064102974,nl,wikidata,cover,MISSING,no
MB-189,9789064102974,nl,wikidata,work_link,MISSING,no
MB-189,9789064102974,nl,wikidata,series,MISSING,no
MB-189,9789064102974,nl,wikidata,series_position,MISSING,no
MB-189,9789064102974,nl,wikidata,subjects,MISSING,no
MB-189,9789064102974,nl,bookbrainz,isbn_exact,MISSING,no
MB-189,9789064102974,nl,bookbrainz,title,MISSING,no
MB-189,9789064102974,nl,bookbrainz,subtitle,MISSING,no
MB-189,9789064102974,nl,bookbrainz,authors,MISSING,no
MB-189,9789064102974,nl,bookbrainz,language,MISSING,no
MB-189,9789064102974,nl,bookbrainz,publisher,MISSING,no
MB-189,9789064102974,nl,bookbrainz,publication_date,MISSING,no
MB-189,9789064102974,nl,bookbrainz,page_count,MISSING,no
MB-189,9789064102974,nl,bookbrainz,cover,MISSING,no
MB-189,9789064102974,nl,bookbrainz,work_link,MISSING,no
MB-189,9789064102974,nl,bookbrainz,series,MISSING,no
MB-189,9789064102974,nl,bookbrainz,series_position,MISSING,no
MB-189,9789064102974,nl,bookbrainz,subjects,MISSING,no
MB-190,9789069635729,nl,open_library,isbn_exact,MISSING,no
MB-190,9789069635729,nl,open_library,title,MISSING,no
MB-190,9789069635729,nl,open_library,subtitle,MISSING,no
MB-190,9789069635729,nl,open_library,authors,MISSING,no
MB-190,9789069635729,nl,open_library,language,MISSING,no
MB-190,9789069635729,nl,open_library,publisher,MISSING,no
MB-190,9789069635729,nl,open_library,publication_date,MISSING,no
MB-190,9789069635729,nl,open_library,page_count,MISSING,no
MB-190,9789069635729,nl,open_library,cover,MISSING,no
MB-190,9789069635729,nl,open_library,work_link,MISSING,no
MB-190,9789069635729,nl,open_library,series,MISSING,no
MB-190,9789069635729,nl,open_library,series_position,MISSING,no
MB-190,9789069635729,nl,open_library,subjects,MISSING,no
MB-190,9789069635729,nl,google_books,isbn_exact,CORRECT,no
MB-190,9789069635729,nl,google_books,title,CORRECT,no
MB-190,9789069635729,nl,google_books,subtitle,MISSING,no
MB-190,9789069635729,nl,google_books,authors,CORRECT,no
MB-190,9789069635729,nl,google_books,language,CORRECT,no
MB-190,9789069635729,nl,google_books,publisher,MISSING,no
MB-190,9789069635729,nl,google_books,publication_date,CORRECT,no
MB-190,9789069635729,nl,google_books,page_count,CORRECT,no
MB-190,9789069635729,nl,google_books,cover,CORRECT,no
MB-190,9789069635729,nl,google_books,work_link,MISSING,no
MB-190,9789069635729,nl,google_books,series,MISSING,no
MB-190,9789069635729,nl,google_books,series_position,MISSING,no
MB-190,9789069635729,nl,google_books,subjects,MISSING,no
MB-190,9789069635729,nl,wikidata,isbn_exact,MISSING,no
MB-190,9789069635729,nl,wikidata,title,MISSING,no
MB-190,9789069635729,nl,wikidata,subtitle,MISSING,no
MB-190,9789069635729,nl,wikidata,authors,MISSING,no
MB-190,9789069635729,nl,wikidata,language,MISSING,no
MB-190,9789069635729,nl,wikidata,publisher,MISSING,no
MB-190,9789069635729,nl,wikidata,publication_date,MISSING,no
MB-190,9789069635729,nl,wikidata,page_count,MISSING,no
MB-190,9789069635729,nl,wikidata,cover,MISSING,no
MB-190,9789069635729,nl,wikidata,work_link,MISSING,no
MB-190,9789069635729,nl,wikidata,series,MISSING,no
MB-190,9789069635729,nl,wikidata,series_position,MISSING,no
MB-190,9789069635729,nl,wikidata,subjects,MISSING,no
MB-190,9789069635729,nl,bookbrainz,isbn_exact,MISSING,no
MB-190,9789069635729,nl,bookbrainz,title,MISSING,no
MB-190,9789069635729,nl,bookbrainz,subtitle,MISSING,no
MB-190,9789069635729,nl,bookbrainz,authors,MISSING,no
MB-190,9789069635729,nl,bookbrainz,language,MISSING,no
MB-190,9789069635729,nl,bookbrainz,publisher,MISSING,no
MB-190,9789069635729,nl,bookbrainz,publication_date,MISSING,no
MB-190,9789069635729,nl,bookbrainz,page_count,MISSING,no
MB-190,9789069635729,nl,bookbrainz,cover,MISSING,no
MB-190,9789069635729,nl,bookbrainz,work_link,MISSING,no
MB-190,9789069635729,nl,bookbrainz,series,MISSING,no
MB-190,9789069635729,nl,bookbrainz,series_position,MISSING,no
MB-190,9789069635729,nl,bookbrainz,subjects,MISSING,no
MB-191,9789074336277,nl,open_library,isbn_exact,CORRECT,no
MB-191,9789074336277,nl,open_library,title,CORRECT,no
MB-191,9789074336277,nl,open_library,subtitle,MISSING,no
MB-191,9789074336277,nl,open_library,authors,CORRECT,no
MB-191,9789074336277,nl,open_library,language,CORRECT,no
MB-191,9789074336277,nl,open_library,publisher,CORRECT,no
MB-191,9789074336277,nl,open_library,publication_date,CORRECT,no
MB-191,9789074336277,nl,open_library,page_count,CORRECT,no
MB-191,9789074336277,nl,open_library,cover,CORRECT,no
MB-191,9789074336277,nl,open_library,work_link,CORRECT,no
MB-191,9789074336277,nl,open_library,series,UNVERIFIABLE,no
MB-191,9789074336277,nl,open_library,series_position,MISSING,no
MB-191,9789074336277,nl,open_library,subjects,MISSING,no
MB-191,9789074336277,nl,google_books,isbn_exact,CORRECT,no
MB-191,9789074336277,nl,google_books,title,CORRECT,no
MB-191,9789074336277,nl,google_books,subtitle,MISSING,no
MB-191,9789074336277,nl,google_books,authors,CORRECT,no
MB-191,9789074336277,nl,google_books,language,CORRECT,no
MB-191,9789074336277,nl,google_books,publisher,MISSING,no
MB-191,9789074336277,nl,google_books,publication_date,CORRECT,no
MB-191,9789074336277,nl,google_books,page_count,CORRECT,no
MB-191,9789074336277,nl,google_books,cover,MISSING,no
MB-191,9789074336277,nl,google_books,work_link,MISSING,no
MB-191,9789074336277,nl,google_books,series,MISSING,no
MB-191,9789074336277,nl,google_books,series_position,MISSING,no
MB-191,9789074336277,nl,google_books,subjects,MISSING,no
MB-191,9789074336277,nl,wikidata,isbn_exact,MISSING,no
MB-191,9789074336277,nl,wikidata,title,MISSING,no
MB-191,9789074336277,nl,wikidata,subtitle,MISSING,no
MB-191,9789074336277,nl,wikidata,authors,MISSING,no
MB-191,9789074336277,nl,wikidata,language,MISSING,no
MB-191,9789074336277,nl,wikidata,publisher,MISSING,no
MB-191,9789074336277,nl,wikidata,publication_date,MISSING,no
MB-191,9789074336277,nl,wikidata,page_count,MISSING,no
MB-191,9789074336277,nl,wikidata,cover,MISSING,no
MB-191,9789074336277,nl,wikidata,work_link,MISSING,no
MB-191,9789074336277,nl,wikidata,series,MISSING,no
MB-191,9789074336277,nl,wikidata,series_position,MISSING,no
MB-191,9789074336277,nl,wikidata,subjects,MISSING,no
MB-191,9789074336277,nl,bookbrainz,isbn_exact,MISSING,no
MB-191,9789074336277,nl,bookbrainz,title,MISSING,no
MB-191,9789074336277,nl,bookbrainz,subtitle,MISSING,no
MB-191,9789074336277,nl,bookbrainz,authors,MISSING,no
MB-191,9789074336277,nl,bookbrainz,language,MISSING,no
MB-191,9789074336277,nl,bookbrainz,publisher,MISSING,no
MB-191,9789074336277,nl,bookbrainz,publication_date,MISSING,no
MB-191,9789074336277,nl,bookbrainz,page_count,MISSING,no
MB-191,9789074336277,nl,bookbrainz,cover,MISSING,no
MB-191,9789074336277,nl,bookbrainz,work_link,MISSING,no
MB-191,9789074336277,nl,bookbrainz,series,MISSING,no
MB-191,9789074336277,nl,bookbrainz,series_position,MISSING,no
MB-191,9789074336277,nl,bookbrainz,subjects,MISSING,no
MB-192,9789089751003,nl,open_library,isbn_exact,MISSING,no
MB-192,9789089751003,nl,open_library,title,MISSING,no
MB-192,9789089751003,nl,open_library,subtitle,MISSING,no
MB-192,9789089751003,nl,open_library,authors,MISSING,no
MB-192,9789089751003,nl,open_library,language,MISSING,no
MB-192,9789089751003,nl,open_library,publisher,MISSING,no
MB-192,9789089751003,nl,open_library,publication_date,MISSING,no
MB-192,9789089751003,nl,open_library,page_count,MISSING,no
MB-192,9789089751003,nl,open_library,cover,MISSING,no
MB-192,9789089751003,nl,open_library,work_link,MISSING,no
MB-192,9789089751003,nl,open_library,series,MISSING,no
MB-192,9789089751003,nl,open_library,series_position,MISSING,no
MB-192,9789089751003,nl,open_library,subjects,MISSING,no
MB-192,9789089751003,nl,google_books,isbn_exact,MISSING,no
MB-192,9789089751003,nl,google_books,title,MISSING,no
MB-192,9789089751003,nl,google_books,subtitle,MISSING,no
MB-192,9789089751003,nl,google_books,authors,MISSING,no
MB-192,9789089751003,nl,google_books,language,MISSING,no
MB-192,9789089751003,nl,google_books,publisher,MISSING,no
MB-192,9789089751003,nl,google_books,publication_date,MISSING,no
MB-192,9789089751003,nl,google_books,page_count,MISSING,no
MB-192,9789089751003,nl,google_books,cover,MISSING,no
MB-192,9789089751003,nl,google_books,work_link,MISSING,no
MB-192,9789089751003,nl,google_books,series,MISSING,no
MB-192,9789089751003,nl,google_books,series_position,MISSING,no
MB-192,9789089751003,nl,google_books,subjects,MISSING,no
MB-192,9789089751003,nl,wikidata,isbn_exact,MISSING,no
MB-192,9789089751003,nl,wikidata,title,MISSING,no
MB-192,9789089751003,nl,wikidata,subtitle,MISSING,no
MB-192,9789089751003,nl,wikidata,authors,MISSING,no
MB-192,9789089751003,nl,wikidata,language,MISSING,no
MB-192,9789089751003,nl,wikidata,publisher,MISSING,no
MB-192,9789089751003,nl,wikidata,publication_date,MISSING,no
MB-192,9789089751003,nl,wikidata,page_count,MISSING,no
MB-192,9789089751003,nl,wikidata,cover,MISSING,no
MB-192,9789089751003,nl,wikidata,work_link,MISSING,no
MB-192,9789089751003,nl,wikidata,series,MISSING,no
MB-192,9789089751003,nl,wikidata,series_position,MISSING,no
MB-192,9789089751003,nl,wikidata,subjects,MISSING,no
MB-192,9789089751003,nl,bookbrainz,isbn_exact,MISSING,no
MB-192,9789089751003,nl,bookbrainz,title,MISSING,no
MB-192,9789089751003,nl,bookbrainz,subtitle,MISSING,no
MB-192,9789089751003,nl,bookbrainz,authors,MISSING,no
MB-192,9789089751003,nl,bookbrainz,language,MISSING,no
MB-192,9789089751003,nl,bookbrainz,publisher,MISSING,no
MB-192,9789089751003,nl,bookbrainz,publication_date,MISSING,no
MB-192,9789089751003,nl,bookbrainz,page_count,MISSING,no
MB-192,9789089751003,nl,bookbrainz,cover,MISSING,no
MB-192,9789089751003,nl,bookbrainz,work_link,MISSING,no
MB-192,9789089751003,nl,bookbrainz,series,MISSING,no
MB-192,9789089751003,nl,bookbrainz,series_position,MISSING,no
MB-192,9789089751003,nl,bookbrainz,subjects,MISSING,no
MB-193,9789400505162,nl,open_library,isbn_exact,MISSING,no
MB-193,9789400505162,nl,open_library,title,MISSING,no
MB-193,9789400505162,nl,open_library,subtitle,MISSING,no
MB-193,9789400505162,nl,open_library,authors,MISSING,no
MB-193,9789400505162,nl,open_library,language,MISSING,no
MB-193,9789400505162,nl,open_library,publisher,MISSING,no
MB-193,9789400505162,nl,open_library,publication_date,MISSING,no
MB-193,9789400505162,nl,open_library,page_count,MISSING,no
MB-193,9789400505162,nl,open_library,cover,MISSING,no
MB-193,9789400505162,nl,open_library,work_link,MISSING,no
MB-193,9789400505162,nl,open_library,series,MISSING,no
MB-193,9789400505162,nl,open_library,series_position,MISSING,no
MB-193,9789400505162,nl,open_library,subjects,MISSING,no
MB-193,9789400505162,nl,google_books,isbn_exact,CORRECT,no
MB-193,9789400505162,nl,google_books,title,CORRECT,no
MB-193,9789400505162,nl,google_books,subtitle,MISSING,no
MB-193,9789400505162,nl,google_books,authors,CORRECT,no
MB-193,9789400505162,nl,google_books,language,CORRECT,no
MB-193,9789400505162,nl,google_books,publisher,MISSING,no
MB-193,9789400505162,nl,google_books,publication_date,CORRECT,no
MB-193,9789400505162,nl,google_books,page_count,CORRECT,no
MB-193,9789400505162,nl,google_books,cover,MISSING,no
MB-193,9789400505162,nl,google_books,work_link,MISSING,no
MB-193,9789400505162,nl,google_books,series,MISSING,no
MB-193,9789400505162,nl,google_books,series_position,MISSING,no
MB-193,9789400505162,nl,google_books,subjects,MISSING,no
MB-193,9789400505162,nl,wikidata,isbn_exact,MISSING,no
MB-193,9789400505162,nl,wikidata,title,MISSING,no
MB-193,9789400505162,nl,wikidata,subtitle,MISSING,no
MB-193,9789400505162,nl,wikidata,authors,MISSING,no
MB-193,9789400505162,nl,wikidata,language,MISSING,no
MB-193,9789400505162,nl,wikidata,publisher,MISSING,no
MB-193,9789400505162,nl,wikidata,publication_date,MISSING,no
MB-193,9789400505162,nl,wikidata,page_count,MISSING,no
MB-193,9789400505162,nl,wikidata,cover,MISSING,no
MB-193,9789400505162,nl,wikidata,work_link,MISSING,no
MB-193,9789400505162,nl,wikidata,series,MISSING,no
MB-193,9789400505162,nl,wikidata,series_position,MISSING,no
MB-193,9789400505162,nl,wikidata,subjects,MISSING,no
MB-193,9789400505162,nl,bookbrainz,isbn_exact,MISSING,no
MB-193,9789400505162,nl,bookbrainz,title,MISSING,no
MB-193,9789400505162,nl,bookbrainz,subtitle,MISSING,no
MB-193,9789400505162,nl,bookbrainz,authors,MISSING,no
MB-193,9789400505162,nl,bookbrainz,language,MISSING,no
MB-193,9789400505162,nl,bookbrainz,publisher,MISSING,no
MB-193,9789400505162,nl,bookbrainz,publication_date,MISSING,no
MB-193,9789400505162,nl,bookbrainz,page_count,MISSING,no
MB-193,9789400505162,nl,bookbrainz,cover,MISSING,no
MB-193,9789400505162,nl,bookbrainz,work_link,MISSING,no
MB-193,9789400505162,nl,bookbrainz,series,MISSING,no
MB-193,9789400505162,nl,bookbrainz,series_position,MISSING,no
MB-193,9789400505162,nl,bookbrainz,subjects,MISSING,no
MB-194,9789403130811,nl,open_library,isbn_exact,CORRECT,no
MB-194,9789403130811,nl,open_library,title,CORRECT,no
MB-194,9789403130811,nl,open_library,subtitle,UNVERIFIABLE,no
MB-194,9789403130811,nl,open_library,authors,CORRECT,no
MB-194,9789403130811,nl,open_library,language,MISSING,no
MB-194,9789403130811,nl,open_library,publisher,UNVERIFIABLE,no
MB-194,9789403130811,nl,open_library,publication_date,CORRECT,no
MB-194,9789403130811,nl,open_library,page_count,MISSING,no
MB-194,9789403130811,nl,open_library,cover,CORRECT,no
MB-194,9789403130811,nl,open_library,work_link,CORRECT,no
MB-194,9789403130811,nl,open_library,series,MISSING,no
MB-194,9789403130811,nl,open_library,series_position,MISSING,no
MB-194,9789403130811,nl,open_library,subjects,MISSING,no
MB-194,9789403130811,nl,google_books,isbn_exact,CORRECT,no
MB-194,9789403130811,nl,google_books,title,CORRECT,no
MB-194,9789403130811,nl,google_books,subtitle,MISSING,no
MB-194,9789403130811,nl,google_books,authors,CORRECT,no
MB-194,9789403130811,nl,google_books,language,CORRECT,no
MB-194,9789403130811,nl,google_books,publisher,MISSING,no
MB-194,9789403130811,nl,google_books,publication_date,CORRECT,no
MB-194,9789403130811,nl,google_books,page_count,CORRECT,no
MB-194,9789403130811,nl,google_books,cover,MISSING,no
MB-194,9789403130811,nl,google_books,work_link,MISSING,no
MB-194,9789403130811,nl,google_books,series,MISSING,no
MB-194,9789403130811,nl,google_books,series_position,MISSING,no
MB-194,9789403130811,nl,google_books,subjects,MISSING,no
MB-194,9789403130811,nl,wikidata,isbn_exact,MISSING,no
MB-194,9789403130811,nl,wikidata,title,MISSING,no
MB-194,9789403130811,nl,wikidata,subtitle,MISSING,no
MB-194,9789403130811,nl,wikidata,authors,MISSING,no
MB-194,9789403130811,nl,wikidata,language,MISSING,no
MB-194,9789403130811,nl,wikidata,publisher,MISSING,no
MB-194,9789403130811,nl,wikidata,publication_date,MISSING,no
MB-194,9789403130811,nl,wikidata,page_count,MISSING,no
MB-194,9789403130811,nl,wikidata,cover,MISSING,no
MB-194,9789403130811,nl,wikidata,work_link,MISSING,no
MB-194,9789403130811,nl,wikidata,series,MISSING,no
MB-194,9789403130811,nl,wikidata,series_position,MISSING,no
MB-194,9789403130811,nl,wikidata,subjects,MISSING,no
MB-194,9789403130811,nl,bookbrainz,isbn_exact,MISSING,no
MB-194,9789403130811,nl,bookbrainz,title,MISSING,no
MB-194,9789403130811,nl,bookbrainz,subtitle,MISSING,no
MB-194,9789403130811,nl,bookbrainz,authors,MISSING,no
MB-194,9789403130811,nl,bookbrainz,language,MISSING,no
MB-194,9789403130811,nl,bookbrainz,publisher,MISSING,no
MB-194,9789403130811,nl,bookbrainz,publication_date,MISSING,no
MB-194,9789403130811,nl,bookbrainz,page_count,MISSING,no
MB-194,9789403130811,nl,bookbrainz,cover,MISSING,no
MB-194,9789403130811,nl,bookbrainz,work_link,MISSING,no
MB-194,9789403130811,nl,bookbrainz,series,MISSING,no
MB-194,9789403130811,nl,bookbrainz,series_position,MISSING,no
MB-194,9789403130811,nl,bookbrainz,subjects,MISSING,no
MB-195,9789403132600,nl,open_library,isbn_exact,MISSING,no
MB-195,9789403132600,nl,open_library,title,MISSING,no
MB-195,9789403132600,nl,open_library,subtitle,MISSING,no
MB-195,9789403132600,nl,open_library,authors,MISSING,no
MB-195,9789403132600,nl,open_library,language,MISSING,no
MB-195,9789403132600,nl,open_library,publisher,MISSING,no
MB-195,9789403132600,nl,open_library,publication_date,MISSING,no
MB-195,9789403132600,nl,open_library,page_count,MISSING,no
MB-195,9789403132600,nl,open_library,cover,MISSING,no
MB-195,9789403132600,nl,open_library,work_link,MISSING,no
MB-195,9789403132600,nl,open_library,series,MISSING,no
MB-195,9789403132600,nl,open_library,series_position,MISSING,no
MB-195,9789403132600,nl,open_library,subjects,MISSING,no
MB-195,9789403132600,nl,google_books,isbn_exact,CORRECT,no
MB-195,9789403132600,nl,google_books,title,CORRECT,no
MB-195,9789403132600,nl,google_books,subtitle,MISSING,no
MB-195,9789403132600,nl,google_books,authors,CORRECT,no
MB-195,9789403132600,nl,google_books,language,CORRECT,no
MB-195,9789403132600,nl,google_books,publisher,MISSING,no
MB-195,9789403132600,nl,google_books,publication_date,CORRECT,no
MB-195,9789403132600,nl,google_books,page_count,MISSING,no
MB-195,9789403132600,nl,google_books,cover,MISSING,no
MB-195,9789403132600,nl,google_books,work_link,MISSING,no
MB-195,9789403132600,nl,google_books,series,MISSING,no
MB-195,9789403132600,nl,google_books,series_position,MISSING,no
MB-195,9789403132600,nl,google_books,subjects,MISSING,no
MB-195,9789403132600,nl,wikidata,isbn_exact,MISSING,no
MB-195,9789403132600,nl,wikidata,title,MISSING,no
MB-195,9789403132600,nl,wikidata,subtitle,MISSING,no
MB-195,9789403132600,nl,wikidata,authors,MISSING,no
MB-195,9789403132600,nl,wikidata,language,MISSING,no
MB-195,9789403132600,nl,wikidata,publisher,MISSING,no
MB-195,9789403132600,nl,wikidata,publication_date,MISSING,no
MB-195,9789403132600,nl,wikidata,page_count,MISSING,no
MB-195,9789403132600,nl,wikidata,cover,MISSING,no
MB-195,9789403132600,nl,wikidata,work_link,MISSING,no
MB-195,9789403132600,nl,wikidata,series,MISSING,no
MB-195,9789403132600,nl,wikidata,series_position,MISSING,no
MB-195,9789403132600,nl,wikidata,subjects,MISSING,no
MB-195,9789403132600,nl,bookbrainz,isbn_exact,MISSING,no
MB-195,9789403132600,nl,bookbrainz,title,MISSING,no
MB-195,9789403132600,nl,bookbrainz,subtitle,MISSING,no
MB-195,9789403132600,nl,bookbrainz,authors,MISSING,no
MB-195,9789403132600,nl,bookbrainz,language,MISSING,no
MB-195,9789403132600,nl,bookbrainz,publisher,MISSING,no
MB-195,9789403132600,nl,bookbrainz,publication_date,MISSING,no
MB-195,9789403132600,nl,bookbrainz,page_count,MISSING,no
MB-195,9789403132600,nl,bookbrainz,cover,MISSING,no
MB-195,9789403132600,nl,bookbrainz,work_link,MISSING,no
MB-195,9789403132600,nl,bookbrainz,series,MISSING,no
MB-195,9789403132600,nl,bookbrainz,series_position,MISSING,no
MB-195,9789403132600,nl,bookbrainz,subjects,MISSING,no
MB-196,9789463590600,nl,open_library,isbn_exact,MISSING,no
MB-196,9789463590600,nl,open_library,title,MISSING,no
MB-196,9789463590600,nl,open_library,subtitle,MISSING,no
MB-196,9789463590600,nl,open_library,authors,MISSING,no
MB-196,9789463590600,nl,open_library,language,MISSING,no
MB-196,9789463590600,nl,open_library,publisher,MISSING,no
MB-196,9789463590600,nl,open_library,publication_date,MISSING,no
MB-196,9789463590600,nl,open_library,page_count,MISSING,no
MB-196,9789463590600,nl,open_library,cover,MISSING,no
MB-196,9789463590600,nl,open_library,work_link,MISSING,no
MB-196,9789463590600,nl,open_library,series,MISSING,no
MB-196,9789463590600,nl,open_library,series_position,MISSING,no
MB-196,9789463590600,nl,open_library,subjects,MISSING,no
MB-196,9789463590600,nl,google_books,isbn_exact,CORRECT,no
MB-196,9789463590600,nl,google_books,title,CORRECT,no
MB-196,9789463590600,nl,google_books,subtitle,UNVERIFIABLE,no
MB-196,9789463590600,nl,google_books,authors,CORRECT,no
MB-196,9789463590600,nl,google_books,language,CORRECT,no
MB-196,9789463590600,nl,google_books,publisher,MISSING,no
MB-196,9789463590600,nl,google_books,publication_date,CORRECT,no
MB-196,9789463590600,nl,google_books,page_count,MISSING,no
MB-196,9789463590600,nl,google_books,cover,MISSING,no
MB-196,9789463590600,nl,google_books,work_link,MISSING,no
MB-196,9789463590600,nl,google_books,series,MISSING,no
MB-196,9789463590600,nl,google_books,series_position,MISSING,no
MB-196,9789463590600,nl,google_books,subjects,MISSING,no
MB-196,9789463590600,nl,wikidata,isbn_exact,MISSING,no
MB-196,9789463590600,nl,wikidata,title,MISSING,no
MB-196,9789463590600,nl,wikidata,subtitle,MISSING,no
MB-196,9789463590600,nl,wikidata,authors,MISSING,no
MB-196,9789463590600,nl,wikidata,language,MISSING,no
MB-196,9789463590600,nl,wikidata,publisher,MISSING,no
MB-196,9789463590600,nl,wikidata,publication_date,MISSING,no
MB-196,9789463590600,nl,wikidata,page_count,MISSING,no
MB-196,9789463590600,nl,wikidata,cover,MISSING,no
MB-196,9789463590600,nl,wikidata,work_link,MISSING,no
MB-196,9789463590600,nl,wikidata,series,MISSING,no
MB-196,9789463590600,nl,wikidata,series_position,MISSING,no
MB-196,9789463590600,nl,wikidata,subjects,MISSING,no
MB-196,9789463590600,nl,bookbrainz,isbn_exact,MISSING,no
MB-196,9789463590600,nl,bookbrainz,title,MISSING,no
MB-196,9789463590600,nl,bookbrainz,subtitle,MISSING,no
MB-196,9789463590600,nl,bookbrainz,authors,MISSING,no
MB-196,9789463590600,nl,bookbrainz,language,MISSING,no
MB-196,9789463590600,nl,bookbrainz,publisher,MISSING,no
MB-196,9789463590600,nl,bookbrainz,publication_date,MISSING,no
MB-196,9789463590600,nl,bookbrainz,page_count,MISSING,no
MB-196,9789463590600,nl,bookbrainz,cover,MISSING,no
MB-196,9789463590600,nl,bookbrainz,work_link,MISSING,no
MB-196,9789463590600,nl,bookbrainz,series,MISSING,no
MB-196,9789463590600,nl,bookbrainz,series_position,MISSING,no
MB-196,9789463590600,nl,bookbrainz,subjects,MISSING,no
MB-197,9789493409767,nl,open_library,isbn_exact,MISSING,no
MB-197,9789493409767,nl,open_library,title,MISSING,no
MB-197,9789493409767,nl,open_library,subtitle,MISSING,no
MB-197,9789493409767,nl,open_library,authors,MISSING,no
MB-197,9789493409767,nl,open_library,language,MISSING,no
MB-197,9789493409767,nl,open_library,publisher,MISSING,no
MB-197,9789493409767,nl,open_library,publication_date,MISSING,no
MB-197,9789493409767,nl,open_library,page_count,MISSING,no
MB-197,9789493409767,nl,open_library,cover,MISSING,no
MB-197,9789493409767,nl,open_library,work_link,MISSING,no
MB-197,9789493409767,nl,open_library,series,MISSING,no
MB-197,9789493409767,nl,open_library,series_position,MISSING,no
MB-197,9789493409767,nl,open_library,subjects,MISSING,no
MB-197,9789493409767,nl,google_books,isbn_exact,CORRECT,no
MB-197,9789493409767,nl,google_books,title,CORRECT,no
MB-197,9789493409767,nl,google_books,subtitle,MISSING,no
MB-197,9789493409767,nl,google_books,authors,MISSING,no
MB-197,9789493409767,nl,google_books,language,CORRECT,no
MB-197,9789493409767,nl,google_books,publisher,MISSING,no
MB-197,9789493409767,nl,google_books,publication_date,CORRECT,no
MB-197,9789493409767,nl,google_books,page_count,MISSING,no
MB-197,9789493409767,nl,google_books,cover,MISSING,no
MB-197,9789493409767,nl,google_books,work_link,MISSING,no
MB-197,9789493409767,nl,google_books,series,MISSING,no
MB-197,9789493409767,nl,google_books,series_position,MISSING,no
MB-197,9789493409767,nl,google_books,subjects,MISSING,no
MB-197,9789493409767,nl,wikidata,isbn_exact,MISSING,no
MB-197,9789493409767,nl,wikidata,title,MISSING,no
MB-197,9789493409767,nl,wikidata,subtitle,MISSING,no
MB-197,9789493409767,nl,wikidata,authors,MISSING,no
MB-197,9789493409767,nl,wikidata,language,MISSING,no
MB-197,9789493409767,nl,wikidata,publisher,MISSING,no
MB-197,9789493409767,nl,wikidata,publication_date,MISSING,no
MB-197,9789493409767,nl,wikidata,page_count,MISSING,no
MB-197,9789493409767,nl,wikidata,cover,MISSING,no
MB-197,9789493409767,nl,wikidata,work_link,MISSING,no
MB-197,9789493409767,nl,wikidata,series,MISSING,no
MB-197,9789493409767,nl,wikidata,series_position,MISSING,no
MB-197,9789493409767,nl,wikidata,subjects,MISSING,no
MB-197,9789493409767,nl,bookbrainz,isbn_exact,MISSING,no
MB-197,9789493409767,nl,bookbrainz,title,MISSING,no
MB-197,9789493409767,nl,bookbrainz,subtitle,MISSING,no
MB-197,9789493409767,nl,bookbrainz,authors,MISSING,no
MB-197,9789493409767,nl,bookbrainz,language,MISSING,no
MB-197,9789493409767,nl,bookbrainz,publisher,MISSING,no
MB-197,9789493409767,nl,bookbrainz,publication_date,MISSING,no
MB-197,9789493409767,nl,bookbrainz,page_count,MISSING,no
MB-197,9789493409767,nl,bookbrainz,cover,MISSING,no
MB-197,9789493409767,nl,bookbrainz,work_link,MISSING,no
MB-197,9789493409767,nl,bookbrainz,series,MISSING,no
MB-197,9789493409767,nl,bookbrainz,series_position,MISSING,no
MB-197,9789493409767,nl,bookbrainz,subjects,MISSING,no
MB-198,9789020610338,nl,open_library,isbn_exact,MISSING,no
MB-198,9789020610338,nl,open_library,title,MISSING,no
MB-198,9789020610338,nl,open_library,subtitle,MISSING,no
MB-198,9789020610338,nl,open_library,authors,MISSING,no
MB-198,9789020610338,nl,open_library,language,MISSING,no
MB-198,9789020610338,nl,open_library,publisher,MISSING,no
MB-198,9789020610338,nl,open_library,publication_date,MISSING,no
MB-198,9789020610338,nl,open_library,page_count,MISSING,no
MB-198,9789020610338,nl,open_library,cover,MISSING,no
MB-198,9789020610338,nl,open_library,work_link,MISSING,no
MB-198,9789020610338,nl,open_library,series,MISSING,yes
MB-198,9789020610338,nl,open_library,series_position,MISSING,yes
MB-198,9789020610338,nl,open_library,subjects,MISSING,no
MB-198,9789020610338,nl,google_books,isbn_exact,CORRECT,no
MB-198,9789020610338,nl,google_books,title,CORRECT,no
MB-198,9789020610338,nl,google_books,subtitle,MISSING,no
MB-198,9789020610338,nl,google_books,authors,INCORRECT,no
MB-198,9789020610338,nl,google_books,language,CORRECT,no
MB-198,9789020610338,nl,google_books,publisher,MISSING,no
MB-198,9789020610338,nl,google_books,publication_date,CORRECT,no
MB-198,9789020610338,nl,google_books,page_count,CORRECT,no
MB-198,9789020610338,nl,google_books,cover,MISSING,no
MB-198,9789020610338,nl,google_books,work_link,MISSING,no
MB-198,9789020610338,nl,google_books,series,MISSING,yes
MB-198,9789020610338,nl,google_books,series_position,MISSING,yes
MB-198,9789020610338,nl,google_books,subjects,MISSING,no
MB-198,9789020610338,nl,wikidata,isbn_exact,MISSING,no
MB-198,9789020610338,nl,wikidata,title,MISSING,no
MB-198,9789020610338,nl,wikidata,subtitle,MISSING,no
MB-198,9789020610338,nl,wikidata,authors,MISSING,no
MB-198,9789020610338,nl,wikidata,language,MISSING,no
MB-198,9789020610338,nl,wikidata,publisher,MISSING,no
MB-198,9789020610338,nl,wikidata,publication_date,MISSING,no
MB-198,9789020610338,nl,wikidata,page_count,MISSING,no
MB-198,9789020610338,nl,wikidata,cover,MISSING,no
MB-198,9789020610338,nl,wikidata,work_link,MISSING,no
MB-198,9789020610338,nl,wikidata,series,MISSING,yes
MB-198,9789020610338,nl,wikidata,series_position,MISSING,yes
MB-198,9789020610338,nl,wikidata,subjects,MISSING,no
MB-198,9789020610338,nl,bookbrainz,isbn_exact,MISSING,no
MB-198,9789020610338,nl,bookbrainz,title,MISSING,no
MB-198,9789020610338,nl,bookbrainz,subtitle,MISSING,no
MB-198,9789020610338,nl,bookbrainz,authors,MISSING,no
MB-198,9789020610338,nl,bookbrainz,language,MISSING,no
MB-198,9789020610338,nl,bookbrainz,publisher,MISSING,no
MB-198,9789020610338,nl,bookbrainz,publication_date,MISSING,no
MB-198,9789020610338,nl,bookbrainz,page_count,MISSING,no
MB-198,9789020610338,nl,bookbrainz,cover,MISSING,no
MB-198,9789020610338,nl,bookbrainz,work_link,MISSING,no
MB-198,9789020610338,nl,bookbrainz,series,MISSING,yes
MB-198,9789020610338,nl,bookbrainz,series_position,MISSING,yes
MB-198,9789020610338,nl,bookbrainz,subjects,MISSING,no
MB-199,9789020623253,nl,open_library,isbn_exact,MISSING,no
MB-199,9789020623253,nl,open_library,title,MISSING,no
MB-199,9789020623253,nl,open_library,subtitle,MISSING,no
MB-199,9789020623253,nl,open_library,authors,MISSING,no
MB-199,9789020623253,nl,open_library,language,MISSING,no
MB-199,9789020623253,nl,open_library,publisher,MISSING,no
MB-199,9789020623253,nl,open_library,publication_date,MISSING,no
MB-199,9789020623253,nl,open_library,page_count,MISSING,no
MB-199,9789020623253,nl,open_library,cover,MISSING,no
MB-199,9789020623253,nl,open_library,work_link,MISSING,no
MB-199,9789020623253,nl,open_library,series,MISSING,yes
MB-199,9789020623253,nl,open_library,series_position,MISSING,yes
MB-199,9789020623253,nl,open_library,subjects,MISSING,no
MB-199,9789020623253,nl,google_books,isbn_exact,CORRECT,no
MB-199,9789020623253,nl,google_books,title,CORRECT,no
MB-199,9789020623253,nl,google_books,subtitle,MISSING,no
MB-199,9789020623253,nl,google_books,authors,CORRECT,no
MB-199,9789020623253,nl,google_books,language,CORRECT,no
MB-199,9789020623253,nl,google_books,publisher,MISSING,no
MB-199,9789020623253,nl,google_books,publication_date,CORRECT,no
MB-199,9789020623253,nl,google_books,page_count,CORRECT,no
MB-199,9789020623253,nl,google_books,cover,MISSING,no
MB-199,9789020623253,nl,google_books,work_link,MISSING,no
MB-199,9789020623253,nl,google_books,series,MISSING,yes
MB-199,9789020623253,nl,google_books,series_position,MISSING,yes
MB-199,9789020623253,nl,google_books,subjects,MISSING,no
MB-199,9789020623253,nl,wikidata,isbn_exact,MISSING,no
MB-199,9789020623253,nl,wikidata,title,MISSING,no
MB-199,9789020623253,nl,wikidata,subtitle,MISSING,no
MB-199,9789020623253,nl,wikidata,authors,MISSING,no
MB-199,9789020623253,nl,wikidata,language,MISSING,no
MB-199,9789020623253,nl,wikidata,publisher,MISSING,no
MB-199,9789020623253,nl,wikidata,publication_date,MISSING,no
MB-199,9789020623253,nl,wikidata,page_count,MISSING,no
MB-199,9789020623253,nl,wikidata,cover,MISSING,no
MB-199,9789020623253,nl,wikidata,work_link,MISSING,no
MB-199,9789020623253,nl,wikidata,series,MISSING,yes
MB-199,9789020623253,nl,wikidata,series_position,MISSING,yes
MB-199,9789020623253,nl,wikidata,subjects,MISSING,no
MB-199,9789020623253,nl,bookbrainz,isbn_exact,MISSING,no
MB-199,9789020623253,nl,bookbrainz,title,MISSING,no
MB-199,9789020623253,nl,bookbrainz,subtitle,MISSING,no
MB-199,9789020623253,nl,bookbrainz,authors,MISSING,no
MB-199,9789020623253,nl,bookbrainz,language,MISSING,no
MB-199,9789020623253,nl,bookbrainz,publisher,MISSING,no
MB-199,9789020623253,nl,bookbrainz,publication_date,MISSING,no
MB-199,9789020623253,nl,bookbrainz,page_count,MISSING,no
MB-199,9789020623253,nl,bookbrainz,cover,MISSING,no
MB-199,9789020623253,nl,bookbrainz,work_link,MISSING,no
MB-199,9789020623253,nl,bookbrainz,series,MISSING,yes
MB-199,9789020623253,nl,bookbrainz,series_position,MISSING,yes
MB-199,9789020623253,nl,bookbrainz,subjects,MISSING,no
MB-200,9789020623284,nl,open_library,isbn_exact,CORRECT,no
MB-200,9789020623284,nl,open_library,title,CORRECT,no
MB-200,9789020623284,nl,open_library,subtitle,MISSING,no
MB-200,9789020623284,nl,open_library,authors,MISSING,no
MB-200,9789020623284,nl,open_library,language,CORRECT,no
MB-200,9789020623284,nl,open_library,publisher,CORRECT,no
MB-200,9789020623284,nl,open_library,publication_date,CORRECT,no
MB-200,9789020623284,nl,open_library,page_count,MISSING,no
MB-200,9789020623284,nl,open_library,cover,MISSING,no
MB-200,9789020623284,nl,open_library,work_link,MISSING,no
MB-200,9789020623284,nl,open_library,series,MISSING,yes
MB-200,9789020623284,nl,open_library,series_position,MISSING,yes
MB-200,9789020623284,nl,open_library,subjects,MISSING,no
MB-200,9789020623284,nl,google_books,isbn_exact,CORRECT,no
MB-200,9789020623284,nl,google_books,title,CORRECT,no
MB-200,9789020623284,nl,google_books,subtitle,MISSING,no
MB-200,9789020623284,nl,google_books,authors,CORRECT,no
MB-200,9789020623284,nl,google_books,language,CORRECT,no
MB-200,9789020623284,nl,google_books,publisher,MISSING,no
MB-200,9789020623284,nl,google_books,publication_date,INCORRECT,no
MB-200,9789020623284,nl,google_books,page_count,UNVERIFIABLE,no
MB-200,9789020623284,nl,google_books,cover,MISSING,no
MB-200,9789020623284,nl,google_books,work_link,MISSING,no
MB-200,9789020623284,nl,google_books,series,MISSING,yes
MB-200,9789020623284,nl,google_books,series_position,MISSING,yes
MB-200,9789020623284,nl,google_books,subjects,CORRECT,no
MB-200,9789020623284,nl,wikidata,isbn_exact,MISSING,no
MB-200,9789020623284,nl,wikidata,title,MISSING,no
MB-200,9789020623284,nl,wikidata,subtitle,MISSING,no
MB-200,9789020623284,nl,wikidata,authors,MISSING,no
MB-200,9789020623284,nl,wikidata,language,MISSING,no
MB-200,9789020623284,nl,wikidata,publisher,MISSING,no
MB-200,9789020623284,nl,wikidata,publication_date,MISSING,no
MB-200,9789020623284,nl,wikidata,page_count,MISSING,no
MB-200,9789020623284,nl,wikidata,cover,MISSING,no
MB-200,9789020623284,nl,wikidata,work_link,MISSING,no
MB-200,9789020623284,nl,wikidata,series,MISSING,yes
MB-200,9789020623284,nl,wikidata,series_position,MISSING,yes
MB-200,9789020623284,nl,wikidata,subjects,MISSING,no
MB-200,9789020623284,nl,bookbrainz,isbn_exact,MISSING,no
MB-200,9789020623284,nl,bookbrainz,title,MISSING,no
MB-200,9789020623284,nl,bookbrainz,subtitle,MISSING,no
MB-200,9789020623284,nl,bookbrainz,authors,MISSING,no
MB-200,9789020623284,nl,bookbrainz,language,MISSING,no
MB-200,9789020623284,nl,bookbrainz,publisher,MISSING,no
MB-200,9789020623284,nl,bookbrainz,publication_date,MISSING,no
MB-200,9789020623284,nl,bookbrainz,page_count,MISSING,no
MB-200,9789020623284,nl,bookbrainz,cover,MISSING,no
MB-200,9789020623284,nl,bookbrainz,work_link,MISSING,no
MB-200,9789020623284,nl,bookbrainz,series,MISSING,yes
MB-200,9789020623284,nl,bookbrainz,series_position,MISSING,yes
MB-200,9789020623284,nl,bookbrainz,subjects,MISSING,no
MB-201,9789020623338,nl,open_library,isbn_exact,CORRECT,no
MB-201,9789020623338,nl,open_library,title,CORRECT,no
MB-201,9789020623338,nl,open_library,subtitle,MISSING,no
MB-201,9789020623338,nl,open_library,authors,CORRECT,no
MB-201,9789020623338,nl,open_library,language,CORRECT,no
MB-201,9789020623338,nl,open_library,publisher,CORRECT,no
MB-201,9789020623338,nl,open_library,publication_date,CORRECT,no
MB-201,9789020623338,nl,open_library,page_count,CORRECT,no
MB-201,9789020623338,nl,open_library,cover,CORRECT,no
MB-201,9789020623338,nl,open_library,work_link,CORRECT,no
MB-201,9789020623338,nl,open_library,series,CORRECT,yes
MB-201,9789020623338,nl,open_library,series_position,MISSING,yes
MB-201,9789020623338,nl,open_library,subjects,CORRECT,no
MB-201,9789020623338,nl,google_books,isbn_exact,CORRECT,no
MB-201,9789020623338,nl,google_books,title,CORRECT,no
MB-201,9789020623338,nl,google_books,subtitle,MISSING,no
MB-201,9789020623338,nl,google_books,authors,INCORRECT,no
MB-201,9789020623338,nl,google_books,language,CORRECT,no
MB-201,9789020623338,nl,google_books,publisher,MISSING,no
MB-201,9789020623338,nl,google_books,publication_date,INCORRECT,no
MB-201,9789020623338,nl,google_books,page_count,CORRECT,no
MB-201,9789020623338,nl,google_books,cover,MISSING,no
MB-201,9789020623338,nl,google_books,work_link,MISSING,no
MB-201,9789020623338,nl,google_books,series,MISSING,yes
MB-201,9789020623338,nl,google_books,series_position,MISSING,yes
MB-201,9789020623338,nl,google_books,subjects,MISSING,no
MB-201,9789020623338,nl,wikidata,isbn_exact,MISSING,no
MB-201,9789020623338,nl,wikidata,title,MISSING,no
MB-201,9789020623338,nl,wikidata,subtitle,MISSING,no
MB-201,9789020623338,nl,wikidata,authors,MISSING,no
MB-201,9789020623338,nl,wikidata,language,MISSING,no
MB-201,9789020623338,nl,wikidata,publisher,MISSING,no
MB-201,9789020623338,nl,wikidata,publication_date,MISSING,no
MB-201,9789020623338,nl,wikidata,page_count,MISSING,no
MB-201,9789020623338,nl,wikidata,cover,MISSING,no
MB-201,9789020623338,nl,wikidata,work_link,MISSING,no
MB-201,9789020623338,nl,wikidata,series,MISSING,yes
MB-201,9789020623338,nl,wikidata,series_position,MISSING,yes
MB-201,9789020623338,nl,wikidata,subjects,MISSING,no
MB-201,9789020623338,nl,bookbrainz,isbn_exact,MISSING,no
MB-201,9789020623338,nl,bookbrainz,title,MISSING,no
MB-201,9789020623338,nl,bookbrainz,subtitle,MISSING,no
MB-201,9789020623338,nl,bookbrainz,authors,MISSING,no
MB-201,9789020623338,nl,bookbrainz,language,MISSING,no
MB-201,9789020623338,nl,bookbrainz,publisher,MISSING,no
MB-201,9789020623338,nl,bookbrainz,publication_date,MISSING,no
MB-201,9789020623338,nl,bookbrainz,page_count,MISSING,no
MB-201,9789020623338,nl,bookbrainz,cover,MISSING,no
MB-201,9789020623338,nl,bookbrainz,work_link,MISSING,no
MB-201,9789020623338,nl,bookbrainz,series,MISSING,yes
MB-201,9789020623338,nl,bookbrainz,series_position,MISSING,yes
MB-201,9789020623338,nl,bookbrainz,subjects,MISSING,no
MB-202,9789020623345,nl,open_library,isbn_exact,MISSING,no
MB-202,9789020623345,nl,open_library,title,MISSING,no
MB-202,9789020623345,nl,open_library,subtitle,MISSING,no
MB-202,9789020623345,nl,open_library,authors,MISSING,no
MB-202,9789020623345,nl,open_library,language,MISSING,no
MB-202,9789020623345,nl,open_library,publisher,MISSING,no
MB-202,9789020623345,nl,open_library,publication_date,MISSING,no
MB-202,9789020623345,nl,open_library,page_count,MISSING,no
MB-202,9789020623345,nl,open_library,cover,MISSING,no
MB-202,9789020623345,nl,open_library,work_link,MISSING,no
MB-202,9789020623345,nl,open_library,series,MISSING,yes
MB-202,9789020623345,nl,open_library,series_position,MISSING,yes
MB-202,9789020623345,nl,open_library,subjects,MISSING,no
MB-202,9789020623345,nl,google_books,isbn_exact,CORRECT,no
MB-202,9789020623345,nl,google_books,title,CORRECT,no
MB-202,9789020623345,nl,google_books,subtitle,MISSING,no
MB-202,9789020623345,nl,google_books,authors,CORRECT,no
MB-202,9789020623345,nl,google_books,language,CORRECT,no
MB-202,9789020623345,nl,google_books,publisher,MISSING,no
MB-202,9789020623345,nl,google_books,publication_date,CORRECT,no
MB-202,9789020623345,nl,google_books,page_count,CORRECT,no
MB-202,9789020623345,nl,google_books,cover,CORRECT,no
MB-202,9789020623345,nl,google_books,work_link,MISSING,no
MB-202,9789020623345,nl,google_books,series,MISSING,yes
MB-202,9789020623345,nl,google_books,series_position,MISSING,yes
MB-202,9789020623345,nl,google_books,subjects,MISSING,no
MB-202,9789020623345,nl,wikidata,isbn_exact,MISSING,no
MB-202,9789020623345,nl,wikidata,title,MISSING,no
MB-202,9789020623345,nl,wikidata,subtitle,MISSING,no
MB-202,9789020623345,nl,wikidata,authors,MISSING,no
MB-202,9789020623345,nl,wikidata,language,MISSING,no
MB-202,9789020623345,nl,wikidata,publisher,MISSING,no
MB-202,9789020623345,nl,wikidata,publication_date,MISSING,no
MB-202,9789020623345,nl,wikidata,page_count,MISSING,no
MB-202,9789020623345,nl,wikidata,cover,MISSING,no
MB-202,9789020623345,nl,wikidata,work_link,MISSING,no
MB-202,9789020623345,nl,wikidata,series,MISSING,yes
MB-202,9789020623345,nl,wikidata,series_position,MISSING,yes
MB-202,9789020623345,nl,wikidata,subjects,MISSING,no
MB-202,9789020623345,nl,bookbrainz,isbn_exact,MISSING,no
MB-202,9789020623345,nl,bookbrainz,title,MISSING,no
MB-202,9789020623345,nl,bookbrainz,subtitle,MISSING,no
MB-202,9789020623345,nl,bookbrainz,authors,MISSING,no
MB-202,9789020623345,nl,bookbrainz,language,MISSING,no
MB-202,9789020623345,nl,bookbrainz,publisher,MISSING,no
MB-202,9789020623345,nl,bookbrainz,publication_date,MISSING,no
MB-202,9789020623345,nl,bookbrainz,page_count,MISSING,no
MB-202,9789020623345,nl,bookbrainz,cover,MISSING,no
MB-202,9789020623345,nl,bookbrainz,work_link,MISSING,no
MB-202,9789020623345,nl,bookbrainz,series,MISSING,yes
MB-202,9789020623345,nl,bookbrainz,series_position,MISSING,yes
MB-202,9789020623345,nl,bookbrainz,subjects,MISSING,no
MB-203,9789023457350,nl,open_library,isbn_exact,MISSING,no
MB-203,9789023457350,nl,open_library,title,MISSING,no
MB-203,9789023457350,nl,open_library,subtitle,MISSING,no
MB-203,9789023457350,nl,open_library,authors,MISSING,no
MB-203,9789023457350,nl,open_library,language,MISSING,no
MB-203,9789023457350,nl,open_library,publisher,MISSING,no
MB-203,9789023457350,nl,open_library,publication_date,MISSING,no
MB-203,9789023457350,nl,open_library,page_count,MISSING,no
MB-203,9789023457350,nl,open_library,cover,MISSING,no
MB-203,9789023457350,nl,open_library,work_link,MISSING,no
MB-203,9789023457350,nl,open_library,series,MISSING,no
MB-203,9789023457350,nl,open_library,series_position,MISSING,no
MB-203,9789023457350,nl,open_library,subjects,MISSING,no
MB-203,9789023457350,nl,google_books,isbn_exact,CORRECT,no
MB-203,9789023457350,nl,google_books,title,CORRECT,no
MB-203,9789023457350,nl,google_books,subtitle,MISSING,no
MB-203,9789023457350,nl,google_books,authors,CORRECT,no
MB-203,9789023457350,nl,google_books,language,CORRECT,no
MB-203,9789023457350,nl,google_books,publisher,MISSING,no
MB-203,9789023457350,nl,google_books,publication_date,CORRECT,no
MB-203,9789023457350,nl,google_books,page_count,CORRECT,no
MB-203,9789023457350,nl,google_books,cover,MISSING,no
MB-203,9789023457350,nl,google_books,work_link,MISSING,no
MB-203,9789023457350,nl,google_books,series,MISSING,no
MB-203,9789023457350,nl,google_books,series_position,MISSING,no
MB-203,9789023457350,nl,google_books,subjects,MISSING,no
MB-203,9789023457350,nl,wikidata,isbn_exact,MISSING,no
MB-203,9789023457350,nl,wikidata,title,MISSING,no
MB-203,9789023457350,nl,wikidata,subtitle,MISSING,no
MB-203,9789023457350,nl,wikidata,authors,MISSING,no
MB-203,9789023457350,nl,wikidata,language,MISSING,no
MB-203,9789023457350,nl,wikidata,publisher,MISSING,no
MB-203,9789023457350,nl,wikidata,publication_date,MISSING,no
MB-203,9789023457350,nl,wikidata,page_count,MISSING,no
MB-203,9789023457350,nl,wikidata,cover,MISSING,no
MB-203,9789023457350,nl,wikidata,work_link,MISSING,no
MB-203,9789023457350,nl,wikidata,series,MISSING,no
MB-203,9789023457350,nl,wikidata,series_position,MISSING,no
MB-203,9789023457350,nl,wikidata,subjects,MISSING,no
MB-203,9789023457350,nl,bookbrainz,isbn_exact,MISSING,no
MB-203,9789023457350,nl,bookbrainz,title,MISSING,no
MB-203,9789023457350,nl,bookbrainz,subtitle,MISSING,no
MB-203,9789023457350,nl,bookbrainz,authors,MISSING,no
MB-203,9789023457350,nl,bookbrainz,language,MISSING,no
MB-203,9789023457350,nl,bookbrainz,publisher,MISSING,no
MB-203,9789023457350,nl,bookbrainz,publication_date,MISSING,no
MB-203,9789023457350,nl,bookbrainz,page_count,MISSING,no
MB-203,9789023457350,nl,bookbrainz,cover,MISSING,no
MB-203,9789023457350,nl,bookbrainz,work_link,MISSING,no
MB-203,9789023457350,nl,bookbrainz,series,MISSING,no
MB-203,9789023457350,nl,bookbrainz,series_position,MISSING,no
MB-203,9789023457350,nl,bookbrainz,subjects,MISSING,no
MB-204,9789024526628,nl,open_library,isbn_exact,MISSING,no
MB-204,9789024526628,nl,open_library,title,MISSING,no
MB-204,9789024526628,nl,open_library,subtitle,MISSING,no
MB-204,9789024526628,nl,open_library,authors,MISSING,no
MB-204,9789024526628,nl,open_library,language,MISSING,no
MB-204,9789024526628,nl,open_library,publisher,MISSING,no
MB-204,9789024526628,nl,open_library,publication_date,MISSING,no
MB-204,9789024526628,nl,open_library,page_count,MISSING,no
MB-204,9789024526628,nl,open_library,cover,MISSING,no
MB-204,9789024526628,nl,open_library,work_link,MISSING,no
MB-204,9789024526628,nl,open_library,series,MISSING,no
MB-204,9789024526628,nl,open_library,series_position,MISSING,no
MB-204,9789024526628,nl,open_library,subjects,MISSING,no
MB-204,9789024526628,nl,google_books,isbn_exact,CORRECT,no
MB-204,9789024526628,nl,google_books,title,CORRECT,no
MB-204,9789024526628,nl,google_books,subtitle,MISSING,no
MB-204,9789024526628,nl,google_books,authors,INCORRECT,no
MB-204,9789024526628,nl,google_books,language,CORRECT,no
MB-204,9789024526628,nl,google_books,publisher,MISSING,no
MB-204,9789024526628,nl,google_books,publication_date,CORRECT,no
MB-204,9789024526628,nl,google_books,page_count,CORRECT,no
MB-204,9789024526628,nl,google_books,cover,MISSING,no
MB-204,9789024526628,nl,google_books,work_link,MISSING,no
MB-204,9789024526628,nl,google_books,series,MISSING,no
MB-204,9789024526628,nl,google_books,series_position,MISSING,no
MB-204,9789024526628,nl,google_books,subjects,MISSING,no
MB-204,9789024526628,nl,wikidata,isbn_exact,MISSING,no
MB-204,9789024526628,nl,wikidata,title,MISSING,no
MB-204,9789024526628,nl,wikidata,subtitle,MISSING,no
MB-204,9789024526628,nl,wikidata,authors,MISSING,no
MB-204,9789024526628,nl,wikidata,language,MISSING,no
MB-204,9789024526628,nl,wikidata,publisher,MISSING,no
MB-204,9789024526628,nl,wikidata,publication_date,MISSING,no
MB-204,9789024526628,nl,wikidata,page_count,MISSING,no
MB-204,9789024526628,nl,wikidata,cover,MISSING,no
MB-204,9789024526628,nl,wikidata,work_link,MISSING,no
MB-204,9789024526628,nl,wikidata,series,MISSING,no
MB-204,9789024526628,nl,wikidata,series_position,MISSING,no
MB-204,9789024526628,nl,wikidata,subjects,MISSING,no
MB-204,9789024526628,nl,bookbrainz,isbn_exact,MISSING,no
MB-204,9789024526628,nl,bookbrainz,title,MISSING,no
MB-204,9789024526628,nl,bookbrainz,subtitle,MISSING,no
MB-204,9789024526628,nl,bookbrainz,authors,MISSING,no
MB-204,9789024526628,nl,bookbrainz,language,MISSING,no
MB-204,9789024526628,nl,bookbrainz,publisher,MISSING,no
MB-204,9789024526628,nl,bookbrainz,publication_date,MISSING,no
MB-204,9789024526628,nl,bookbrainz,page_count,MISSING,no
MB-204,9789024526628,nl,bookbrainz,cover,MISSING,no
MB-204,9789024526628,nl,bookbrainz,work_link,MISSING,no
MB-204,9789024526628,nl,bookbrainz,series,MISSING,no
MB-204,9789024526628,nl,bookbrainz,series_position,MISSING,no
MB-204,9789024526628,nl,bookbrainz,subjects,MISSING,no
MB-205,9789025836733,nl,open_library,isbn_exact,MISSING,no
MB-205,9789025836733,nl,open_library,title,MISSING,no
MB-205,9789025836733,nl,open_library,subtitle,MISSING,no
MB-205,9789025836733,nl,open_library,authors,MISSING,no
MB-205,9789025836733,nl,open_library,language,MISSING,no
MB-205,9789025836733,nl,open_library,publisher,MISSING,no
MB-205,9789025836733,nl,open_library,publication_date,MISSING,no
MB-205,9789025836733,nl,open_library,page_count,MISSING,no
MB-205,9789025836733,nl,open_library,cover,MISSING,no
MB-205,9789025836733,nl,open_library,work_link,MISSING,no
MB-205,9789025836733,nl,open_library,series,MISSING,no
MB-205,9789025836733,nl,open_library,series_position,MISSING,no
MB-205,9789025836733,nl,open_library,subjects,MISSING,no
MB-205,9789025836733,nl,google_books,isbn_exact,CORRECT,no
MB-205,9789025836733,nl,google_books,title,CORRECT,no
MB-205,9789025836733,nl,google_books,subtitle,MISSING,no
MB-205,9789025836733,nl,google_books,authors,CORRECT,no
MB-205,9789025836733,nl,google_books,language,CORRECT,no
MB-205,9789025836733,nl,google_books,publisher,MISSING,no
MB-205,9789025836733,nl,google_books,publication_date,CORRECT,no
MB-205,9789025836733,nl,google_books,page_count,CORRECT,no
MB-205,9789025836733,nl,google_books,cover,MISSING,no
MB-205,9789025836733,nl,google_books,work_link,MISSING,no
MB-205,9789025836733,nl,google_books,series,MISSING,no
MB-205,9789025836733,nl,google_books,series_position,MISSING,no
MB-205,9789025836733,nl,google_books,subjects,MISSING,no
MB-205,9789025836733,nl,wikidata,isbn_exact,MISSING,no
MB-205,9789025836733,nl,wikidata,title,MISSING,no
MB-205,9789025836733,nl,wikidata,subtitle,MISSING,no
MB-205,9789025836733,nl,wikidata,authors,MISSING,no
MB-205,9789025836733,nl,wikidata,language,MISSING,no
MB-205,9789025836733,nl,wikidata,publisher,MISSING,no
MB-205,9789025836733,nl,wikidata,publication_date,MISSING,no
MB-205,9789025836733,nl,wikidata,page_count,MISSING,no
MB-205,9789025836733,nl,wikidata,cover,MISSING,no
MB-205,9789025836733,nl,wikidata,work_link,MISSING,no
MB-205,9789025836733,nl,wikidata,series,MISSING,no
MB-205,9789025836733,nl,wikidata,series_position,MISSING,no
MB-205,9789025836733,nl,wikidata,subjects,MISSING,no
MB-205,9789025836733,nl,bookbrainz,isbn_exact,MISSING,no
MB-205,9789025836733,nl,bookbrainz,title,MISSING,no
MB-205,9789025836733,nl,bookbrainz,subtitle,MISSING,no
MB-205,9789025836733,nl,bookbrainz,authors,MISSING,no
MB-205,9789025836733,nl,bookbrainz,language,MISSING,no
MB-205,9789025836733,nl,bookbrainz,publisher,MISSING,no
MB-205,9789025836733,nl,bookbrainz,publication_date,MISSING,no
MB-205,9789025836733,nl,bookbrainz,page_count,MISSING,no
MB-205,9789025836733,nl,bookbrainz,cover,MISSING,no
MB-205,9789025836733,nl,bookbrainz,work_link,MISSING,no
MB-205,9789025836733,nl,bookbrainz,series,MISSING,no
MB-205,9789025836733,nl,bookbrainz,series_position,MISSING,no
MB-205,9789025836733,nl,bookbrainz,subjects,MISSING,no
MB-206,9789025839765,nl,open_library,isbn_exact,CORRECT,no
MB-206,9789025839765,nl,open_library,title,CORRECT,no
MB-206,9789025839765,nl,open_library,subtitle,MISSING,no
MB-206,9789025839765,nl,open_library,authors,CORRECT,no
MB-206,9789025839765,nl,open_library,language,CORRECT,no
MB-206,9789025839765,nl,open_library,publisher,CORRECT,no
MB-206,9789025839765,nl,open_library,publication_date,CORRECT,no
MB-206,9789025839765,nl,open_library,page_count,CORRECT,no
MB-206,9789025839765,nl,open_library,cover,CORRECT,no
MB-206,9789025839765,nl,open_library,work_link,CORRECT,no
MB-206,9789025839765,nl,open_library,series,MISSING,no
MB-206,9789025839765,nl,open_library,series_position,MISSING,no
MB-206,9789025839765,nl,open_library,subjects,MISSING,no
MB-206,9789025839765,nl,google_books,isbn_exact,CORRECT,no
MB-206,9789025839765,nl,google_books,title,CORRECT,no
MB-206,9789025839765,nl,google_books,subtitle,MISSING,no
MB-206,9789025839765,nl,google_books,authors,CORRECT,no
MB-206,9789025839765,nl,google_books,language,CORRECT,no
MB-206,9789025839765,nl,google_books,publisher,MISSING,no
MB-206,9789025839765,nl,google_books,publication_date,CORRECT,no
MB-206,9789025839765,nl,google_books,page_count,CORRECT,no
MB-206,9789025839765,nl,google_books,cover,MISSING,no
MB-206,9789025839765,nl,google_books,work_link,MISSING,no
MB-206,9789025839765,nl,google_books,series,MISSING,no
MB-206,9789025839765,nl,google_books,series_position,MISSING,no
MB-206,9789025839765,nl,google_books,subjects,MISSING,no
MB-206,9789025839765,nl,wikidata,isbn_exact,MISSING,no
MB-206,9789025839765,nl,wikidata,title,MISSING,no
MB-206,9789025839765,nl,wikidata,subtitle,MISSING,no
MB-206,9789025839765,nl,wikidata,authors,MISSING,no
MB-206,9789025839765,nl,wikidata,language,MISSING,no
MB-206,9789025839765,nl,wikidata,publisher,MISSING,no
MB-206,9789025839765,nl,wikidata,publication_date,MISSING,no
MB-206,9789025839765,nl,wikidata,page_count,MISSING,no
MB-206,9789025839765,nl,wikidata,cover,MISSING,no
MB-206,9789025839765,nl,wikidata,work_link,MISSING,no
MB-206,9789025839765,nl,wikidata,series,MISSING,no
MB-206,9789025839765,nl,wikidata,series_position,MISSING,no
MB-206,9789025839765,nl,wikidata,subjects,MISSING,no
MB-206,9789025839765,nl,bookbrainz,isbn_exact,MISSING,no
MB-206,9789025839765,nl,bookbrainz,title,MISSING,no
MB-206,9789025839765,nl,bookbrainz,subtitle,MISSING,no
MB-206,9789025839765,nl,bookbrainz,authors,MISSING,no
MB-206,9789025839765,nl,bookbrainz,language,MISSING,no
MB-206,9789025839765,nl,bookbrainz,publisher,MISSING,no
MB-206,9789025839765,nl,bookbrainz,publication_date,MISSING,no
MB-206,9789025839765,nl,bookbrainz,page_count,MISSING,no
MB-206,9789025839765,nl,bookbrainz,cover,MISSING,no
MB-206,9789025839765,nl,bookbrainz,work_link,MISSING,no
MB-206,9789025839765,nl,bookbrainz,series,MISSING,no
MB-206,9789025839765,nl,bookbrainz,series_position,MISSING,no
MB-206,9789025839765,nl,bookbrainz,subjects,MISSING,no
MB-207,9789026112539,nl,open_library,isbn_exact,MISSING,no
MB-207,9789026112539,nl,open_library,title,MISSING,no
MB-207,9789026112539,nl,open_library,subtitle,MISSING,no
MB-207,9789026112539,nl,open_library,authors,MISSING,no
MB-207,9789026112539,nl,open_library,language,MISSING,no
MB-207,9789026112539,nl,open_library,publisher,MISSING,no
MB-207,9789026112539,nl,open_library,publication_date,MISSING,no
MB-207,9789026112539,nl,open_library,page_count,MISSING,no
MB-207,9789026112539,nl,open_library,cover,MISSING,no
MB-207,9789026112539,nl,open_library,work_link,MISSING,no
MB-207,9789026112539,nl,open_library,series,MISSING,no
MB-207,9789026112539,nl,open_library,series_position,MISSING,no
MB-207,9789026112539,nl,open_library,subjects,MISSING,no
MB-207,9789026112539,nl,google_books,isbn_exact,CORRECT,no
MB-207,9789026112539,nl,google_books,title,CORRECT,no
MB-207,9789026112539,nl,google_books,subtitle,MISSING,no
MB-207,9789026112539,nl,google_books,authors,MISSING,no
MB-207,9789026112539,nl,google_books,language,CORRECT,no
MB-207,9789026112539,nl,google_books,publisher,MISSING,no
MB-207,9789026112539,nl,google_books,publication_date,CORRECT,no
MB-207,9789026112539,nl,google_books,page_count,CORRECT,no
MB-207,9789026112539,nl,google_books,cover,MISSING,no
MB-207,9789026112539,nl,google_books,work_link,MISSING,no
MB-207,9789026112539,nl,google_books,series,MISSING,no
MB-207,9789026112539,nl,google_books,series_position,MISSING,no
MB-207,9789026112539,nl,google_books,subjects,MISSING,no
MB-207,9789026112539,nl,wikidata,isbn_exact,MISSING,no
MB-207,9789026112539,nl,wikidata,title,MISSING,no
MB-207,9789026112539,nl,wikidata,subtitle,MISSING,no
MB-207,9789026112539,nl,wikidata,authors,MISSING,no
MB-207,9789026112539,nl,wikidata,language,MISSING,no
MB-207,9789026112539,nl,wikidata,publisher,MISSING,no
MB-207,9789026112539,nl,wikidata,publication_date,MISSING,no
MB-207,9789026112539,nl,wikidata,page_count,MISSING,no
MB-207,9789026112539,nl,wikidata,cover,MISSING,no
MB-207,9789026112539,nl,wikidata,work_link,MISSING,no
MB-207,9789026112539,nl,wikidata,series,MISSING,no
MB-207,9789026112539,nl,wikidata,series_position,MISSING,no
MB-207,9789026112539,nl,wikidata,subjects,MISSING,no
MB-207,9789026112539,nl,bookbrainz,isbn_exact,MISSING,no
MB-207,9789026112539,nl,bookbrainz,title,MISSING,no
MB-207,9789026112539,nl,bookbrainz,subtitle,MISSING,no
MB-207,9789026112539,nl,bookbrainz,authors,MISSING,no
MB-207,9789026112539,nl,bookbrainz,language,MISSING,no
MB-207,9789026112539,nl,bookbrainz,publisher,MISSING,no
MB-207,9789026112539,nl,bookbrainz,publication_date,MISSING,no
MB-207,9789026112539,nl,bookbrainz,page_count,MISSING,no
MB-207,9789026112539,nl,bookbrainz,cover,MISSING,no
MB-207,9789026112539,nl,bookbrainz,work_link,MISSING,no
MB-207,9789026112539,nl,bookbrainz,series,MISSING,no
MB-207,9789026112539,nl,bookbrainz,series_position,MISSING,no
MB-207,9789026112539,nl,bookbrainz,subjects,MISSING,no
MB-208,9789026910371,nl,open_library,isbn_exact,MISSING,no
MB-208,9789026910371,nl,open_library,title,MISSING,no
MB-208,9789026910371,nl,open_library,subtitle,MISSING,no
MB-208,9789026910371,nl,open_library,authors,MISSING,no
MB-208,9789026910371,nl,open_library,language,MISSING,no
MB-208,9789026910371,nl,open_library,publisher,MISSING,no
MB-208,9789026910371,nl,open_library,publication_date,MISSING,no
MB-208,9789026910371,nl,open_library,page_count,MISSING,no
MB-208,9789026910371,nl,open_library,cover,MISSING,no
MB-208,9789026910371,nl,open_library,work_link,MISSING,no
MB-208,9789026910371,nl,open_library,series,MISSING,no
MB-208,9789026910371,nl,open_library,series_position,MISSING,no
MB-208,9789026910371,nl,open_library,subjects,MISSING,no
MB-208,9789026910371,nl,google_books,isbn_exact,CORRECT,no
MB-208,9789026910371,nl,google_books,title,CORRECT,no
MB-208,9789026910371,nl,google_books,subtitle,MISSING,no
MB-208,9789026910371,nl,google_books,authors,CORRECT,no
MB-208,9789026910371,nl,google_books,language,CORRECT,no
MB-208,9789026910371,nl,google_books,publisher,MISSING,no
MB-208,9789026910371,nl,google_books,publication_date,CORRECT,no
MB-208,9789026910371,nl,google_books,page_count,CORRECT,no
MB-208,9789026910371,nl,google_books,cover,MISSING,no
MB-208,9789026910371,nl,google_books,work_link,MISSING,no
MB-208,9789026910371,nl,google_books,series,MISSING,no
MB-208,9789026910371,nl,google_books,series_position,MISSING,no
MB-208,9789026910371,nl,google_books,subjects,MISSING,no
MB-208,9789026910371,nl,wikidata,isbn_exact,MISSING,no
MB-208,9789026910371,nl,wikidata,title,MISSING,no
MB-208,9789026910371,nl,wikidata,subtitle,MISSING,no
MB-208,9789026910371,nl,wikidata,authors,MISSING,no
MB-208,9789026910371,nl,wikidata,language,MISSING,no
MB-208,9789026910371,nl,wikidata,publisher,MISSING,no
MB-208,9789026910371,nl,wikidata,publication_date,MISSING,no
MB-208,9789026910371,nl,wikidata,page_count,MISSING,no
MB-208,9789026910371,nl,wikidata,cover,MISSING,no
MB-208,9789026910371,nl,wikidata,work_link,MISSING,no
MB-208,9789026910371,nl,wikidata,series,MISSING,no
MB-208,9789026910371,nl,wikidata,series_position,MISSING,no
MB-208,9789026910371,nl,wikidata,subjects,MISSING,no
MB-208,9789026910371,nl,bookbrainz,isbn_exact,MISSING,no
MB-208,9789026910371,nl,bookbrainz,title,MISSING,no
MB-208,9789026910371,nl,bookbrainz,subtitle,MISSING,no
MB-208,9789026910371,nl,bookbrainz,authors,MISSING,no
MB-208,9789026910371,nl,bookbrainz,language,MISSING,no
MB-208,9789026910371,nl,bookbrainz,publisher,MISSING,no
MB-208,9789026910371,nl,bookbrainz,publication_date,MISSING,no
MB-208,9789026910371,nl,bookbrainz,page_count,MISSING,no
MB-208,9789026910371,nl,bookbrainz,cover,MISSING,no
MB-208,9789026910371,nl,bookbrainz,work_link,MISSING,no
MB-208,9789026910371,nl,bookbrainz,series,MISSING,no
MB-208,9789026910371,nl,bookbrainz,series_position,MISSING,no
MB-208,9789026910371,nl,bookbrainz,subjects,MISSING,no
MB-209,9789026988646,nl,open_library,isbn_exact,CORRECT,no
MB-209,9789026988646,nl,open_library,title,CORRECT,no
MB-209,9789026988646,nl,open_library,subtitle,MISSING,no
MB-209,9789026988646,nl,open_library,authors,CORRECT,no
MB-209,9789026988646,nl,open_library,language,CORRECT,no
MB-209,9789026988646,nl,open_library,publisher,CORRECT,no
MB-209,9789026988646,nl,open_library,publication_date,CORRECT,no
MB-209,9789026988646,nl,open_library,page_count,CORRECT,no
MB-209,9789026988646,nl,open_library,cover,CORRECT,no
MB-209,9789026988646,nl,open_library,work_link,CORRECT,no
MB-209,9789026988646,nl,open_library,series,MISSING,no
MB-209,9789026988646,nl,open_library,series_position,MISSING,no
MB-209,9789026988646,nl,open_library,subjects,MISSING,no
MB-209,9789026988646,nl,google_books,isbn_exact,CORRECT,no
MB-209,9789026988646,nl,google_books,title,CORRECT,no
MB-209,9789026988646,nl,google_books,subtitle,MISSING,no
MB-209,9789026988646,nl,google_books,authors,CORRECT,no
MB-209,9789026988646,nl,google_books,language,CORRECT,no
MB-209,9789026988646,nl,google_books,publisher,MISSING,no
MB-209,9789026988646,nl,google_books,publication_date,CORRECT,no
MB-209,9789026988646,nl,google_books,page_count,CORRECT,no
MB-209,9789026988646,nl,google_books,cover,MISSING,no
MB-209,9789026988646,nl,google_books,work_link,MISSING,no
MB-209,9789026988646,nl,google_books,series,MISSING,no
MB-209,9789026988646,nl,google_books,series_position,MISSING,no
MB-209,9789026988646,nl,google_books,subjects,CORRECT,no
MB-209,9789026988646,nl,wikidata,isbn_exact,MISSING,no
MB-209,9789026988646,nl,wikidata,title,MISSING,no
MB-209,9789026988646,nl,wikidata,subtitle,MISSING,no
MB-209,9789026988646,nl,wikidata,authors,MISSING,no
MB-209,9789026988646,nl,wikidata,language,MISSING,no
MB-209,9789026988646,nl,wikidata,publisher,MISSING,no
MB-209,9789026988646,nl,wikidata,publication_date,MISSING,no
MB-209,9789026988646,nl,wikidata,page_count,MISSING,no
MB-209,9789026988646,nl,wikidata,cover,MISSING,no
MB-209,9789026988646,nl,wikidata,work_link,MISSING,no
MB-209,9789026988646,nl,wikidata,series,MISSING,no
MB-209,9789026988646,nl,wikidata,series_position,MISSING,no
MB-209,9789026988646,nl,wikidata,subjects,MISSING,no
MB-209,9789026988646,nl,bookbrainz,isbn_exact,MISSING,no
MB-209,9789026988646,nl,bookbrainz,title,MISSING,no
MB-209,9789026988646,nl,bookbrainz,subtitle,MISSING,no
MB-209,9789026988646,nl,bookbrainz,authors,MISSING,no
MB-209,9789026988646,nl,bookbrainz,language,MISSING,no
MB-209,9789026988646,nl,bookbrainz,publisher,MISSING,no
MB-209,9789026988646,nl,bookbrainz,publication_date,MISSING,no
MB-209,9789026988646,nl,bookbrainz,page_count,MISSING,no
MB-209,9789026988646,nl,bookbrainz,cover,MISSING,no
MB-209,9789026988646,nl,bookbrainz,work_link,MISSING,no
MB-209,9789026988646,nl,bookbrainz,series,MISSING,no
MB-209,9789026988646,nl,bookbrainz,series_position,MISSING,no
MB-209,9789026988646,nl,bookbrainz,subjects,MISSING,no
MB-210,9789026992513,nl,open_library,isbn_exact,MISSING,no
MB-210,9789026992513,nl,open_library,title,MISSING,no
MB-210,9789026992513,nl,open_library,subtitle,MISSING,no
MB-210,9789026992513,nl,open_library,authors,MISSING,no
MB-210,9789026992513,nl,open_library,language,MISSING,no
MB-210,9789026992513,nl,open_library,publisher,MISSING,no
MB-210,9789026992513,nl,open_library,publication_date,MISSING,no
MB-210,9789026992513,nl,open_library,page_count,MISSING,no
MB-210,9789026992513,nl,open_library,cover,MISSING,no
MB-210,9789026992513,nl,open_library,work_link,MISSING,no
MB-210,9789026992513,nl,open_library,series,MISSING,no
MB-210,9789026992513,nl,open_library,series_position,MISSING,no
MB-210,9789026992513,nl,open_library,subjects,MISSING,no
MB-210,9789026992513,nl,google_books,isbn_exact,CORRECT,no
MB-210,9789026992513,nl,google_books,title,CORRECT,no
MB-210,9789026992513,nl,google_books,subtitle,MISSING,no
MB-210,9789026992513,nl,google_books,authors,CORRECT,no
MB-210,9789026992513,nl,google_books,language,CORRECT,no
MB-210,9789026992513,nl,google_books,publisher,MISSING,no
MB-210,9789026992513,nl,google_books,publication_date,CORRECT,no
MB-210,9789026992513,nl,google_books,page_count,CORRECT,no
MB-210,9789026992513,nl,google_books,cover,MISSING,no
MB-210,9789026992513,nl,google_books,work_link,MISSING,no
MB-210,9789026992513,nl,google_books,series,MISSING,no
MB-210,9789026992513,nl,google_books,series_position,MISSING,no
MB-210,9789026992513,nl,google_books,subjects,MISSING,no
MB-210,9789026992513,nl,wikidata,isbn_exact,MISSING,no
MB-210,9789026992513,nl,wikidata,title,MISSING,no
MB-210,9789026992513,nl,wikidata,subtitle,MISSING,no
MB-210,9789026992513,nl,wikidata,authors,MISSING,no
MB-210,9789026992513,nl,wikidata,language,MISSING,no
MB-210,9789026992513,nl,wikidata,publisher,MISSING,no
MB-210,9789026992513,nl,wikidata,publication_date,MISSING,no
MB-210,9789026992513,nl,wikidata,page_count,MISSING,no
MB-210,9789026992513,nl,wikidata,cover,MISSING,no
MB-210,9789026992513,nl,wikidata,work_link,MISSING,no
MB-210,9789026992513,nl,wikidata,series,MISSING,no
MB-210,9789026992513,nl,wikidata,series_position,MISSING,no
MB-210,9789026992513,nl,wikidata,subjects,MISSING,no
MB-210,9789026992513,nl,bookbrainz,isbn_exact,MISSING,no
MB-210,9789026992513,nl,bookbrainz,title,MISSING,no
MB-210,9789026992513,nl,bookbrainz,subtitle,MISSING,no
MB-210,9789026992513,nl,bookbrainz,authors,MISSING,no
MB-210,9789026992513,nl,bookbrainz,language,MISSING,no
MB-210,9789026992513,nl,bookbrainz,publisher,MISSING,no
MB-210,9789026992513,nl,bookbrainz,publication_date,MISSING,no
MB-210,9789026992513,nl,bookbrainz,page_count,MISSING,no
MB-210,9789026992513,nl,bookbrainz,cover,MISSING,no
MB-210,9789026992513,nl,bookbrainz,work_link,MISSING,no
MB-210,9789026992513,nl,bookbrainz,series,MISSING,no
MB-210,9789026992513,nl,bookbrainz,series_position,MISSING,no
MB-210,9789026992513,nl,bookbrainz,subjects,MISSING,no
MB-211,9789026993398,nl,open_library,isbn_exact,CORRECT,no
MB-211,9789026993398,nl,open_library,title,CORRECT,no
MB-211,9789026993398,nl,open_library,subtitle,MISSING,no
MB-211,9789026993398,nl,open_library,authors,CORRECT,no
MB-211,9789026993398,nl,open_library,language,CORRECT,no
MB-211,9789026993398,nl,open_library,publisher,CORRECT,no
MB-211,9789026993398,nl,open_library,publication_date,CORRECT,no
MB-211,9789026993398,nl,open_library,page_count,CORRECT,no
MB-211,9789026993398,nl,open_library,cover,CORRECT,no
MB-211,9789026993398,nl,open_library,work_link,CORRECT,no
MB-211,9789026993398,nl,open_library,series,MISSING,no
MB-211,9789026993398,nl,open_library,series_position,MISSING,no
MB-211,9789026993398,nl,open_library,subjects,MISSING,no
MB-211,9789026993398,nl,google_books,isbn_exact,CORRECT,no
MB-211,9789026993398,nl,google_books,title,CORRECT,no
MB-211,9789026993398,nl,google_books,subtitle,MISSING,no
MB-211,9789026993398,nl,google_books,authors,CORRECT,no
MB-211,9789026993398,nl,google_books,language,CORRECT,no
MB-211,9789026993398,nl,google_books,publisher,MISSING,no
MB-211,9789026993398,nl,google_books,publication_date,CORRECT,no
MB-211,9789026993398,nl,google_books,page_count,CORRECT,no
MB-211,9789026993398,nl,google_books,cover,MISSING,no
MB-211,9789026993398,nl,google_books,work_link,MISSING,no
MB-211,9789026993398,nl,google_books,series,MISSING,no
MB-211,9789026993398,nl,google_books,series_position,MISSING,no
MB-211,9789026993398,nl,google_books,subjects,MISSING,no
MB-211,9789026993398,nl,wikidata,isbn_exact,MISSING,no
MB-211,9789026993398,nl,wikidata,title,MISSING,no
MB-211,9789026993398,nl,wikidata,subtitle,MISSING,no
MB-211,9789026993398,nl,wikidata,authors,MISSING,no
MB-211,9789026993398,nl,wikidata,language,MISSING,no
MB-211,9789026993398,nl,wikidata,publisher,MISSING,no
MB-211,9789026993398,nl,wikidata,publication_date,MISSING,no
MB-211,9789026993398,nl,wikidata,page_count,MISSING,no
MB-211,9789026993398,nl,wikidata,cover,MISSING,no
MB-211,9789026993398,nl,wikidata,work_link,MISSING,no
MB-211,9789026993398,nl,wikidata,series,MISSING,no
MB-211,9789026993398,nl,wikidata,series_position,MISSING,no
MB-211,9789026993398,nl,wikidata,subjects,MISSING,no
MB-211,9789026993398,nl,bookbrainz,isbn_exact,MISSING,no
MB-211,9789026993398,nl,bookbrainz,title,MISSING,no
MB-211,9789026993398,nl,bookbrainz,subtitle,MISSING,no
MB-211,9789026993398,nl,bookbrainz,authors,MISSING,no
MB-211,9789026993398,nl,bookbrainz,language,MISSING,no
MB-211,9789026993398,nl,bookbrainz,publisher,MISSING,no
MB-211,9789026993398,nl,bookbrainz,publication_date,MISSING,no
MB-211,9789026993398,nl,bookbrainz,page_count,MISSING,no
MB-211,9789026993398,nl,bookbrainz,cover,MISSING,no
MB-211,9789026993398,nl,bookbrainz,work_link,MISSING,no
MB-211,9789026993398,nl,bookbrainz,series,MISSING,no
MB-211,9789026993398,nl,bookbrainz,series_position,MISSING,no
MB-211,9789026993398,nl,bookbrainz,subjects,MISSING,no
MB-212,9789041706843,nl,open_library,isbn_exact,MISSING,no
MB-212,9789041706843,nl,open_library,title,MISSING,no
MB-212,9789041706843,nl,open_library,subtitle,MISSING,no
MB-212,9789041706843,nl,open_library,authors,MISSING,no
MB-212,9789041706843,nl,open_library,language,MISSING,no
MB-212,9789041706843,nl,open_library,publisher,MISSING,no
MB-212,9789041706843,nl,open_library,publication_date,MISSING,no
MB-212,9789041706843,nl,open_library,page_count,MISSING,no
MB-212,9789041706843,nl,open_library,cover,MISSING,no
MB-212,9789041706843,nl,open_library,work_link,MISSING,no
MB-212,9789041706843,nl,open_library,series,MISSING,no
MB-212,9789041706843,nl,open_library,series_position,MISSING,no
MB-212,9789041706843,nl,open_library,subjects,MISSING,no
MB-212,9789041706843,nl,google_books,isbn_exact,CORRECT,no
MB-212,9789041706843,nl,google_books,title,CORRECT,no
MB-212,9789041706843,nl,google_books,subtitle,UNVERIFIABLE,no
MB-212,9789041706843,nl,google_books,authors,CORRECT,no
MB-212,9789041706843,nl,google_books,language,CORRECT,no
MB-212,9789041706843,nl,google_books,publisher,MISSING,no
MB-212,9789041706843,nl,google_books,publication_date,CORRECT,no
MB-212,9789041706843,nl,google_books,page_count,CORRECT,no
MB-212,9789041706843,nl,google_books,cover,CORRECT,no
MB-212,9789041706843,nl,google_books,work_link,MISSING,no
MB-212,9789041706843,nl,google_books,series,MISSING,no
MB-212,9789041706843,nl,google_books,series_position,MISSING,no
MB-212,9789041706843,nl,google_books,subjects,MISSING,no
MB-212,9789041706843,nl,wikidata,isbn_exact,MISSING,no
MB-212,9789041706843,nl,wikidata,title,MISSING,no
MB-212,9789041706843,nl,wikidata,subtitle,MISSING,no
MB-212,9789041706843,nl,wikidata,authors,MISSING,no
MB-212,9789041706843,nl,wikidata,language,MISSING,no
MB-212,9789041706843,nl,wikidata,publisher,MISSING,no
MB-212,9789041706843,nl,wikidata,publication_date,MISSING,no
MB-212,9789041706843,nl,wikidata,page_count,MISSING,no
MB-212,9789041706843,nl,wikidata,cover,MISSING,no
MB-212,9789041706843,nl,wikidata,work_link,MISSING,no
MB-212,9789041706843,nl,wikidata,series,MISSING,no
MB-212,9789041706843,nl,wikidata,series_position,MISSING,no
MB-212,9789041706843,nl,wikidata,subjects,MISSING,no
MB-212,9789041706843,nl,bookbrainz,isbn_exact,MISSING,no
MB-212,9789041706843,nl,bookbrainz,title,MISSING,no
MB-212,9789041706843,nl,bookbrainz,subtitle,MISSING,no
MB-212,9789041706843,nl,bookbrainz,authors,MISSING,no
MB-212,9789041706843,nl,bookbrainz,language,MISSING,no
MB-212,9789041706843,nl,bookbrainz,publisher,MISSING,no
MB-212,9789041706843,nl,bookbrainz,publication_date,MISSING,no
MB-212,9789041706843,nl,bookbrainz,page_count,MISSING,no
MB-212,9789041706843,nl,bookbrainz,cover,MISSING,no
MB-212,9789041706843,nl,bookbrainz,work_link,MISSING,no
MB-212,9789041706843,nl,bookbrainz,series,MISSING,no
MB-212,9789041706843,nl,bookbrainz,series_position,MISSING,no
MB-212,9789041706843,nl,bookbrainz,subjects,MISSING,no
MB-213,9789056370459,nl,open_library,isbn_exact,CORRECT,no
MB-213,9789056370459,nl,open_library,title,CORRECT,no
MB-213,9789056370459,nl,open_library,subtitle,UNVERIFIABLE,no
MB-213,9789056370459,nl,open_library,authors,CORRECT,no
MB-213,9789056370459,nl,open_library,language,CORRECT,no
MB-213,9789056370459,nl,open_library,publisher,CORRECT,no
MB-213,9789056370459,nl,open_library,publication_date,CORRECT,no
MB-213,9789056370459,nl,open_library,page_count,CORRECT,no
MB-213,9789056370459,nl,open_library,cover,CORRECT,no
MB-213,9789056370459,nl,open_library,work_link,CORRECT,no
MB-213,9789056370459,nl,open_library,series,MISSING,no
MB-213,9789056370459,nl,open_library,series_position,MISSING,no
MB-213,9789056370459,nl,open_library,subjects,CORRECT,no
MB-213,9789056370459,nl,google_books,isbn_exact,CORRECT,no
MB-213,9789056370459,nl,google_books,title,CORRECT,no
MB-213,9789056370459,nl,google_books,subtitle,UNVERIFIABLE,no
MB-213,9789056370459,nl,google_books,authors,MISSING,no
MB-213,9789056370459,nl,google_books,language,CORRECT,no
MB-213,9789056370459,nl,google_books,publisher,MISSING,no
MB-213,9789056370459,nl,google_books,publication_date,CORRECT,no
MB-213,9789056370459,nl,google_books,page_count,INCORRECT,no
MB-213,9789056370459,nl,google_books,cover,MISSING,no
MB-213,9789056370459,nl,google_books,work_link,MISSING,no
MB-213,9789056370459,nl,google_books,series,MISSING,no
MB-213,9789056370459,nl,google_books,series_position,MISSING,no
MB-213,9789056370459,nl,google_books,subjects,MISSING,no
MB-213,9789056370459,nl,wikidata,isbn_exact,MISSING,no
MB-213,9789056370459,nl,wikidata,title,MISSING,no
MB-213,9789056370459,nl,wikidata,subtitle,MISSING,no
MB-213,9789056370459,nl,wikidata,authors,MISSING,no
MB-213,9789056370459,nl,wikidata,language,MISSING,no
MB-213,9789056370459,nl,wikidata,publisher,MISSING,no
MB-213,9789056370459,nl,wikidata,publication_date,MISSING,no
MB-213,9789056370459,nl,wikidata,page_count,MISSING,no
MB-213,9789056370459,nl,wikidata,cover,MISSING,no
MB-213,9789056370459,nl,wikidata,work_link,MISSING,no
MB-213,9789056370459,nl,wikidata,series,MISSING,no
MB-213,9789056370459,nl,wikidata,series_position,MISSING,no
MB-213,9789056370459,nl,wikidata,subjects,MISSING,no
MB-213,9789056370459,nl,bookbrainz,isbn_exact,MISSING,no
MB-213,9789056370459,nl,bookbrainz,title,MISSING,no
MB-213,9789056370459,nl,bookbrainz,subtitle,MISSING,no
MB-213,9789056370459,nl,bookbrainz,authors,MISSING,no
MB-213,9789056370459,nl,bookbrainz,language,MISSING,no
MB-213,9789056370459,nl,bookbrainz,publisher,MISSING,no
MB-213,9789056370459,nl,bookbrainz,publication_date,MISSING,no
MB-213,9789056370459,nl,bookbrainz,page_count,MISSING,no
MB-213,9789056370459,nl,bookbrainz,cover,MISSING,no
MB-213,9789056370459,nl,bookbrainz,work_link,MISSING,no
MB-213,9789056370459,nl,bookbrainz,series,MISSING,no
MB-213,9789056370459,nl,bookbrainz,series_position,MISSING,no
MB-213,9789056370459,nl,bookbrainz,subjects,MISSING,no
MB-214,9789056375898,nl,open_library,isbn_exact,MISSING,no
MB-214,9789056375898,nl,open_library,title,MISSING,no
MB-214,9789056375898,nl,open_library,subtitle,MISSING,no
MB-214,9789056375898,nl,open_library,authors,MISSING,no
MB-214,9789056375898,nl,open_library,language,MISSING,no
MB-214,9789056375898,nl,open_library,publisher,MISSING,no
MB-214,9789056375898,nl,open_library,publication_date,MISSING,no
MB-214,9789056375898,nl,open_library,page_count,MISSING,no
MB-214,9789056375898,nl,open_library,cover,MISSING,no
MB-214,9789056375898,nl,open_library,work_link,MISSING,no
MB-214,9789056375898,nl,open_library,series,MISSING,no
MB-214,9789056375898,nl,open_library,series_position,MISSING,no
MB-214,9789056375898,nl,open_library,subjects,MISSING,no
MB-214,9789056375898,nl,google_books,isbn_exact,CORRECT,no
MB-214,9789056375898,nl,google_books,title,CORRECT,no
MB-214,9789056375898,nl,google_books,subtitle,MISSING,no
MB-214,9789056375898,nl,google_books,authors,CORRECT,no
MB-214,9789056375898,nl,google_books,language,CORRECT,no
MB-214,9789056375898,nl,google_books,publisher,CORRECT,no
MB-214,9789056375898,nl,google_books,publication_date,CORRECT,no
MB-214,9789056375898,nl,google_books,page_count,CORRECT,no
MB-214,9789056375898,nl,google_books,cover,CORRECT,no
MB-214,9789056375898,nl,google_books,work_link,MISSING,no
MB-214,9789056375898,nl,google_books,series,MISSING,no
MB-214,9789056375898,nl,google_books,series_position,MISSING,no
MB-214,9789056375898,nl,google_books,subjects,MISSING,no
MB-214,9789056375898,nl,wikidata,isbn_exact,MISSING,no
MB-214,9789056375898,nl,wikidata,title,MISSING,no
MB-214,9789056375898,nl,wikidata,subtitle,MISSING,no
MB-214,9789056375898,nl,wikidata,authors,MISSING,no
MB-214,9789056375898,nl,wikidata,language,MISSING,no
MB-214,9789056375898,nl,wikidata,publisher,MISSING,no
MB-214,9789056375898,nl,wikidata,publication_date,MISSING,no
MB-214,9789056375898,nl,wikidata,page_count,MISSING,no
MB-214,9789056375898,nl,wikidata,cover,MISSING,no
MB-214,9789056375898,nl,wikidata,work_link,MISSING,no
MB-214,9789056375898,nl,wikidata,series,MISSING,no
MB-214,9789056375898,nl,wikidata,series_position,MISSING,no
MB-214,9789056375898,nl,wikidata,subjects,MISSING,no
MB-214,9789056375898,nl,bookbrainz,isbn_exact,MISSING,no
MB-214,9789056375898,nl,bookbrainz,title,MISSING,no
MB-214,9789056375898,nl,bookbrainz,subtitle,MISSING,no
MB-214,9789056375898,nl,bookbrainz,authors,MISSING,no
MB-214,9789056375898,nl,bookbrainz,language,MISSING,no
MB-214,9789056375898,nl,bookbrainz,publisher,MISSING,no
MB-214,9789056375898,nl,bookbrainz,publication_date,MISSING,no
MB-214,9789056375898,nl,bookbrainz,page_count,MISSING,no
MB-214,9789056375898,nl,bookbrainz,cover,MISSING,no
MB-214,9789056375898,nl,bookbrainz,work_link,MISSING,no
MB-214,9789056375898,nl,bookbrainz,series,MISSING,no
MB-214,9789056375898,nl,bookbrainz,series_position,MISSING,no
MB-214,9789056375898,nl,bookbrainz,subjects,MISSING,no
MB-215,9789061699422,nl,open_library,isbn_exact,CORRECT,no
MB-215,9789061699422,nl,open_library,title,CORRECT,no
MB-215,9789061699422,nl,open_library,subtitle,MISSING,no
MB-215,9789061699422,nl,open_library,authors,CORRECT,no
MB-215,9789061699422,nl,open_library,language,CORRECT,no
MB-215,9789061699422,nl,open_library,publisher,CORRECT,no
MB-215,9789061699422,nl,open_library,publication_date,CORRECT,no
MB-215,9789061699422,nl,open_library,page_count,CORRECT,no
MB-215,9789061699422,nl,open_library,cover,MISSING,no
MB-215,9789061699422,nl,open_library,work_link,CORRECT,no
MB-215,9789061699422,nl,open_library,series,MISSING,no
MB-215,9789061699422,nl,open_library,series_position,MISSING,no
MB-215,9789061699422,nl,open_library,subjects,CORRECT,no
MB-215,9789061699422,nl,google_books,isbn_exact,CORRECT,no
MB-215,9789061699422,nl,google_books,title,CORRECT,no
MB-215,9789061699422,nl,google_books,subtitle,MISSING,no
MB-215,9789061699422,nl,google_books,authors,CORRECT,no
MB-215,9789061699422,nl,google_books,language,CORRECT,no
MB-215,9789061699422,nl,google_books,publisher,MISSING,no
MB-215,9789061699422,nl,google_books,publication_date,CORRECT,no
MB-215,9789061699422,nl,google_books,page_count,CORRECT,no
MB-215,9789061699422,nl,google_books,cover,CORRECT,no
MB-215,9789061699422,nl,google_books,work_link,MISSING,no
MB-215,9789061699422,nl,google_books,series,MISSING,no
MB-215,9789061699422,nl,google_books,series_position,MISSING,no
MB-215,9789061699422,nl,google_books,subjects,CORRECT,no
MB-215,9789061699422,nl,wikidata,isbn_exact,MISSING,no
MB-215,9789061699422,nl,wikidata,title,MISSING,no
MB-215,9789061699422,nl,wikidata,subtitle,MISSING,no
MB-215,9789061699422,nl,wikidata,authors,MISSING,no
MB-215,9789061699422,nl,wikidata,language,MISSING,no
MB-215,9789061699422,nl,wikidata,publisher,MISSING,no
MB-215,9789061699422,nl,wikidata,publication_date,MISSING,no
MB-215,9789061699422,nl,wikidata,page_count,MISSING,no
MB-215,9789061699422,nl,wikidata,cover,MISSING,no
MB-215,9789061699422,nl,wikidata,work_link,MISSING,no
MB-215,9789061699422,nl,wikidata,series,MISSING,no
MB-215,9789061699422,nl,wikidata,series_position,MISSING,no
MB-215,9789061699422,nl,wikidata,subjects,MISSING,no
MB-215,9789061699422,nl,bookbrainz,isbn_exact,MISSING,no
MB-215,9789061699422,nl,bookbrainz,title,MISSING,no
MB-215,9789061699422,nl,bookbrainz,subtitle,MISSING,no
MB-215,9789061699422,nl,bookbrainz,authors,MISSING,no
MB-215,9789061699422,nl,bookbrainz,language,MISSING,no
MB-215,9789061699422,nl,bookbrainz,publisher,MISSING,no
MB-215,9789061699422,nl,bookbrainz,publication_date,MISSING,no
MB-215,9789061699422,nl,bookbrainz,page_count,MISSING,no
MB-215,9789061699422,nl,bookbrainz,cover,MISSING,no
MB-215,9789061699422,nl,bookbrainz,work_link,MISSING,no
MB-215,9789061699422,nl,bookbrainz,series,MISSING,no
MB-215,9789061699422,nl,bookbrainz,series_position,MISSING,no
MB-215,9789061699422,nl,bookbrainz,subjects,MISSING,no
MB-216,9789061699569,nl,open_library,isbn_exact,MISSING,no
MB-216,9789061699569,nl,open_library,title,MISSING,no
MB-216,9789061699569,nl,open_library,subtitle,MISSING,no
MB-216,9789061699569,nl,open_library,authors,MISSING,no
MB-216,9789061699569,nl,open_library,language,MISSING,no
MB-216,9789061699569,nl,open_library,publisher,MISSING,no
MB-216,9789061699569,nl,open_library,publication_date,MISSING,no
MB-216,9789061699569,nl,open_library,page_count,MISSING,no
MB-216,9789061699569,nl,open_library,cover,MISSING,no
MB-216,9789061699569,nl,open_library,work_link,MISSING,no
MB-216,9789061699569,nl,open_library,series,MISSING,no
MB-216,9789061699569,nl,open_library,series_position,MISSING,no
MB-216,9789061699569,nl,open_library,subjects,MISSING,no
MB-216,9789061699569,nl,google_books,isbn_exact,CORRECT,no
MB-216,9789061699569,nl,google_books,title,CORRECT,no
MB-216,9789061699569,nl,google_books,subtitle,MISSING,no
MB-216,9789061699569,nl,google_books,authors,CORRECT,no
MB-216,9789061699569,nl,google_books,language,CORRECT,no
MB-216,9789061699569,nl,google_books,publisher,MISSING,no
MB-216,9789061699569,nl,google_books,publication_date,CORRECT,no
MB-216,9789061699569,nl,google_books,page_count,CORRECT,no
MB-216,9789061699569,nl,google_books,cover,CORRECT,no
MB-216,9789061699569,nl,google_books,work_link,MISSING,no
MB-216,9789061699569,nl,google_books,series,MISSING,no
MB-216,9789061699569,nl,google_books,series_position,MISSING,no
MB-216,9789061699569,nl,google_books,subjects,MISSING,no
MB-216,9789061699569,nl,wikidata,isbn_exact,MISSING,no
MB-216,9789061699569,nl,wikidata,title,MISSING,no
MB-216,9789061699569,nl,wikidata,subtitle,MISSING,no
MB-216,9789061699569,nl,wikidata,authors,MISSING,no
MB-216,9789061699569,nl,wikidata,language,MISSING,no
MB-216,9789061699569,nl,wikidata,publisher,MISSING,no
MB-216,9789061699569,nl,wikidata,publication_date,MISSING,no
MB-216,9789061699569,nl,wikidata,page_count,MISSING,no
MB-216,9789061699569,nl,wikidata,cover,MISSING,no
MB-216,9789061699569,nl,wikidata,work_link,MISSING,no
MB-216,9789061699569,nl,wikidata,series,MISSING,no
MB-216,9789061699569,nl,wikidata,series_position,MISSING,no
MB-216,9789061699569,nl,wikidata,subjects,MISSING,no
MB-216,9789061699569,nl,bookbrainz,isbn_exact,MISSING,no
MB-216,9789061699569,nl,bookbrainz,title,MISSING,no
MB-216,9789061699569,nl,bookbrainz,subtitle,MISSING,no
MB-216,9789061699569,nl,bookbrainz,authors,MISSING,no
MB-216,9789061699569,nl,bookbrainz,language,MISSING,no
MB-216,9789061699569,nl,bookbrainz,publisher,MISSING,no
MB-216,9789061699569,nl,bookbrainz,publication_date,MISSING,no
MB-216,9789061699569,nl,bookbrainz,page_count,MISSING,no
MB-216,9789061699569,nl,bookbrainz,cover,MISSING,no
MB-216,9789061699569,nl,bookbrainz,work_link,MISSING,no
MB-216,9789061699569,nl,bookbrainz,series,MISSING,no
MB-216,9789061699569,nl,bookbrainz,series_position,MISSING,no
MB-216,9789061699569,nl,bookbrainz,subjects,MISSING,no
MB-217,9789062384075,nl,open_library,isbn_exact,MISSING,no
MB-217,9789062384075,nl,open_library,title,MISSING,no
MB-217,9789062384075,nl,open_library,subtitle,MISSING,no
MB-217,9789062384075,nl,open_library,authors,MISSING,no
MB-217,9789062384075,nl,open_library,language,MISSING,no
MB-217,9789062384075,nl,open_library,publisher,MISSING,no
MB-217,9789062384075,nl,open_library,publication_date,MISSING,no
MB-217,9789062384075,nl,open_library,page_count,MISSING,no
MB-217,9789062384075,nl,open_library,cover,MISSING,no
MB-217,9789062384075,nl,open_library,work_link,MISSING,no
MB-217,9789062384075,nl,open_library,series,MISSING,no
MB-217,9789062384075,nl,open_library,series_position,MISSING,no
MB-217,9789062384075,nl,open_library,subjects,MISSING,no
MB-217,9789062384075,nl,google_books,isbn_exact,CORRECT,no
MB-217,9789062384075,nl,google_books,title,CORRECT,no
MB-217,9789062384075,nl,google_books,subtitle,MISSING,no
MB-217,9789062384075,nl,google_books,authors,CORRECT,no
MB-217,9789062384075,nl,google_books,language,CORRECT,no
MB-217,9789062384075,nl,google_books,publisher,MISSING,no
MB-217,9789062384075,nl,google_books,publication_date,CORRECT,no
MB-217,9789062384075,nl,google_books,page_count,CORRECT,no
MB-217,9789062384075,nl,google_books,cover,MISSING,no
MB-217,9789062384075,nl,google_books,work_link,MISSING,no
MB-217,9789062384075,nl,google_books,series,MISSING,no
MB-217,9789062384075,nl,google_books,series_position,MISSING,no
MB-217,9789062384075,nl,google_books,subjects,MISSING,no
MB-217,9789062384075,nl,wikidata,isbn_exact,MISSING,no
MB-217,9789062384075,nl,wikidata,title,MISSING,no
MB-217,9789062384075,nl,wikidata,subtitle,MISSING,no
MB-217,9789062384075,nl,wikidata,authors,MISSING,no
MB-217,9789062384075,nl,wikidata,language,MISSING,no
MB-217,9789062384075,nl,wikidata,publisher,MISSING,no
MB-217,9789062384075,nl,wikidata,publication_date,MISSING,no
MB-217,9789062384075,nl,wikidata,page_count,MISSING,no
MB-217,9789062384075,nl,wikidata,cover,MISSING,no
MB-217,9789062384075,nl,wikidata,work_link,MISSING,no
MB-217,9789062384075,nl,wikidata,series,MISSING,no
MB-217,9789062384075,nl,wikidata,series_position,MISSING,no
MB-217,9789062384075,nl,wikidata,subjects,MISSING,no
MB-217,9789062384075,nl,bookbrainz,isbn_exact,MISSING,no
MB-217,9789062384075,nl,bookbrainz,title,MISSING,no
MB-217,9789062384075,nl,bookbrainz,subtitle,MISSING,no
MB-217,9789062384075,nl,bookbrainz,authors,MISSING,no
MB-217,9789062384075,nl,bookbrainz,language,MISSING,no
MB-217,9789062384075,nl,bookbrainz,publisher,MISSING,no
MB-217,9789062384075,nl,bookbrainz,publication_date,MISSING,no
MB-217,9789062384075,nl,bookbrainz,page_count,MISSING,no
MB-217,9789062384075,nl,bookbrainz,cover,MISSING,no
MB-217,9789062384075,nl,bookbrainz,work_link,MISSING,no
MB-217,9789062384075,nl,bookbrainz,series,MISSING,no
MB-217,9789062384075,nl,bookbrainz,series_position,MISSING,no
MB-217,9789062384075,nl,bookbrainz,subjects,MISSING,no
MB-218,9789066920781,nl,open_library,isbn_exact,MISSING,no
MB-218,9789066920781,nl,open_library,title,MISSING,no
MB-218,9789066920781,nl,open_library,subtitle,MISSING,no
MB-218,9789066920781,nl,open_library,authors,MISSING,no
MB-218,9789066920781,nl,open_library,language,MISSING,no
MB-218,9789066920781,nl,open_library,publisher,MISSING,no
MB-218,9789066920781,nl,open_library,publication_date,MISSING,no
MB-218,9789066920781,nl,open_library,page_count,MISSING,no
MB-218,9789066920781,nl,open_library,cover,MISSING,no
MB-218,9789066920781,nl,open_library,work_link,MISSING,no
MB-218,9789066920781,nl,open_library,series,MISSING,yes
MB-218,9789066920781,nl,open_library,series_position,MISSING,yes
MB-218,9789066920781,nl,open_library,subjects,MISSING,no
MB-218,9789066920781,nl,google_books,isbn_exact,CORRECT,no
MB-218,9789066920781,nl,google_books,title,CORRECT,no
MB-218,9789066920781,nl,google_books,subtitle,MISSING,no
MB-218,9789066920781,nl,google_books,authors,CORRECT,no
MB-218,9789066920781,nl,google_books,language,CORRECT,no
MB-218,9789066920781,nl,google_books,publisher,MISSING,no
MB-218,9789066920781,nl,google_books,publication_date,CORRECT,no
MB-218,9789066920781,nl,google_books,page_count,CORRECT,no
MB-218,9789066920781,nl,google_books,cover,MISSING,no
MB-218,9789066920781,nl,google_books,work_link,MISSING,no
MB-218,9789066920781,nl,google_books,series,MISSING,yes
MB-218,9789066920781,nl,google_books,series_position,MISSING,yes
MB-218,9789066920781,nl,google_books,subjects,MISSING,no
MB-218,9789066920781,nl,wikidata,isbn_exact,MISSING,no
MB-218,9789066920781,nl,wikidata,title,MISSING,no
MB-218,9789066920781,nl,wikidata,subtitle,MISSING,no
MB-218,9789066920781,nl,wikidata,authors,MISSING,no
MB-218,9789066920781,nl,wikidata,language,MISSING,no
MB-218,9789066920781,nl,wikidata,publisher,MISSING,no
MB-218,9789066920781,nl,wikidata,publication_date,MISSING,no
MB-218,9789066920781,nl,wikidata,page_count,MISSING,no
MB-218,9789066920781,nl,wikidata,cover,MISSING,no
MB-218,9789066920781,nl,wikidata,work_link,MISSING,no
MB-218,9789066920781,nl,wikidata,series,MISSING,yes
MB-218,9789066920781,nl,wikidata,series_position,MISSING,yes
MB-218,9789066920781,nl,wikidata,subjects,MISSING,no
MB-218,9789066920781,nl,bookbrainz,isbn_exact,MISSING,no
MB-218,9789066920781,nl,bookbrainz,title,MISSING,no
MB-218,9789066920781,nl,bookbrainz,subtitle,MISSING,no
MB-218,9789066920781,nl,bookbrainz,authors,MISSING,no
MB-218,9789066920781,nl,bookbrainz,language,MISSING,no
MB-218,9789066920781,nl,bookbrainz,publisher,MISSING,no
MB-218,9789066920781,nl,bookbrainz,publication_date,MISSING,no
MB-218,9789066920781,nl,bookbrainz,page_count,MISSING,no
MB-218,9789066920781,nl,bookbrainz,cover,MISSING,no
MB-218,9789066920781,nl,bookbrainz,work_link,MISSING,no
MB-218,9789066920781,nl,bookbrainz,series,MISSING,yes
MB-218,9789066920781,nl,bookbrainz,series_position,MISSING,yes
MB-218,9789066920781,nl,bookbrainz,subjects,MISSING,no
MB-219,9789066920927,nl,open_library,isbn_exact,MISSING,no
MB-219,9789066920927,nl,open_library,title,MISSING,no
MB-219,9789066920927,nl,open_library,subtitle,MISSING,no
MB-219,9789066920927,nl,open_library,authors,MISSING,no
MB-219,9789066920927,nl,open_library,language,MISSING,no
MB-219,9789066920927,nl,open_library,publisher,MISSING,no
MB-219,9789066920927,nl,open_library,publication_date,MISSING,no
MB-219,9789066920927,nl,open_library,page_count,MISSING,no
MB-219,9789066920927,nl,open_library,cover,MISSING,no
MB-219,9789066920927,nl,open_library,work_link,MISSING,no
MB-219,9789066920927,nl,open_library,series,MISSING,no
MB-219,9789066920927,nl,open_library,series_position,MISSING,no
MB-219,9789066920927,nl,open_library,subjects,MISSING,no
MB-219,9789066920927,nl,google_books,isbn_exact,CORRECT,no
MB-219,9789066920927,nl,google_books,title,CORRECT,no
MB-219,9789066920927,nl,google_books,subtitle,MISSING,no
MB-219,9789066920927,nl,google_books,authors,CORRECT,no
MB-219,9789066920927,nl,google_books,language,CORRECT,no
MB-219,9789066920927,nl,google_books,publisher,MISSING,no
MB-219,9789066920927,nl,google_books,publication_date,CORRECT,no
MB-219,9789066920927,nl,google_books,page_count,CORRECT,no
MB-219,9789066920927,nl,google_books,cover,MISSING,no
MB-219,9789066920927,nl,google_books,work_link,MISSING,no
MB-219,9789066920927,nl,google_books,series,MISSING,no
MB-219,9789066920927,nl,google_books,series_position,MISSING,no
MB-219,9789066920927,nl,google_books,subjects,MISSING,no
MB-219,9789066920927,nl,wikidata,isbn_exact,MISSING,no
MB-219,9789066920927,nl,wikidata,title,MISSING,no
MB-219,9789066920927,nl,wikidata,subtitle,MISSING,no
MB-219,9789066920927,nl,wikidata,authors,MISSING,no
MB-219,9789066920927,nl,wikidata,language,MISSING,no
MB-219,9789066920927,nl,wikidata,publisher,MISSING,no
MB-219,9789066920927,nl,wikidata,publication_date,MISSING,no
MB-219,9789066920927,nl,wikidata,page_count,MISSING,no
MB-219,9789066920927,nl,wikidata,cover,MISSING,no
MB-219,9789066920927,nl,wikidata,work_link,MISSING,no
MB-219,9789066920927,nl,wikidata,series,MISSING,no
MB-219,9789066920927,nl,wikidata,series_position,MISSING,no
MB-219,9789066920927,nl,wikidata,subjects,MISSING,no
MB-219,9789066920927,nl,bookbrainz,isbn_exact,MISSING,no
MB-219,9789066920927,nl,bookbrainz,title,MISSING,no
MB-219,9789066920927,nl,bookbrainz,subtitle,MISSING,no
MB-219,9789066920927,nl,bookbrainz,authors,MISSING,no
MB-219,9789066920927,nl,bookbrainz,language,MISSING,no
MB-219,9789066920927,nl,bookbrainz,publisher,MISSING,no
MB-219,9789066920927,nl,bookbrainz,publication_date,MISSING,no
MB-219,9789066920927,nl,bookbrainz,page_count,MISSING,no
MB-219,9789066920927,nl,bookbrainz,cover,MISSING,no
MB-219,9789066920927,nl,bookbrainz,work_link,MISSING,no
MB-219,9789066920927,nl,bookbrainz,series,MISSING,no
MB-219,9789066920927,nl,bookbrainz,series_position,MISSING,no
MB-219,9789066920927,nl,bookbrainz,subjects,MISSING,no
MB-220,9789066921399,nl,open_library,isbn_exact,MISSING,no
MB-220,9789066921399,nl,open_library,title,MISSING,no
MB-220,9789066921399,nl,open_library,subtitle,MISSING,no
MB-220,9789066921399,nl,open_library,authors,MISSING,no
MB-220,9789066921399,nl,open_library,language,MISSING,no
MB-220,9789066921399,nl,open_library,publisher,MISSING,no
MB-220,9789066921399,nl,open_library,publication_date,MISSING,no
MB-220,9789066921399,nl,open_library,page_count,MISSING,no
MB-220,9789066921399,nl,open_library,cover,MISSING,no
MB-220,9789066921399,nl,open_library,work_link,MISSING,no
MB-220,9789066921399,nl,open_library,series,MISSING,no
MB-220,9789066921399,nl,open_library,series_position,MISSING,no
MB-220,9789066921399,nl,open_library,subjects,MISSING,no
MB-220,9789066921399,nl,google_books,isbn_exact,CORRECT,no
MB-220,9789066921399,nl,google_books,title,CORRECT,no
MB-220,9789066921399,nl,google_books,subtitle,MISSING,no
MB-220,9789066921399,nl,google_books,authors,INCORRECT,no
MB-220,9789066921399,nl,google_books,language,CORRECT,no
MB-220,9789066921399,nl,google_books,publisher,MISSING,no
MB-220,9789066921399,nl,google_books,publication_date,CORRECT,no
MB-220,9789066921399,nl,google_books,page_count,CORRECT,no
MB-220,9789066921399,nl,google_books,cover,MISSING,no
MB-220,9789066921399,nl,google_books,work_link,MISSING,no
MB-220,9789066921399,nl,google_books,series,MISSING,no
MB-220,9789066921399,nl,google_books,series_position,MISSING,no
MB-220,9789066921399,nl,google_books,subjects,MISSING,no
MB-220,9789066921399,nl,wikidata,isbn_exact,MISSING,no
MB-220,9789066921399,nl,wikidata,title,MISSING,no
MB-220,9789066921399,nl,wikidata,subtitle,MISSING,no
MB-220,9789066921399,nl,wikidata,authors,MISSING,no
MB-220,9789066921399,nl,wikidata,language,MISSING,no
MB-220,9789066921399,nl,wikidata,publisher,MISSING,no
MB-220,9789066921399,nl,wikidata,publication_date,MISSING,no
MB-220,9789066921399,nl,wikidata,page_count,MISSING,no
MB-220,9789066921399,nl,wikidata,cover,MISSING,no
MB-220,9789066921399,nl,wikidata,work_link,MISSING,no
MB-220,9789066921399,nl,wikidata,series,MISSING,no
MB-220,9789066921399,nl,wikidata,series_position,MISSING,no
MB-220,9789066921399,nl,wikidata,subjects,MISSING,no
MB-220,9789066921399,nl,bookbrainz,isbn_exact,MISSING,no
MB-220,9789066921399,nl,bookbrainz,title,MISSING,no
MB-220,9789066921399,nl,bookbrainz,subtitle,MISSING,no
MB-220,9789066921399,nl,bookbrainz,authors,MISSING,no
MB-220,9789066921399,nl,bookbrainz,language,MISSING,no
MB-220,9789066921399,nl,bookbrainz,publisher,MISSING,no
MB-220,9789066921399,nl,bookbrainz,publication_date,MISSING,no
MB-220,9789066921399,nl,bookbrainz,page_count,MISSING,no
MB-220,9789066921399,nl,bookbrainz,cover,MISSING,no
MB-220,9789066921399,nl,bookbrainz,work_link,MISSING,no
MB-220,9789066921399,nl,bookbrainz,series,MISSING,no
MB-220,9789066921399,nl,bookbrainz,series_position,MISSING,no
MB-220,9789066921399,nl,bookbrainz,subjects,MISSING,no
MB-221,9789066921559,nl,open_library,isbn_exact,MISSING,no
MB-221,9789066921559,nl,open_library,title,MISSING,no
MB-221,9789066921559,nl,open_library,subtitle,MISSING,no
MB-221,9789066921559,nl,open_library,authors,MISSING,no
MB-221,9789066921559,nl,open_library,language,MISSING,no
MB-221,9789066921559,nl,open_library,publisher,MISSING,no
MB-221,9789066921559,nl,open_library,publication_date,MISSING,no
MB-221,9789066921559,nl,open_library,page_count,MISSING,no
MB-221,9789066921559,nl,open_library,cover,MISSING,no
MB-221,9789066921559,nl,open_library,work_link,MISSING,no
MB-221,9789066921559,nl,open_library,series,MISSING,no
MB-221,9789066921559,nl,open_library,series_position,MISSING,no
MB-221,9789066921559,nl,open_library,subjects,MISSING,no
MB-221,9789066921559,nl,google_books,isbn_exact,CORRECT,no
MB-221,9789066921559,nl,google_books,title,CORRECT,no
MB-221,9789066921559,nl,google_books,subtitle,MISSING,no
MB-221,9789066921559,nl,google_books,authors,MISSING,no
MB-221,9789066921559,nl,google_books,language,CORRECT,no
MB-221,9789066921559,nl,google_books,publisher,MISSING,no
MB-221,9789066921559,nl,google_books,publication_date,CORRECT,no
MB-221,9789066921559,nl,google_books,page_count,CORRECT,no
MB-221,9789066921559,nl,google_books,cover,MISSING,no
MB-221,9789066921559,nl,google_books,work_link,MISSING,no
MB-221,9789066921559,nl,google_books,series,MISSING,no
MB-221,9789066921559,nl,google_books,series_position,MISSING,no
MB-221,9789066921559,nl,google_books,subjects,MISSING,no
MB-221,9789066921559,nl,wikidata,isbn_exact,MISSING,no
MB-221,9789066921559,nl,wikidata,title,MISSING,no
MB-221,9789066921559,nl,wikidata,subtitle,MISSING,no
MB-221,9789066921559,nl,wikidata,authors,MISSING,no
MB-221,9789066921559,nl,wikidata,language,MISSING,no
MB-221,9789066921559,nl,wikidata,publisher,MISSING,no
MB-221,9789066921559,nl,wikidata,publication_date,MISSING,no
MB-221,9789066921559,nl,wikidata,page_count,MISSING,no
MB-221,9789066921559,nl,wikidata,cover,MISSING,no
MB-221,9789066921559,nl,wikidata,work_link,MISSING,no
MB-221,9789066921559,nl,wikidata,series,MISSING,no
MB-221,9789066921559,nl,wikidata,series_position,MISSING,no
MB-221,9789066921559,nl,wikidata,subjects,MISSING,no
MB-221,9789066921559,nl,bookbrainz,isbn_exact,MISSING,no
MB-221,9789066921559,nl,bookbrainz,title,MISSING,no
MB-221,9789066921559,nl,bookbrainz,subtitle,MISSING,no
MB-221,9789066921559,nl,bookbrainz,authors,MISSING,no
MB-221,9789066921559,nl,bookbrainz,language,MISSING,no
MB-221,9789066921559,nl,bookbrainz,publisher,MISSING,no
MB-221,9789066921559,nl,bookbrainz,publication_date,MISSING,no
MB-221,9789066921559,nl,bookbrainz,page_count,MISSING,no
MB-221,9789066921559,nl,bookbrainz,cover,MISSING,no
MB-221,9789066921559,nl,bookbrainz,work_link,MISSING,no
MB-221,9789066921559,nl,bookbrainz,series,MISSING,no
MB-221,9789066921559,nl,bookbrainz,series_position,MISSING,no
MB-221,9789066921559,nl,bookbrainz,subjects,MISSING,no
MB-222,9789066921658,nl,open_library,isbn_exact,MISSING,no
MB-222,9789066921658,nl,open_library,title,MISSING,no
MB-222,9789066921658,nl,open_library,subtitle,MISSING,no
MB-222,9789066921658,nl,open_library,authors,MISSING,no
MB-222,9789066921658,nl,open_library,language,MISSING,no
MB-222,9789066921658,nl,open_library,publisher,MISSING,no
MB-222,9789066921658,nl,open_library,publication_date,MISSING,no
MB-222,9789066921658,nl,open_library,page_count,MISSING,no
MB-222,9789066921658,nl,open_library,cover,MISSING,no
MB-222,9789066921658,nl,open_library,work_link,MISSING,no
MB-222,9789066921658,nl,open_library,series,MISSING,yes
MB-222,9789066921658,nl,open_library,series_position,MISSING,yes
MB-222,9789066921658,nl,open_library,subjects,MISSING,no
MB-222,9789066921658,nl,google_books,isbn_exact,CORRECT,no
MB-222,9789066921658,nl,google_books,title,CORRECT,no
MB-222,9789066921658,nl,google_books,subtitle,MISSING,no
MB-222,9789066921658,nl,google_books,authors,CORRECT,no
MB-222,9789066921658,nl,google_books,language,CORRECT,no
MB-222,9789066921658,nl,google_books,publisher,MISSING,no
MB-222,9789066921658,nl,google_books,publication_date,CORRECT,no
MB-222,9789066921658,nl,google_books,page_count,CORRECT,no
MB-222,9789066921658,nl,google_books,cover,MISSING,no
MB-222,9789066921658,nl,google_books,work_link,MISSING,no
MB-222,9789066921658,nl,google_books,series,MISSING,yes
MB-222,9789066921658,nl,google_books,series_position,MISSING,yes
MB-222,9789066921658,nl,google_books,subjects,MISSING,no
MB-222,9789066921658,nl,wikidata,isbn_exact,MISSING,no
MB-222,9789066921658,nl,wikidata,title,MISSING,no
MB-222,9789066921658,nl,wikidata,subtitle,MISSING,no
MB-222,9789066921658,nl,wikidata,authors,MISSING,no
MB-222,9789066921658,nl,wikidata,language,MISSING,no
MB-222,9789066921658,nl,wikidata,publisher,MISSING,no
MB-222,9789066921658,nl,wikidata,publication_date,MISSING,no
MB-222,9789066921658,nl,wikidata,page_count,MISSING,no
MB-222,9789066921658,nl,wikidata,cover,MISSING,no
MB-222,9789066921658,nl,wikidata,work_link,MISSING,no
MB-222,9789066921658,nl,wikidata,series,MISSING,yes
MB-222,9789066921658,nl,wikidata,series_position,MISSING,yes
MB-222,9789066921658,nl,wikidata,subjects,MISSING,no
MB-222,9789066921658,nl,bookbrainz,isbn_exact,MISSING,no
MB-222,9789066921658,nl,bookbrainz,title,MISSING,no
MB-222,9789066921658,nl,bookbrainz,subtitle,MISSING,no
MB-222,9789066921658,nl,bookbrainz,authors,MISSING,no
MB-222,9789066921658,nl,bookbrainz,language,MISSING,no
MB-222,9789066921658,nl,bookbrainz,publisher,MISSING,no
MB-222,9789066921658,nl,bookbrainz,publication_date,MISSING,no
MB-222,9789066921658,nl,bookbrainz,page_count,MISSING,no
MB-222,9789066921658,nl,bookbrainz,cover,MISSING,no
MB-222,9789066921658,nl,bookbrainz,work_link,MISSING,no
MB-222,9789066921658,nl,bookbrainz,series,MISSING,yes
MB-222,9789066921658,nl,bookbrainz,series_position,MISSING,yes
MB-222,9789066921658,nl,bookbrainz,subjects,MISSING,no
MB-223,9789066921917,nl,open_library,isbn_exact,MISSING,no
MB-223,9789066921917,nl,open_library,title,MISSING,no
MB-223,9789066921917,nl,open_library,subtitle,MISSING,no
MB-223,9789066921917,nl,open_library,authors,MISSING,no
MB-223,9789066921917,nl,open_library,language,MISSING,no
MB-223,9789066921917,nl,open_library,publisher,MISSING,no
MB-223,9789066921917,nl,open_library,publication_date,MISSING,no
MB-223,9789066921917,nl,open_library,page_count,MISSING,no
MB-223,9789066921917,nl,open_library,cover,MISSING,no
MB-223,9789066921917,nl,open_library,work_link,MISSING,no
MB-223,9789066921917,nl,open_library,series,MISSING,yes
MB-223,9789066921917,nl,open_library,series_position,MISSING,yes
MB-223,9789066921917,nl,open_library,subjects,MISSING,no
MB-223,9789066921917,nl,google_books,isbn_exact,CORRECT,no
MB-223,9789066921917,nl,google_books,title,CORRECT,no
MB-223,9789066921917,nl,google_books,subtitle,MISSING,no
MB-223,9789066921917,nl,google_books,authors,CORRECT,no
MB-223,9789066921917,nl,google_books,language,CORRECT,no
MB-223,9789066921917,nl,google_books,publisher,MISSING,no
MB-223,9789066921917,nl,google_books,publication_date,CORRECT,no
MB-223,9789066921917,nl,google_books,page_count,CORRECT,no
MB-223,9789066921917,nl,google_books,cover,MISSING,no
MB-223,9789066921917,nl,google_books,work_link,MISSING,no
MB-223,9789066921917,nl,google_books,series,MISSING,yes
MB-223,9789066921917,nl,google_books,series_position,MISSING,yes
MB-223,9789066921917,nl,google_books,subjects,MISSING,no
MB-223,9789066921917,nl,wikidata,isbn_exact,MISSING,no
MB-223,9789066921917,nl,wikidata,title,MISSING,no
MB-223,9789066921917,nl,wikidata,subtitle,MISSING,no
MB-223,9789066921917,nl,wikidata,authors,MISSING,no
MB-223,9789066921917,nl,wikidata,language,MISSING,no
MB-223,9789066921917,nl,wikidata,publisher,MISSING,no
MB-223,9789066921917,nl,wikidata,publication_date,MISSING,no
MB-223,9789066921917,nl,wikidata,page_count,MISSING,no
MB-223,9789066921917,nl,wikidata,cover,MISSING,no
MB-223,9789066921917,nl,wikidata,work_link,MISSING,no
MB-223,9789066921917,nl,wikidata,series,MISSING,yes
MB-223,9789066921917,nl,wikidata,series_position,MISSING,yes
MB-223,9789066921917,nl,wikidata,subjects,MISSING,no
MB-223,9789066921917,nl,bookbrainz,isbn_exact,MISSING,no
MB-223,9789066921917,nl,bookbrainz,title,MISSING,no
MB-223,9789066921917,nl,bookbrainz,subtitle,MISSING,no
MB-223,9789066921917,nl,bookbrainz,authors,MISSING,no
MB-223,9789066921917,nl,bookbrainz,language,MISSING,no
MB-223,9789066921917,nl,bookbrainz,publisher,MISSING,no
MB-223,9789066921917,nl,bookbrainz,publication_date,MISSING,no
MB-223,9789066921917,nl,bookbrainz,page_count,MISSING,no
MB-223,9789066921917,nl,bookbrainz,cover,MISSING,no
MB-223,9789066921917,nl,bookbrainz,work_link,MISSING,no
MB-223,9789066921917,nl,bookbrainz,series,MISSING,yes
MB-223,9789066921917,nl,bookbrainz,series_position,MISSING,yes
MB-223,9789066921917,nl,bookbrainz,subjects,MISSING,no
MB-224,9789066922242,nl,open_library,isbn_exact,CORRECT,no
MB-224,9789066922242,nl,open_library,title,CORRECT,no
MB-224,9789066922242,nl,open_library,subtitle,MISSING,no
MB-224,9789066922242,nl,open_library,authors,MISSING,no
MB-224,9789066922242,nl,open_library,language,CORRECT,no
MB-224,9789066922242,nl,open_library,publisher,CORRECT,no
MB-224,9789066922242,nl,open_library,publication_date,CORRECT,no
MB-224,9789066922242,nl,open_library,page_count,CORRECT,no
MB-224,9789066922242,nl,open_library,cover,CORRECT,no
MB-224,9789066922242,nl,open_library,work_link,CORRECT,no
MB-224,9789066922242,nl,open_library,series,CORRECT,yes
MB-224,9789066922242,nl,open_library,series_position,MISSING,yes
MB-224,9789066922242,nl,open_library,subjects,MISSING,no
MB-224,9789066922242,nl,google_books,isbn_exact,CORRECT,no
MB-224,9789066922242,nl,google_books,title,CORRECT,no
MB-224,9789066922242,nl,google_books,subtitle,MISSING,no
MB-224,9789066922242,nl,google_books,authors,CORRECT,no
MB-224,9789066922242,nl,google_books,language,CORRECT,no
MB-224,9789066922242,nl,google_books,publisher,MISSING,no
MB-224,9789066922242,nl,google_books,publication_date,CORRECT,no
MB-224,9789066922242,nl,google_books,page_count,INCORRECT,no
MB-224,9789066922242,nl,google_books,cover,MISSING,no
MB-224,9789066922242,nl,google_books,work_link,MISSING,no
MB-224,9789066922242,nl,google_books,series,MISSING,yes
MB-224,9789066922242,nl,google_books,series_position,MISSING,yes
MB-224,9789066922242,nl,google_books,subjects,CORRECT,no
MB-224,9789066922242,nl,wikidata,isbn_exact,MISSING,no
MB-224,9789066922242,nl,wikidata,title,MISSING,no
MB-224,9789066922242,nl,wikidata,subtitle,MISSING,no
MB-224,9789066922242,nl,wikidata,authors,MISSING,no
MB-224,9789066922242,nl,wikidata,language,MISSING,no
MB-224,9789066922242,nl,wikidata,publisher,MISSING,no
MB-224,9789066922242,nl,wikidata,publication_date,MISSING,no
MB-224,9789066922242,nl,wikidata,page_count,MISSING,no
MB-224,9789066922242,nl,wikidata,cover,MISSING,no
MB-224,9789066922242,nl,wikidata,work_link,MISSING,no
MB-224,9789066922242,nl,wikidata,series,MISSING,yes
MB-224,9789066922242,nl,wikidata,series_position,MISSING,yes
MB-224,9789066922242,nl,wikidata,subjects,MISSING,no
MB-224,9789066922242,nl,bookbrainz,isbn_exact,MISSING,no
MB-224,9789066922242,nl,bookbrainz,title,MISSING,no
MB-224,9789066922242,nl,bookbrainz,subtitle,MISSING,no
MB-224,9789066922242,nl,bookbrainz,authors,MISSING,no
MB-224,9789066922242,nl,bookbrainz,language,MISSING,no
MB-224,9789066922242,nl,bookbrainz,publisher,MISSING,no
MB-224,9789066922242,nl,bookbrainz,publication_date,MISSING,no
MB-224,9789066922242,nl,bookbrainz,page_count,MISSING,no
MB-224,9789066922242,nl,bookbrainz,cover,MISSING,no
MB-224,9789066922242,nl,bookbrainz,work_link,MISSING,no
MB-224,9789066922242,nl,bookbrainz,series,MISSING,yes
MB-224,9789066922242,nl,bookbrainz,series_position,MISSING,yes
MB-224,9789066922242,nl,bookbrainz,subjects,MISSING,no
MB-225,9789066922273,nl,open_library,isbn_exact,MISSING,no
MB-225,9789066922273,nl,open_library,title,MISSING,no
MB-225,9789066922273,nl,open_library,subtitle,MISSING,no
MB-225,9789066922273,nl,open_library,authors,MISSING,no
MB-225,9789066922273,nl,open_library,language,MISSING,no
MB-225,9789066922273,nl,open_library,publisher,MISSING,no
MB-225,9789066922273,nl,open_library,publication_date,MISSING,no
MB-225,9789066922273,nl,open_library,page_count,MISSING,no
MB-225,9789066922273,nl,open_library,cover,MISSING,no
MB-225,9789066922273,nl,open_library,work_link,MISSING,no
MB-225,9789066922273,nl,open_library,series,MISSING,no
MB-225,9789066922273,nl,open_library,series_position,MISSING,no
MB-225,9789066922273,nl,open_library,subjects,MISSING,no
MB-225,9789066922273,nl,google_books,isbn_exact,CORRECT,no
MB-225,9789066922273,nl,google_books,title,CORRECT,no
MB-225,9789066922273,nl,google_books,subtitle,MISSING,no
MB-225,9789066922273,nl,google_books,authors,CORRECT,no
MB-225,9789066922273,nl,google_books,language,CORRECT,no
MB-225,9789066922273,nl,google_books,publisher,MISSING,no
MB-225,9789066922273,nl,google_books,publication_date,CORRECT,no
MB-225,9789066922273,nl,google_books,page_count,CORRECT,no
MB-225,9789066922273,nl,google_books,cover,MISSING,no
MB-225,9789066922273,nl,google_books,work_link,MISSING,no
MB-225,9789066922273,nl,google_books,series,MISSING,no
MB-225,9789066922273,nl,google_books,series_position,MISSING,no
MB-225,9789066922273,nl,google_books,subjects,MISSING,no
MB-225,9789066922273,nl,wikidata,isbn_exact,MISSING,no
MB-225,9789066922273,nl,wikidata,title,MISSING,no
MB-225,9789066922273,nl,wikidata,subtitle,MISSING,no
MB-225,9789066922273,nl,wikidata,authors,MISSING,no
MB-225,9789066922273,nl,wikidata,language,MISSING,no
MB-225,9789066922273,nl,wikidata,publisher,MISSING,no
MB-225,9789066922273,nl,wikidata,publication_date,MISSING,no
MB-225,9789066922273,nl,wikidata,page_count,MISSING,no
MB-225,9789066922273,nl,wikidata,cover,MISSING,no
MB-225,9789066922273,nl,wikidata,work_link,MISSING,no
MB-225,9789066922273,nl,wikidata,series,MISSING,no
MB-225,9789066922273,nl,wikidata,series_position,MISSING,no
MB-225,9789066922273,nl,wikidata,subjects,MISSING,no
MB-225,9789066922273,nl,bookbrainz,isbn_exact,MISSING,no
MB-225,9789066922273,nl,bookbrainz,title,MISSING,no
MB-225,9789066922273,nl,bookbrainz,subtitle,MISSING,no
MB-225,9789066922273,nl,bookbrainz,authors,MISSING,no
MB-225,9789066922273,nl,bookbrainz,language,MISSING,no
MB-225,9789066922273,nl,bookbrainz,publisher,MISSING,no
MB-225,9789066922273,nl,bookbrainz,publication_date,MISSING,no
MB-225,9789066922273,nl,bookbrainz,page_count,MISSING,no
MB-225,9789066922273,nl,bookbrainz,cover,MISSING,no
MB-225,9789066922273,nl,bookbrainz,work_link,MISSING,no
MB-225,9789066922273,nl,bookbrainz,series,MISSING,no
MB-225,9789066922273,nl,bookbrainz,series_position,MISSING,no
MB-225,9789066922273,nl,bookbrainz,subjects,MISSING,no
MB-226,9789078753209,nl,open_library,isbn_exact,CORRECT,no
MB-226,9789078753209,nl,open_library,title,CORRECT,no
MB-226,9789078753209,nl,open_library,subtitle,MISSING,no
MB-226,9789078753209,nl,open_library,authors,CORRECT,no
MB-226,9789078753209,nl,open_library,language,CORRECT,no
MB-226,9789078753209,nl,open_library,publisher,CORRECT,no
MB-226,9789078753209,nl,open_library,publication_date,CORRECT,no
MB-226,9789078753209,nl,open_library,page_count,CORRECT,no
MB-226,9789078753209,nl,open_library,cover,CORRECT,no
MB-226,9789078753209,nl,open_library,work_link,CORRECT,no
MB-226,9789078753209,nl,open_library,series,UNVERIFIABLE,no
MB-226,9789078753209,nl,open_library,series_position,MISSING,no
MB-226,9789078753209,nl,open_library,subjects,CORRECT,no
MB-226,9789078753209,nl,google_books,isbn_exact,CORRECT,no
MB-226,9789078753209,nl,google_books,title,CORRECT,no
MB-226,9789078753209,nl,google_books,subtitle,MISSING,no
MB-226,9789078753209,nl,google_books,authors,INCORRECT,no
MB-226,9789078753209,nl,google_books,language,CORRECT,no
MB-226,9789078753209,nl,google_books,publisher,MISSING,no
MB-226,9789078753209,nl,google_books,publication_date,INCORRECT,no
MB-226,9789078753209,nl,google_books,page_count,INCORRECT,no
MB-226,9789078753209,nl,google_books,cover,CORRECT,no
MB-226,9789078753209,nl,google_books,work_link,MISSING,no
MB-226,9789078753209,nl,google_books,series,MISSING,no
MB-226,9789078753209,nl,google_books,series_position,MISSING,no
MB-226,9789078753209,nl,google_books,subjects,MISSING,no
MB-226,9789078753209,nl,wikidata,isbn_exact,MISSING,no
MB-226,9789078753209,nl,wikidata,title,MISSING,no
MB-226,9789078753209,nl,wikidata,subtitle,MISSING,no
MB-226,9789078753209,nl,wikidata,authors,MISSING,no
MB-226,9789078753209,nl,wikidata,language,MISSING,no
MB-226,9789078753209,nl,wikidata,publisher,MISSING,no
MB-226,9789078753209,nl,wikidata,publication_date,MISSING,no
MB-226,9789078753209,nl,wikidata,page_count,MISSING,no
MB-226,9789078753209,nl,wikidata,cover,MISSING,no
MB-226,9789078753209,nl,wikidata,work_link,MISSING,no
MB-226,9789078753209,nl,wikidata,series,MISSING,no
MB-226,9789078753209,nl,wikidata,series_position,MISSING,no
MB-226,9789078753209,nl,wikidata,subjects,MISSING,no
MB-226,9789078753209,nl,bookbrainz,isbn_exact,MISSING,no
MB-226,9789078753209,nl,bookbrainz,title,MISSING,no
MB-226,9789078753209,nl,bookbrainz,subtitle,MISSING,no
MB-226,9789078753209,nl,bookbrainz,authors,MISSING,no
MB-226,9789078753209,nl,bookbrainz,language,MISSING,no
MB-226,9789078753209,nl,bookbrainz,publisher,MISSING,no
MB-226,9789078753209,nl,bookbrainz,publication_date,MISSING,no
MB-226,9789078753209,nl,bookbrainz,page_count,MISSING,no
MB-226,9789078753209,nl,bookbrainz,cover,MISSING,no
MB-226,9789078753209,nl,bookbrainz,work_link,MISSING,no
MB-226,9789078753209,nl,bookbrainz,series,MISSING,no
MB-226,9789078753209,nl,bookbrainz,series_position,MISSING,no
MB-226,9789078753209,nl,bookbrainz,subjects,MISSING,no
MB-227,9789078753278,nl,open_library,isbn_exact,CORRECT,no
MB-227,9789078753278,nl,open_library,title,CORRECT,no
MB-227,9789078753278,nl,open_library,subtitle,MISSING,no
MB-227,9789078753278,nl,open_library,authors,CORRECT,no
MB-227,9789078753278,nl,open_library,language,CORRECT,no
MB-227,9789078753278,nl,open_library,publisher,CORRECT,no
MB-227,9789078753278,nl,open_library,publication_date,CORRECT,no
MB-227,9789078753278,nl,open_library,page_count,CORRECT,no
MB-227,9789078753278,nl,open_library,cover,CORRECT,no
MB-227,9789078753278,nl,open_library,work_link,CORRECT,no
MB-227,9789078753278,nl,open_library,series,UNVERIFIABLE,no
MB-227,9789078753278,nl,open_library,series_position,MISSING,no
MB-227,9789078753278,nl,open_library,subjects,CORRECT,no
MB-227,9789078753278,nl,google_books,isbn_exact,MISSING,no
MB-227,9789078753278,nl,google_books,title,MISSING,no
MB-227,9789078753278,nl,google_books,subtitle,MISSING,no
MB-227,9789078753278,nl,google_books,authors,MISSING,no
MB-227,9789078753278,nl,google_books,language,MISSING,no
MB-227,9789078753278,nl,google_books,publisher,MISSING,no
MB-227,9789078753278,nl,google_books,publication_date,MISSING,no
MB-227,9789078753278,nl,google_books,page_count,MISSING,no
MB-227,9789078753278,nl,google_books,cover,MISSING,no
MB-227,9789078753278,nl,google_books,work_link,MISSING,no
MB-227,9789078753278,nl,google_books,series,MISSING,no
MB-227,9789078753278,nl,google_books,series_position,MISSING,no
MB-227,9789078753278,nl,google_books,subjects,MISSING,no
MB-227,9789078753278,nl,wikidata,isbn_exact,MISSING,no
MB-227,9789078753278,nl,wikidata,title,MISSING,no
MB-227,9789078753278,nl,wikidata,subtitle,MISSING,no
MB-227,9789078753278,nl,wikidata,authors,MISSING,no
MB-227,9789078753278,nl,wikidata,language,MISSING,no
MB-227,9789078753278,nl,wikidata,publisher,MISSING,no
MB-227,9789078753278,nl,wikidata,publication_date,MISSING,no
MB-227,9789078753278,nl,wikidata,page_count,MISSING,no
MB-227,9789078753278,nl,wikidata,cover,MISSING,no
MB-227,9789078753278,nl,wikidata,work_link,MISSING,no
MB-227,9789078753278,nl,wikidata,series,MISSING,no
MB-227,9789078753278,nl,wikidata,series_position,MISSING,no
MB-227,9789078753278,nl,wikidata,subjects,MISSING,no
MB-227,9789078753278,nl,bookbrainz,isbn_exact,MISSING,no
MB-227,9789078753278,nl,bookbrainz,title,MISSING,no
MB-227,9789078753278,nl,bookbrainz,subtitle,MISSING,no
MB-227,9789078753278,nl,bookbrainz,authors,MISSING,no
MB-227,9789078753278,nl,bookbrainz,language,MISSING,no
MB-227,9789078753278,nl,bookbrainz,publisher,MISSING,no
MB-227,9789078753278,nl,bookbrainz,publication_date,MISSING,no
MB-227,9789078753278,nl,bookbrainz,page_count,MISSING,no
MB-227,9789078753278,nl,bookbrainz,cover,MISSING,no
MB-227,9789078753278,nl,bookbrainz,work_link,MISSING,no
MB-227,9789078753278,nl,bookbrainz,series,MISSING,no
MB-227,9789078753278,nl,bookbrainz,series_position,MISSING,no
MB-227,9789078753278,nl,bookbrainz,subjects,MISSING,no
MB-228,9789000027286,nl,open_library,isbn_exact,CORRECT,no
MB-228,9789000027286,nl,open_library,title,CORRECT,no
MB-228,9789000027286,nl,open_library,subtitle,MISSING,no
MB-228,9789000027286,nl,open_library,authors,CORRECT,no
MB-228,9789000027286,nl,open_library,language,CORRECT,no
MB-228,9789000027286,nl,open_library,publisher,CORRECT,no
MB-228,9789000027286,nl,open_library,publication_date,CORRECT,no
MB-228,9789000027286,nl,open_library,page_count,CORRECT,no
MB-228,9789000027286,nl,open_library,cover,MISSING,no
MB-228,9789000027286,nl,open_library,work_link,CORRECT,no
MB-228,9789000027286,nl,open_library,series,MISSING,no
MB-228,9789000027286,nl,open_library,series_position,MISSING,no
MB-228,9789000027286,nl,open_library,subjects,MISSING,no
MB-228,9789000027286,nl,google_books,isbn_exact,CORRECT,no
MB-228,9789000027286,nl,google_books,title,CORRECT,no
MB-228,9789000027286,nl,google_books,subtitle,MISSING,no
MB-228,9789000027286,nl,google_books,authors,CORRECT,no
MB-228,9789000027286,nl,google_books,language,CORRECT,no
MB-228,9789000027286,nl,google_books,publisher,MISSING,no
MB-228,9789000027286,nl,google_books,publication_date,INCORRECT,no
MB-228,9789000027286,nl,google_books,page_count,CORRECT,no
MB-228,9789000027286,nl,google_books,cover,CORRECT,no
MB-228,9789000027286,nl,google_books,work_link,MISSING,no
MB-228,9789000027286,nl,google_books,series,MISSING,no
MB-228,9789000027286,nl,google_books,series_position,MISSING,no
MB-228,9789000027286,nl,google_books,subjects,MISSING,no
MB-228,9789000027286,nl,wikidata,isbn_exact,MISSING,no
MB-228,9789000027286,nl,wikidata,title,MISSING,no
MB-228,9789000027286,nl,wikidata,subtitle,MISSING,no
MB-228,9789000027286,nl,wikidata,authors,MISSING,no
MB-228,9789000027286,nl,wikidata,language,MISSING,no
MB-228,9789000027286,nl,wikidata,publisher,MISSING,no
MB-228,9789000027286,nl,wikidata,publication_date,MISSING,no
MB-228,9789000027286,nl,wikidata,page_count,MISSING,no
MB-228,9789000027286,nl,wikidata,cover,MISSING,no
MB-228,9789000027286,nl,wikidata,work_link,MISSING,no
MB-228,9789000027286,nl,wikidata,series,MISSING,no
MB-228,9789000027286,nl,wikidata,series_position,MISSING,no
MB-228,9789000027286,nl,wikidata,subjects,MISSING,no
MB-228,9789000027286,nl,bookbrainz,isbn_exact,MISSING,no
MB-228,9789000027286,nl,bookbrainz,title,MISSING,no
MB-228,9789000027286,nl,bookbrainz,subtitle,MISSING,no
MB-228,9789000027286,nl,bookbrainz,authors,MISSING,no
MB-228,9789000027286,nl,bookbrainz,language,MISSING,no
MB-228,9789000027286,nl,bookbrainz,publisher,MISSING,no
MB-228,9789000027286,nl,bookbrainz,publication_date,MISSING,no
MB-228,9789000027286,nl,bookbrainz,page_count,MISSING,no
MB-228,9789000027286,nl,bookbrainz,cover,MISSING,no
MB-228,9789000027286,nl,bookbrainz,work_link,MISSING,no
MB-228,9789000027286,nl,bookbrainz,series,MISSING,no
MB-228,9789000027286,nl,bookbrainz,series_position,MISSING,no
MB-228,9789000027286,nl,bookbrainz,subjects,MISSING,no
MB-229,9789021451862,nl,open_library,isbn_exact,CORRECT,no
MB-229,9789021451862,nl,open_library,title,CORRECT,no
MB-229,9789021451862,nl,open_library,subtitle,MISSING,no
MB-229,9789021451862,nl,open_library,authors,CORRECT,no
MB-229,9789021451862,nl,open_library,language,CORRECT,no
MB-229,9789021451862,nl,open_library,publisher,CORRECT,no
MB-229,9789021451862,nl,open_library,publication_date,CORRECT,no
MB-229,9789021451862,nl,open_library,page_count,CORRECT,no
MB-229,9789021451862,nl,open_library,cover,CORRECT,no
MB-229,9789021451862,nl,open_library,work_link,CORRECT,no
MB-229,9789021451862,nl,open_library,series,MISSING,no
MB-229,9789021451862,nl,open_library,series_position,MISSING,no
MB-229,9789021451862,nl,open_library,subjects,MISSING,no
MB-229,9789021451862,nl,google_books,isbn_exact,INCORRECT,no
MB-229,9789021451862,nl,google_books,title,CORRECT,no
MB-229,9789021451862,nl,google_books,subtitle,MISSING,no
MB-229,9789021451862,nl,google_books,authors,CORRECT,no
MB-229,9789021451862,nl,google_books,language,CORRECT,no
MB-229,9789021451862,nl,google_books,publisher,INCORRECT,no
MB-229,9789021451862,nl,google_books,publication_date,CORRECT,no
MB-229,9789021451862,nl,google_books,page_count,INCORRECT,no
MB-229,9789021451862,nl,google_books,cover,CORRECT,no
MB-229,9789021451862,nl,google_books,work_link,MISSING,no
MB-229,9789021451862,nl,google_books,series,MISSING,no
MB-229,9789021451862,nl,google_books,series_position,MISSING,no
MB-229,9789021451862,nl,google_books,subjects,MISSING,no
MB-229,9789021451862,nl,wikidata,isbn_exact,MISSING,no
MB-229,9789021451862,nl,wikidata,title,MISSING,no
MB-229,9789021451862,nl,wikidata,subtitle,MISSING,no
MB-229,9789021451862,nl,wikidata,authors,MISSING,no
MB-229,9789021451862,nl,wikidata,language,MISSING,no
MB-229,9789021451862,nl,wikidata,publisher,MISSING,no
MB-229,9789021451862,nl,wikidata,publication_date,MISSING,no
MB-229,9789021451862,nl,wikidata,page_count,MISSING,no
MB-229,9789021451862,nl,wikidata,cover,MISSING,no
MB-229,9789021451862,nl,wikidata,work_link,MISSING,no
MB-229,9789021451862,nl,wikidata,series,MISSING,no
MB-229,9789021451862,nl,wikidata,series_position,MISSING,no
MB-229,9789021451862,nl,wikidata,subjects,MISSING,no
MB-229,9789021451862,nl,bookbrainz,isbn_exact,MISSING,no
MB-229,9789021451862,nl,bookbrainz,title,MISSING,no
MB-229,9789021451862,nl,bookbrainz,subtitle,MISSING,no
MB-229,9789021451862,nl,bookbrainz,authors,MISSING,no
MB-229,9789021451862,nl,bookbrainz,language,MISSING,no
MB-229,9789021451862,nl,bookbrainz,publisher,MISSING,no
MB-229,9789021451862,nl,bookbrainz,publication_date,MISSING,no
MB-229,9789021451862,nl,bookbrainz,page_count,MISSING,no
MB-229,9789021451862,nl,bookbrainz,cover,MISSING,no
MB-229,9789021451862,nl,bookbrainz,work_link,MISSING,no
MB-229,9789021451862,nl,bookbrainz,series,MISSING,no
MB-229,9789021451862,nl,bookbrainz,series_position,MISSING,no
MB-229,9789021451862,nl,bookbrainz,subjects,MISSING,no
MB-230,9789021613321,nl,open_library,isbn_exact,MISSING,no
MB-230,9789021613321,nl,open_library,title,MISSING,no
MB-230,9789021613321,nl,open_library,subtitle,MISSING,no
MB-230,9789021613321,nl,open_library,authors,MISSING,no
MB-230,9789021613321,nl,open_library,language,MISSING,no
MB-230,9789021613321,nl,open_library,publisher,MISSING,no
MB-230,9789021613321,nl,open_library,publication_date,MISSING,no
MB-230,9789021613321,nl,open_library,page_count,MISSING,no
MB-230,9789021613321,nl,open_library,cover,MISSING,no
MB-230,9789021613321,nl,open_library,work_link,MISSING,no
MB-230,9789021613321,nl,open_library,series,MISSING,no
MB-230,9789021613321,nl,open_library,series_position,MISSING,no
MB-230,9789021613321,nl,open_library,subjects,MISSING,no
MB-230,9789021613321,nl,google_books,isbn_exact,CORRECT,no
MB-230,9789021613321,nl,google_books,title,CORRECT,no
MB-230,9789021613321,nl,google_books,subtitle,MISSING,no
MB-230,9789021613321,nl,google_books,authors,CORRECT,no
MB-230,9789021613321,nl,google_books,language,CORRECT,no
MB-230,9789021613321,nl,google_books,publisher,MISSING,no
MB-230,9789021613321,nl,google_books,publication_date,CORRECT,no
MB-230,9789021613321,nl,google_books,page_count,CORRECT,no
MB-230,9789021613321,nl,google_books,cover,MISSING,no
MB-230,9789021613321,nl,google_books,work_link,MISSING,no
MB-230,9789021613321,nl,google_books,series,MISSING,no
MB-230,9789021613321,nl,google_books,series_position,MISSING,no
MB-230,9789021613321,nl,google_books,subjects,MISSING,no
MB-230,9789021613321,nl,wikidata,isbn_exact,MISSING,no
MB-230,9789021613321,nl,wikidata,title,MISSING,no
MB-230,9789021613321,nl,wikidata,subtitle,MISSING,no
MB-230,9789021613321,nl,wikidata,authors,MISSING,no
MB-230,9789021613321,nl,wikidata,language,MISSING,no
MB-230,9789021613321,nl,wikidata,publisher,MISSING,no
MB-230,9789021613321,nl,wikidata,publication_date,MISSING,no
MB-230,9789021613321,nl,wikidata,page_count,MISSING,no
MB-230,9789021613321,nl,wikidata,cover,MISSING,no
MB-230,9789021613321,nl,wikidata,work_link,MISSING,no
MB-230,9789021613321,nl,wikidata,series,MISSING,no
MB-230,9789021613321,nl,wikidata,series_position,MISSING,no
MB-230,9789021613321,nl,wikidata,subjects,MISSING,no
MB-230,9789021613321,nl,bookbrainz,isbn_exact,MISSING,no
MB-230,9789021613321,nl,bookbrainz,title,MISSING,no
MB-230,9789021613321,nl,bookbrainz,subtitle,MISSING,no
MB-230,9789021613321,nl,bookbrainz,authors,MISSING,no
MB-230,9789021613321,nl,bookbrainz,language,MISSING,no
MB-230,9789021613321,nl,bookbrainz,publisher,MISSING,no
MB-230,9789021613321,nl,bookbrainz,publication_date,MISSING,no
MB-230,9789021613321,nl,bookbrainz,page_count,MISSING,no
MB-230,9789021613321,nl,bookbrainz,cover,MISSING,no
MB-230,9789021613321,nl,bookbrainz,work_link,MISSING,no
MB-230,9789021613321,nl,bookbrainz,series,MISSING,no
MB-230,9789021613321,nl,bookbrainz,series_position,MISSING,no
MB-230,9789021613321,nl,bookbrainz,subjects,MISSING,no
MB-231,9789022819760,nl,open_library,isbn_exact,CORRECT,no
MB-231,9789022819760,nl,open_library,title,CORRECT,no
MB-231,9789022819760,nl,open_library,subtitle,UNVERIFIABLE,no
MB-231,9789022819760,nl,open_library,authors,CORRECT,no
MB-231,9789022819760,nl,open_library,language,CORRECT,no
MB-231,9789022819760,nl,open_library,publisher,CORRECT,no
MB-231,9789022819760,nl,open_library,publication_date,CORRECT,no
MB-231,9789022819760,nl,open_library,page_count,CORRECT,no
MB-231,9789022819760,nl,open_library,cover,MISSING,no
MB-231,9789022819760,nl,open_library,work_link,CORRECT,no
MB-231,9789022819760,nl,open_library,series,UNVERIFIABLE,no
MB-231,9789022819760,nl,open_library,series_position,MISSING,no
MB-231,9789022819760,nl,open_library,subjects,CORRECT,no
MB-231,9789022819760,nl,google_books,isbn_exact,CORRECT,no
MB-231,9789022819760,nl,google_books,title,CORRECT,no
MB-231,9789022819760,nl,google_books,subtitle,UNVERIFIABLE,no
MB-231,9789022819760,nl,google_books,authors,CORRECT,no
MB-231,9789022819760,nl,google_books,language,CORRECT,no
MB-231,9789022819760,nl,google_books,publisher,MISSING,no
MB-231,9789022819760,nl,google_books,publication_date,CORRECT,no
MB-231,9789022819760,nl,google_books,page_count,CORRECT,no
MB-231,9789022819760,nl,google_books,cover,MISSING,no
MB-231,9789022819760,nl,google_books,work_link,MISSING,no
MB-231,9789022819760,nl,google_books,series,MISSING,no
MB-231,9789022819760,nl,google_books,series_position,MISSING,no
MB-231,9789022819760,nl,google_books,subjects,CORRECT,no
MB-231,9789022819760,nl,wikidata,isbn_exact,MISSING,no
MB-231,9789022819760,nl,wikidata,title,MISSING,no
MB-231,9789022819760,nl,wikidata,subtitle,MISSING,no
MB-231,9789022819760,nl,wikidata,authors,MISSING,no
MB-231,9789022819760,nl,wikidata,language,MISSING,no
MB-231,9789022819760,nl,wikidata,publisher,MISSING,no
MB-231,9789022819760,nl,wikidata,publication_date,MISSING,no
MB-231,9789022819760,nl,wikidata,page_count,MISSING,no
MB-231,9789022819760,nl,wikidata,cover,MISSING,no
MB-231,9789022819760,nl,wikidata,work_link,MISSING,no
MB-231,9789022819760,nl,wikidata,series,MISSING,no
MB-231,9789022819760,nl,wikidata,series_position,MISSING,no
MB-231,9789022819760,nl,wikidata,subjects,MISSING,no
MB-231,9789022819760,nl,bookbrainz,isbn_exact,MISSING,no
MB-231,9789022819760,nl,bookbrainz,title,MISSING,no
MB-231,9789022819760,nl,bookbrainz,subtitle,MISSING,no
MB-231,9789022819760,nl,bookbrainz,authors,MISSING,no
MB-231,9789022819760,nl,bookbrainz,language,MISSING,no
MB-231,9789022819760,nl,bookbrainz,publisher,MISSING,no
MB-231,9789022819760,nl,bookbrainz,publication_date,MISSING,no
MB-231,9789022819760,nl,bookbrainz,page_count,MISSING,no
MB-231,9789022819760,nl,bookbrainz,cover,MISSING,no
MB-231,9789022819760,nl,bookbrainz,work_link,MISSING,no
MB-231,9789022819760,nl,bookbrainz,series,MISSING,no
MB-231,9789022819760,nl,bookbrainz,series_position,MISSING,no
MB-231,9789022819760,nl,bookbrainz,subjects,MISSING,no
MB-232,9789022985830,nl,open_library,isbn_exact,CORRECT,no
MB-232,9789022985830,nl,open_library,title,CORRECT,no
MB-232,9789022985830,nl,open_library,subtitle,MISSING,no
MB-232,9789022985830,nl,open_library,authors,MISSING,no
MB-232,9789022985830,nl,open_library,language,CORRECT,no
MB-232,9789022985830,nl,open_library,publisher,CORRECT,no
MB-232,9789022985830,nl,open_library,publication_date,CORRECT,no
MB-232,9789022985830,nl,open_library,page_count,MISSING,no
MB-232,9789022985830,nl,open_library,cover,CORRECT,no
MB-232,9789022985830,nl,open_library,work_link,CORRECT,no
MB-232,9789022985830,nl,open_library,series,MISSING,no
MB-232,9789022985830,nl,open_library,series_position,MISSING,no
MB-232,9789022985830,nl,open_library,subjects,MISSING,no
MB-232,9789022985830,nl,google_books,isbn_exact,CORRECT,no
MB-232,9789022985830,nl,google_books,title,INCORRECT,no
MB-232,9789022985830,nl,google_books,subtitle,MISSING,no
MB-232,9789022985830,nl,google_books,authors,UNVERIFIABLE,no
MB-232,9789022985830,nl,google_books,language,CORRECT,no
MB-232,9789022985830,nl,google_books,publisher,MISSING,no
MB-232,9789022985830,nl,google_books,publication_date,CORRECT,no
MB-232,9789022985830,nl,google_books,page_count,UNVERIFIABLE,no
MB-232,9789022985830,nl,google_books,cover,MISSING,no
MB-232,9789022985830,nl,google_books,work_link,MISSING,no
MB-232,9789022985830,nl,google_books,series,MISSING,no
MB-232,9789022985830,nl,google_books,series_position,MISSING,no
MB-232,9789022985830,nl,google_books,subjects,CORRECT,no
MB-232,9789022985830,nl,wikidata,isbn_exact,MISSING,no
MB-232,9789022985830,nl,wikidata,title,MISSING,no
MB-232,9789022985830,nl,wikidata,subtitle,MISSING,no
MB-232,9789022985830,nl,wikidata,authors,MISSING,no
MB-232,9789022985830,nl,wikidata,language,MISSING,no
MB-232,9789022985830,nl,wikidata,publisher,MISSING,no
MB-232,9789022985830,nl,wikidata,publication_date,MISSING,no
MB-232,9789022985830,nl,wikidata,page_count,MISSING,no
MB-232,9789022985830,nl,wikidata,cover,MISSING,no
MB-232,9789022985830,nl,wikidata,work_link,MISSING,no
MB-232,9789022985830,nl,wikidata,series,MISSING,no
MB-232,9789022985830,nl,wikidata,series_position,MISSING,no
MB-232,9789022985830,nl,wikidata,subjects,MISSING,no
MB-232,9789022985830,nl,bookbrainz,isbn_exact,MISSING,no
MB-232,9789022985830,nl,bookbrainz,title,MISSING,no
MB-232,9789022985830,nl,bookbrainz,subtitle,MISSING,no
MB-232,9789022985830,nl,bookbrainz,authors,MISSING,no
MB-232,9789022985830,nl,bookbrainz,language,MISSING,no
MB-232,9789022985830,nl,bookbrainz,publisher,MISSING,no
MB-232,9789022985830,nl,bookbrainz,publication_date,MISSING,no
MB-232,9789022985830,nl,bookbrainz,page_count,MISSING,no
MB-232,9789022985830,nl,bookbrainz,cover,MISSING,no
MB-232,9789022985830,nl,bookbrainz,work_link,MISSING,no
MB-232,9789022985830,nl,bookbrainz,series,MISSING,no
MB-232,9789022985830,nl,bookbrainz,series_position,MISSING,no
MB-232,9789022985830,nl,bookbrainz,subjects,MISSING,no
MB-233,9789024558964,nl,open_library,isbn_exact,MISSING,no
MB-233,9789024558964,nl,open_library,title,MISSING,no
MB-233,9789024558964,nl,open_library,subtitle,MISSING,no
MB-233,9789024558964,nl,open_library,authors,MISSING,no
MB-233,9789024558964,nl,open_library,language,MISSING,no
MB-233,9789024558964,nl,open_library,publisher,MISSING,no
MB-233,9789024558964,nl,open_library,publication_date,MISSING,no
MB-233,9789024558964,nl,open_library,page_count,MISSING,no
MB-233,9789024558964,nl,open_library,cover,MISSING,no
MB-233,9789024558964,nl,open_library,work_link,MISSING,no
MB-233,9789024558964,nl,open_library,series,MISSING,no
MB-233,9789024558964,nl,open_library,series_position,MISSING,no
MB-233,9789024558964,nl,open_library,subjects,MISSING,no
MB-233,9789024558964,nl,google_books,isbn_exact,CORRECT,no
MB-233,9789024558964,nl,google_books,title,CORRECT,no
MB-233,9789024558964,nl,google_books,subtitle,MISSING,no
MB-233,9789024558964,nl,google_books,authors,CORRECT,no
MB-233,9789024558964,nl,google_books,language,CORRECT,no
MB-233,9789024558964,nl,google_books,publisher,MISSING,no
MB-233,9789024558964,nl,google_books,publication_date,CORRECT,no
MB-233,9789024558964,nl,google_books,page_count,CORRECT,no
MB-233,9789024558964,nl,google_books,cover,MISSING,no
MB-233,9789024558964,nl,google_books,work_link,MISSING,no
MB-233,9789024558964,nl,google_books,series,MISSING,no
MB-233,9789024558964,nl,google_books,series_position,MISSING,no
MB-233,9789024558964,nl,google_books,subjects,MISSING,no
MB-233,9789024558964,nl,wikidata,isbn_exact,MISSING,no
MB-233,9789024558964,nl,wikidata,title,MISSING,no
MB-233,9789024558964,nl,wikidata,subtitle,MISSING,no
MB-233,9789024558964,nl,wikidata,authors,MISSING,no
MB-233,9789024558964,nl,wikidata,language,MISSING,no
MB-233,9789024558964,nl,wikidata,publisher,MISSING,no
MB-233,9789024558964,nl,wikidata,publication_date,MISSING,no
MB-233,9789024558964,nl,wikidata,page_count,MISSING,no
MB-233,9789024558964,nl,wikidata,cover,MISSING,no
MB-233,9789024558964,nl,wikidata,work_link,MISSING,no
MB-233,9789024558964,nl,wikidata,series,MISSING,no
MB-233,9789024558964,nl,wikidata,series_position,MISSING,no
MB-233,9789024558964,nl,wikidata,subjects,MISSING,no
MB-233,9789024558964,nl,bookbrainz,isbn_exact,MISSING,no
MB-233,9789024558964,nl,bookbrainz,title,MISSING,no
MB-233,9789024558964,nl,bookbrainz,subtitle,MISSING,no
MB-233,9789024558964,nl,bookbrainz,authors,MISSING,no
MB-233,9789024558964,nl,bookbrainz,language,MISSING,no
MB-233,9789024558964,nl,bookbrainz,publisher,MISSING,no
MB-233,9789024558964,nl,bookbrainz,publication_date,MISSING,no
MB-233,9789024558964,nl,bookbrainz,page_count,MISSING,no
MB-233,9789024558964,nl,bookbrainz,cover,MISSING,no
MB-233,9789024558964,nl,bookbrainz,work_link,MISSING,no
MB-233,9789024558964,nl,bookbrainz,series,MISSING,no
MB-233,9789024558964,nl,bookbrainz,series_position,MISSING,no
MB-233,9789024558964,nl,bookbrainz,subjects,MISSING,no
MB-234,9789025108410,nl,open_library,isbn_exact,MISSING,no
MB-234,9789025108410,nl,open_library,title,MISSING,no
MB-234,9789025108410,nl,open_library,subtitle,MISSING,no
MB-234,9789025108410,nl,open_library,authors,MISSING,no
MB-234,9789025108410,nl,open_library,language,MISSING,no
MB-234,9789025108410,nl,open_library,publisher,MISSING,no
MB-234,9789025108410,nl,open_library,publication_date,MISSING,no
MB-234,9789025108410,nl,open_library,page_count,MISSING,no
MB-234,9789025108410,nl,open_library,cover,MISSING,no
MB-234,9789025108410,nl,open_library,work_link,MISSING,no
MB-234,9789025108410,nl,open_library,series,MISSING,no
MB-234,9789025108410,nl,open_library,series_position,MISSING,no
MB-234,9789025108410,nl,open_library,subjects,MISSING,no
MB-234,9789025108410,nl,google_books,isbn_exact,CORRECT,no
MB-234,9789025108410,nl,google_books,title,CORRECT,no
MB-234,9789025108410,nl,google_books,subtitle,MISSING,no
MB-234,9789025108410,nl,google_books,authors,CORRECT,no
MB-234,9789025108410,nl,google_books,language,CORRECT,no
MB-234,9789025108410,nl,google_books,publisher,MISSING,no
MB-234,9789025108410,nl,google_books,publication_date,CORRECT,no
MB-234,9789025108410,nl,google_books,page_count,CORRECT,no
MB-234,9789025108410,nl,google_books,cover,MISSING,no
MB-234,9789025108410,nl,google_books,work_link,MISSING,no
MB-234,9789025108410,nl,google_books,series,MISSING,no
MB-234,9789025108410,nl,google_books,series_position,MISSING,no
MB-234,9789025108410,nl,google_books,subjects,MISSING,no
MB-234,9789025108410,nl,wikidata,isbn_exact,MISSING,no
MB-234,9789025108410,nl,wikidata,title,MISSING,no
MB-234,9789025108410,nl,wikidata,subtitle,MISSING,no
MB-234,9789025108410,nl,wikidata,authors,MISSING,no
MB-234,9789025108410,nl,wikidata,language,MISSING,no
MB-234,9789025108410,nl,wikidata,publisher,MISSING,no
MB-234,9789025108410,nl,wikidata,publication_date,MISSING,no
MB-234,9789025108410,nl,wikidata,page_count,MISSING,no
MB-234,9789025108410,nl,wikidata,cover,MISSING,no
MB-234,9789025108410,nl,wikidata,work_link,MISSING,no
MB-234,9789025108410,nl,wikidata,series,MISSING,no
MB-234,9789025108410,nl,wikidata,series_position,MISSING,no
MB-234,9789025108410,nl,wikidata,subjects,MISSING,no
MB-234,9789025108410,nl,bookbrainz,isbn_exact,MISSING,no
MB-234,9789025108410,nl,bookbrainz,title,MISSING,no
MB-234,9789025108410,nl,bookbrainz,subtitle,MISSING,no
MB-234,9789025108410,nl,bookbrainz,authors,MISSING,no
MB-234,9789025108410,nl,bookbrainz,language,MISSING,no
MB-234,9789025108410,nl,bookbrainz,publisher,MISSING,no
MB-234,9789025108410,nl,bookbrainz,publication_date,MISSING,no
MB-234,9789025108410,nl,bookbrainz,page_count,MISSING,no
MB-234,9789025108410,nl,bookbrainz,cover,MISSING,no
MB-234,9789025108410,nl,bookbrainz,work_link,MISSING,no
MB-234,9789025108410,nl,bookbrainz,series,MISSING,no
MB-234,9789025108410,nl,bookbrainz,series_position,MISSING,no
MB-234,9789025108410,nl,bookbrainz,subjects,MISSING,no
MB-235,9789025334086,nl,open_library,isbn_exact,CORRECT,no
MB-235,9789025334086,nl,open_library,title,CORRECT,no
MB-235,9789025334086,nl,open_library,subtitle,UNVERIFIABLE,no
MB-235,9789025334086,nl,open_library,authors,CORRECT,no
MB-235,9789025334086,nl,open_library,language,CORRECT,no
MB-235,9789025334086,nl,open_library,publisher,CORRECT,no
MB-235,9789025334086,nl,open_library,publication_date,CORRECT,no
MB-235,9789025334086,nl,open_library,page_count,CORRECT,no
MB-235,9789025334086,nl,open_library,cover,CORRECT,no
MB-235,9789025334086,nl,open_library,work_link,CORRECT,no
MB-235,9789025334086,nl,open_library,series,MISSING,no
MB-235,9789025334086,nl,open_library,series_position,MISSING,no
MB-235,9789025334086,nl,open_library,subjects,CORRECT,no
MB-235,9789025334086,nl,google_books,isbn_exact,CORRECT,no
MB-235,9789025334086,nl,google_books,title,CORRECT,no
MB-235,9789025334086,nl,google_books,subtitle,UNVERIFIABLE,no
MB-235,9789025334086,nl,google_books,authors,CORRECT,no
MB-235,9789025334086,nl,google_books,language,CORRECT,no
MB-235,9789025334086,nl,google_books,publisher,MISSING,no
MB-235,9789025334086,nl,google_books,publication_date,CORRECT,no
MB-235,9789025334086,nl,google_books,page_count,CORRECT,no
MB-235,9789025334086,nl,google_books,cover,MISSING,no
MB-235,9789025334086,nl,google_books,work_link,MISSING,no
MB-235,9789025334086,nl,google_books,series,MISSING,no
MB-235,9789025334086,nl,google_books,series_position,MISSING,no
MB-235,9789025334086,nl,google_books,subjects,CORRECT,no
MB-235,9789025334086,nl,wikidata,isbn_exact,MISSING,no
MB-235,9789025334086,nl,wikidata,title,MISSING,no
MB-235,9789025334086,nl,wikidata,subtitle,MISSING,no
MB-235,9789025334086,nl,wikidata,authors,MISSING,no
MB-235,9789025334086,nl,wikidata,language,MISSING,no
MB-235,9789025334086,nl,wikidata,publisher,MISSING,no
MB-235,9789025334086,nl,wikidata,publication_date,MISSING,no
MB-235,9789025334086,nl,wikidata,page_count,MISSING,no
MB-235,9789025334086,nl,wikidata,cover,MISSING,no
MB-235,9789025334086,nl,wikidata,work_link,MISSING,no
MB-235,9789025334086,nl,wikidata,series,MISSING,no
MB-235,9789025334086,nl,wikidata,series_position,MISSING,no
MB-235,9789025334086,nl,wikidata,subjects,MISSING,no
MB-235,9789025334086,nl,bookbrainz,isbn_exact,MISSING,no
MB-235,9789025334086,nl,bookbrainz,title,MISSING,no
MB-235,9789025334086,nl,bookbrainz,subtitle,MISSING,no
MB-235,9789025334086,nl,bookbrainz,authors,MISSING,no
MB-235,9789025334086,nl,bookbrainz,language,MISSING,no
MB-235,9789025334086,nl,bookbrainz,publisher,MISSING,no
MB-235,9789025334086,nl,bookbrainz,publication_date,MISSING,no
MB-235,9789025334086,nl,bookbrainz,page_count,MISSING,no
MB-235,9789025334086,nl,bookbrainz,cover,MISSING,no
MB-235,9789025334086,nl,bookbrainz,work_link,MISSING,no
MB-235,9789025334086,nl,bookbrainz,series,MISSING,no
MB-235,9789025334086,nl,bookbrainz,series_position,MISSING,no
MB-235,9789025334086,nl,bookbrainz,subjects,MISSING,no
MB-236,9789026147982,nl,open_library,isbn_exact,MISSING,no
MB-236,9789026147982,nl,open_library,title,MISSING,no
MB-236,9789026147982,nl,open_library,subtitle,MISSING,no
MB-236,9789026147982,nl,open_library,authors,MISSING,no
MB-236,9789026147982,nl,open_library,language,MISSING,no
MB-236,9789026147982,nl,open_library,publisher,MISSING,no
MB-236,9789026147982,nl,open_library,publication_date,MISSING,no
MB-236,9789026147982,nl,open_library,page_count,MISSING,no
MB-236,9789026147982,nl,open_library,cover,MISSING,no
MB-236,9789026147982,nl,open_library,work_link,MISSING,no
MB-236,9789026147982,nl,open_library,series,MISSING,no
MB-236,9789026147982,nl,open_library,series_position,MISSING,no
MB-236,9789026147982,nl,open_library,subjects,MISSING,no
MB-236,9789026147982,nl,google_books,isbn_exact,CORRECT,no
MB-236,9789026147982,nl,google_books,title,CORRECT,no
MB-236,9789026147982,nl,google_books,subtitle,MISSING,no
MB-236,9789026147982,nl,google_books,authors,CORRECT,no
MB-236,9789026147982,nl,google_books,language,CORRECT,no
MB-236,9789026147982,nl,google_books,publisher,MISSING,no
MB-236,9789026147982,nl,google_books,publication_date,CORRECT,no
MB-236,9789026147982,nl,google_books,page_count,MISSING,no
MB-236,9789026147982,nl,google_books,cover,MISSING,no
MB-236,9789026147982,nl,google_books,work_link,MISSING,no
MB-236,9789026147982,nl,google_books,series,MISSING,no
MB-236,9789026147982,nl,google_books,series_position,MISSING,no
MB-236,9789026147982,nl,google_books,subjects,MISSING,no
MB-236,9789026147982,nl,wikidata,isbn_exact,MISSING,no
MB-236,9789026147982,nl,wikidata,title,MISSING,no
MB-236,9789026147982,nl,wikidata,subtitle,MISSING,no
MB-236,9789026147982,nl,wikidata,authors,MISSING,no
MB-236,9789026147982,nl,wikidata,language,MISSING,no
MB-236,9789026147982,nl,wikidata,publisher,MISSING,no
MB-236,9789026147982,nl,wikidata,publication_date,MISSING,no
MB-236,9789026147982,nl,wikidata,page_count,MISSING,no
MB-236,9789026147982,nl,wikidata,cover,MISSING,no
MB-236,9789026147982,nl,wikidata,work_link,MISSING,no
MB-236,9789026147982,nl,wikidata,series,MISSING,no
MB-236,9789026147982,nl,wikidata,series_position,MISSING,no
MB-236,9789026147982,nl,wikidata,subjects,MISSING,no
MB-236,9789026147982,nl,bookbrainz,isbn_exact,MISSING,no
MB-236,9789026147982,nl,bookbrainz,title,MISSING,no
MB-236,9789026147982,nl,bookbrainz,subtitle,MISSING,no
MB-236,9789026147982,nl,bookbrainz,authors,MISSING,no
MB-236,9789026147982,nl,bookbrainz,language,MISSING,no
MB-236,9789026147982,nl,bookbrainz,publisher,MISSING,no
MB-236,9789026147982,nl,bookbrainz,publication_date,MISSING,no
MB-236,9789026147982,nl,bookbrainz,page_count,MISSING,no
MB-236,9789026147982,nl,bookbrainz,cover,MISSING,no
MB-236,9789026147982,nl,bookbrainz,work_link,MISSING,no
MB-236,9789026147982,nl,bookbrainz,series,MISSING,no
MB-236,9789026147982,nl,bookbrainz,series_position,MISSING,no
MB-236,9789026147982,nl,bookbrainz,subjects,MISSING,no
MB-237,9789026717161,nl,open_library,isbn_exact,MISSING,no
MB-237,9789026717161,nl,open_library,title,MISSING,no
MB-237,9789026717161,nl,open_library,subtitle,MISSING,no
MB-237,9789026717161,nl,open_library,authors,MISSING,no
MB-237,9789026717161,nl,open_library,language,MISSING,no
MB-237,9789026717161,nl,open_library,publisher,MISSING,no
MB-237,9789026717161,nl,open_library,publication_date,MISSING,no
MB-237,9789026717161,nl,open_library,page_count,MISSING,no
MB-237,9789026717161,nl,open_library,cover,MISSING,no
MB-237,9789026717161,nl,open_library,work_link,MISSING,no
MB-237,9789026717161,nl,open_library,series,MISSING,no
MB-237,9789026717161,nl,open_library,series_position,MISSING,no
MB-237,9789026717161,nl,open_library,subjects,MISSING,no
MB-237,9789026717161,nl,google_books,isbn_exact,CORRECT,no
MB-237,9789026717161,nl,google_books,title,CORRECT,no
MB-237,9789026717161,nl,google_books,subtitle,MISSING,no
MB-237,9789026717161,nl,google_books,authors,CORRECT,no
MB-237,9789026717161,nl,google_books,language,CORRECT,no
MB-237,9789026717161,nl,google_books,publisher,MISSING,no
MB-237,9789026717161,nl,google_books,publication_date,CORRECT,no
MB-237,9789026717161,nl,google_books,page_count,CORRECT,no
MB-237,9789026717161,nl,google_books,cover,MISSING,no
MB-237,9789026717161,nl,google_books,work_link,MISSING,no
MB-237,9789026717161,nl,google_books,series,MISSING,no
MB-237,9789026717161,nl,google_books,series_position,MISSING,no
MB-237,9789026717161,nl,google_books,subjects,MISSING,no
MB-237,9789026717161,nl,wikidata,isbn_exact,MISSING,no
MB-237,9789026717161,nl,wikidata,title,MISSING,no
MB-237,9789026717161,nl,wikidata,subtitle,MISSING,no
MB-237,9789026717161,nl,wikidata,authors,MISSING,no
MB-237,9789026717161,nl,wikidata,language,MISSING,no
MB-237,9789026717161,nl,wikidata,publisher,MISSING,no
MB-237,9789026717161,nl,wikidata,publication_date,MISSING,no
MB-237,9789026717161,nl,wikidata,page_count,MISSING,no
MB-237,9789026717161,nl,wikidata,cover,MISSING,no
MB-237,9789026717161,nl,wikidata,work_link,MISSING,no
MB-237,9789026717161,nl,wikidata,series,MISSING,no
MB-237,9789026717161,nl,wikidata,series_position,MISSING,no
MB-237,9789026717161,nl,wikidata,subjects,MISSING,no
MB-237,9789026717161,nl,bookbrainz,isbn_exact,MISSING,no
MB-237,9789026717161,nl,bookbrainz,title,MISSING,no
MB-237,9789026717161,nl,bookbrainz,subtitle,MISSING,no
MB-237,9789026717161,nl,bookbrainz,authors,MISSING,no
MB-237,9789026717161,nl,bookbrainz,language,MISSING,no
MB-237,9789026717161,nl,bookbrainz,publisher,MISSING,no
MB-237,9789026717161,nl,bookbrainz,publication_date,MISSING,no
MB-237,9789026717161,nl,bookbrainz,page_count,MISSING,no
MB-237,9789026717161,nl,bookbrainz,cover,MISSING,no
MB-237,9789026717161,nl,bookbrainz,work_link,MISSING,no
MB-237,9789026717161,nl,bookbrainz,series,MISSING,no
MB-237,9789026717161,nl,bookbrainz,series_position,MISSING,no
MB-237,9789026717161,nl,bookbrainz,subjects,MISSING,no
MB-238,9789027416056,nl,open_library,isbn_exact,MISSING,no
MB-238,9789027416056,nl,open_library,title,MISSING,no
MB-238,9789027416056,nl,open_library,subtitle,MISSING,no
MB-238,9789027416056,nl,open_library,authors,MISSING,no
MB-238,9789027416056,nl,open_library,language,MISSING,no
MB-238,9789027416056,nl,open_library,publisher,MISSING,no
MB-238,9789027416056,nl,open_library,publication_date,MISSING,no
MB-238,9789027416056,nl,open_library,page_count,MISSING,no
MB-238,9789027416056,nl,open_library,cover,MISSING,no
MB-238,9789027416056,nl,open_library,work_link,MISSING,no
MB-238,9789027416056,nl,open_library,series,MISSING,no
MB-238,9789027416056,nl,open_library,series_position,MISSING,no
MB-238,9789027416056,nl,open_library,subjects,MISSING,no
MB-238,9789027416056,nl,google_books,isbn_exact,CORRECT,no
MB-238,9789027416056,nl,google_books,title,CORRECT,no
MB-238,9789027416056,nl,google_books,subtitle,UNVERIFIABLE,no
MB-238,9789027416056,nl,google_books,authors,CORRECT,no
MB-238,9789027416056,nl,google_books,language,CORRECT,no
MB-238,9789027416056,nl,google_books,publisher,MISSING,no
MB-238,9789027416056,nl,google_books,publication_date,CORRECT,no
MB-238,9789027416056,nl,google_books,page_count,CORRECT,no
MB-238,9789027416056,nl,google_books,cover,MISSING,no
MB-238,9789027416056,nl,google_books,work_link,MISSING,no
MB-238,9789027416056,nl,google_books,series,MISSING,no
MB-238,9789027416056,nl,google_books,series_position,MISSING,no
MB-238,9789027416056,nl,google_books,subjects,MISSING,no
MB-238,9789027416056,nl,wikidata,isbn_exact,MISSING,no
MB-238,9789027416056,nl,wikidata,title,MISSING,no
MB-238,9789027416056,nl,wikidata,subtitle,MISSING,no
MB-238,9789027416056,nl,wikidata,authors,MISSING,no
MB-238,9789027416056,nl,wikidata,language,MISSING,no
MB-238,9789027416056,nl,wikidata,publisher,MISSING,no
MB-238,9789027416056,nl,wikidata,publication_date,MISSING,no
MB-238,9789027416056,nl,wikidata,page_count,MISSING,no
MB-238,9789027416056,nl,wikidata,cover,MISSING,no
MB-238,9789027416056,nl,wikidata,work_link,MISSING,no
MB-238,9789027416056,nl,wikidata,series,MISSING,no
MB-238,9789027416056,nl,wikidata,series_position,MISSING,no
MB-238,9789027416056,nl,wikidata,subjects,MISSING,no
MB-238,9789027416056,nl,bookbrainz,isbn_exact,MISSING,no
MB-238,9789027416056,nl,bookbrainz,title,MISSING,no
MB-238,9789027416056,nl,bookbrainz,subtitle,MISSING,no
MB-238,9789027416056,nl,bookbrainz,authors,MISSING,no
MB-238,9789027416056,nl,bookbrainz,language,MISSING,no
MB-238,9789027416056,nl,bookbrainz,publisher,MISSING,no
MB-238,9789027416056,nl,bookbrainz,publication_date,MISSING,no
MB-238,9789027416056,nl,bookbrainz,page_count,MISSING,no
MB-238,9789027416056,nl,bookbrainz,cover,MISSING,no
MB-238,9789027416056,nl,bookbrainz,work_link,MISSING,no
MB-238,9789027416056,nl,bookbrainz,series,MISSING,no
MB-238,9789027416056,nl,bookbrainz,series_position,MISSING,no
MB-238,9789027416056,nl,bookbrainz,subjects,MISSING,no
MB-239,9789029043724,nl,open_library,isbn_exact,MISSING,no
MB-239,9789029043724,nl,open_library,title,MISSING,no
MB-239,9789029043724,nl,open_library,subtitle,MISSING,no
MB-239,9789029043724,nl,open_library,authors,MISSING,no
MB-239,9789029043724,nl,open_library,language,MISSING,no
MB-239,9789029043724,nl,open_library,publisher,MISSING,no
MB-239,9789029043724,nl,open_library,publication_date,MISSING,no
MB-239,9789029043724,nl,open_library,page_count,MISSING,no
MB-239,9789029043724,nl,open_library,cover,MISSING,no
MB-239,9789029043724,nl,open_library,work_link,MISSING,no
MB-239,9789029043724,nl,open_library,series,MISSING,no
MB-239,9789029043724,nl,open_library,series_position,MISSING,no
MB-239,9789029043724,nl,open_library,subjects,MISSING,no
MB-239,9789029043724,nl,google_books,isbn_exact,CORRECT,no
MB-239,9789029043724,nl,google_books,title,CORRECT,no
MB-239,9789029043724,nl,google_books,subtitle,UNVERIFIABLE,no
MB-239,9789029043724,nl,google_books,authors,MISSING,no
MB-239,9789029043724,nl,google_books,language,CORRECT,no
MB-239,9789029043724,nl,google_books,publisher,MISSING,no
MB-239,9789029043724,nl,google_books,publication_date,CORRECT,no
MB-239,9789029043724,nl,google_books,page_count,CORRECT,no
MB-239,9789029043724,nl,google_books,cover,MISSING,no
MB-239,9789029043724,nl,google_books,work_link,MISSING,no
MB-239,9789029043724,nl,google_books,series,MISSING,no
MB-239,9789029043724,nl,google_books,series_position,MISSING,no
MB-239,9789029043724,nl,google_books,subjects,MISSING,no
MB-239,9789029043724,nl,wikidata,isbn_exact,MISSING,no
MB-239,9789029043724,nl,wikidata,title,MISSING,no
MB-239,9789029043724,nl,wikidata,subtitle,MISSING,no
MB-239,9789029043724,nl,wikidata,authors,MISSING,no
MB-239,9789029043724,nl,wikidata,language,MISSING,no
MB-239,9789029043724,nl,wikidata,publisher,MISSING,no
MB-239,9789029043724,nl,wikidata,publication_date,MISSING,no
MB-239,9789029043724,nl,wikidata,page_count,MISSING,no
MB-239,9789029043724,nl,wikidata,cover,MISSING,no
MB-239,9789029043724,nl,wikidata,work_link,MISSING,no
MB-239,9789029043724,nl,wikidata,series,MISSING,no
MB-239,9789029043724,nl,wikidata,series_position,MISSING,no
MB-239,9789029043724,nl,wikidata,subjects,MISSING,no
MB-239,9789029043724,nl,bookbrainz,isbn_exact,MISSING,no
MB-239,9789029043724,nl,bookbrainz,title,MISSING,no
MB-239,9789029043724,nl,bookbrainz,subtitle,MISSING,no
MB-239,9789029043724,nl,bookbrainz,authors,MISSING,no
MB-239,9789029043724,nl,bookbrainz,language,MISSING,no
MB-239,9789029043724,nl,bookbrainz,publisher,MISSING,no
MB-239,9789029043724,nl,bookbrainz,publication_date,MISSING,no
MB-239,9789029043724,nl,bookbrainz,page_count,MISSING,no
MB-239,9789029043724,nl,bookbrainz,cover,MISSING,no
MB-239,9789029043724,nl,bookbrainz,work_link,MISSING,no
MB-239,9789029043724,nl,bookbrainz,series,MISSING,no
MB-239,9789029043724,nl,bookbrainz,series_position,MISSING,no
MB-239,9789029043724,nl,bookbrainz,subjects,MISSING,no
MB-240,9789029518291,nl,open_library,isbn_exact,CORRECT,no
MB-240,9789029518291,nl,open_library,title,CORRECT,no
MB-240,9789029518291,nl,open_library,subtitle,MISSING,no
MB-240,9789029518291,nl,open_library,authors,MISSING,no
MB-240,9789029518291,nl,open_library,language,CORRECT,no
MB-240,9789029518291,nl,open_library,publisher,CORRECT,no
MB-240,9789029518291,nl,open_library,publication_date,CORRECT,no
MB-240,9789029518291,nl,open_library,page_count,CORRECT,no
MB-240,9789029518291,nl,open_library,cover,CORRECT,no
MB-240,9789029518291,nl,open_library,work_link,CORRECT,no
MB-240,9789029518291,nl,open_library,series,MISSING,no
MB-240,9789029518291,nl,open_library,series_position,MISSING,no
MB-240,9789029518291,nl,open_library,subjects,MISSING,no
MB-240,9789029518291,nl,google_books,isbn_exact,CORRECT,no
MB-240,9789029518291,nl,google_books,title,CORRECT,no
MB-240,9789029518291,nl,google_books,subtitle,MISSING,no
MB-240,9789029518291,nl,google_books,authors,UNVERIFIABLE,no
MB-240,9789029518291,nl,google_books,language,CORRECT,no
MB-240,9789029518291,nl,google_books,publisher,MISSING,no
MB-240,9789029518291,nl,google_books,publication_date,CORRECT,no
MB-240,9789029518291,nl,google_books,page_count,CORRECT,no
MB-240,9789029518291,nl,google_books,cover,MISSING,no
MB-240,9789029518291,nl,google_books,work_link,MISSING,no
MB-240,9789029518291,nl,google_books,series,MISSING,no
MB-240,9789029518291,nl,google_books,series_position,MISSING,no
MB-240,9789029518291,nl,google_books,subjects,CORRECT,no
MB-240,9789029518291,nl,wikidata,isbn_exact,MISSING,no
MB-240,9789029518291,nl,wikidata,title,MISSING,no
MB-240,9789029518291,nl,wikidata,subtitle,MISSING,no
MB-240,9789029518291,nl,wikidata,authors,MISSING,no
MB-240,9789029518291,nl,wikidata,language,MISSING,no
MB-240,9789029518291,nl,wikidata,publisher,MISSING,no
MB-240,9789029518291,nl,wikidata,publication_date,MISSING,no
MB-240,9789029518291,nl,wikidata,page_count,MISSING,no
MB-240,9789029518291,nl,wikidata,cover,MISSING,no
MB-240,9789029518291,nl,wikidata,work_link,MISSING,no
MB-240,9789029518291,nl,wikidata,series,MISSING,no
MB-240,9789029518291,nl,wikidata,series_position,MISSING,no
MB-240,9789029518291,nl,wikidata,subjects,MISSING,no
MB-240,9789029518291,nl,bookbrainz,isbn_exact,MISSING,no
MB-240,9789029518291,nl,bookbrainz,title,MISSING,no
MB-240,9789029518291,nl,bookbrainz,subtitle,MISSING,no
MB-240,9789029518291,nl,bookbrainz,authors,MISSING,no
MB-240,9789029518291,nl,bookbrainz,language,MISSING,no
MB-240,9789029518291,nl,bookbrainz,publisher,MISSING,no
MB-240,9789029518291,nl,bookbrainz,publication_date,MISSING,no
MB-240,9789029518291,nl,bookbrainz,page_count,MISSING,no
MB-240,9789029518291,nl,bookbrainz,cover,MISSING,no
MB-240,9789029518291,nl,bookbrainz,work_link,MISSING,no
MB-240,9789029518291,nl,bookbrainz,series,MISSING,no
MB-240,9789029518291,nl,bookbrainz,series_position,MISSING,no
MB-240,9789029518291,nl,bookbrainz,subjects,MISSING,no
MB-241,9789029519694,nl,open_library,isbn_exact,CORRECT,no
MB-241,9789029519694,nl,open_library,title,CORRECT,no
MB-241,9789029519694,nl,open_library,subtitle,UNVERIFIABLE,no
MB-241,9789029519694,nl,open_library,authors,CORRECT,no
MB-241,9789029519694,nl,open_library,language,CORRECT,no
MB-241,9789029519694,nl,open_library,publisher,CORRECT,no
MB-241,9789029519694,nl,open_library,publication_date,CORRECT,no
MB-241,9789029519694,nl,open_library,page_count,CORRECT,no
MB-241,9789029519694,nl,open_library,cover,CORRECT,no
MB-241,9789029519694,nl,open_library,work_link,CORRECT,no
MB-241,9789029519694,nl,open_library,series,UNVERIFIABLE,no
MB-241,9789029519694,nl,open_library,series_position,MISSING,no
MB-241,9789029519694,nl,open_library,subjects,CORRECT,no
MB-241,9789029519694,nl,google_books,isbn_exact,CORRECT,no
MB-241,9789029519694,nl,google_books,title,CORRECT,no
MB-241,9789029519694,nl,google_books,subtitle,UNVERIFIABLE,no
MB-241,9789029519694,nl,google_books,authors,CORRECT,no
MB-241,9789029519694,nl,google_books,language,CORRECT,no
MB-241,9789029519694,nl,google_books,publisher,MISSING,no
MB-241,9789029519694,nl,google_books,publication_date,CORRECT,no
MB-241,9789029519694,nl,google_books,page_count,CORRECT,no
MB-241,9789029519694,nl,google_books,cover,MISSING,no
MB-241,9789029519694,nl,google_books,work_link,MISSING,no
MB-241,9789029519694,nl,google_books,series,MISSING,no
MB-241,9789029519694,nl,google_books,series_position,MISSING,no
MB-241,9789029519694,nl,google_books,subjects,CORRECT,no
MB-241,9789029519694,nl,wikidata,isbn_exact,MISSING,no
MB-241,9789029519694,nl,wikidata,title,MISSING,no
MB-241,9789029519694,nl,wikidata,subtitle,MISSING,no
MB-241,9789029519694,nl,wikidata,authors,MISSING,no
MB-241,9789029519694,nl,wikidata,language,MISSING,no
MB-241,9789029519694,nl,wikidata,publisher,MISSING,no
MB-241,9789029519694,nl,wikidata,publication_date,MISSING,no
MB-241,9789029519694,nl,wikidata,page_count,MISSING,no
MB-241,9789029519694,nl,wikidata,cover,MISSING,no
MB-241,9789029519694,nl,wikidata,work_link,MISSING,no
MB-241,9789029519694,nl,wikidata,series,MISSING,no
MB-241,9789029519694,nl,wikidata,series_position,MISSING,no
MB-241,9789029519694,nl,wikidata,subjects,MISSING,no
MB-241,9789029519694,nl,bookbrainz,isbn_exact,MISSING,no
MB-241,9789029519694,nl,bookbrainz,title,MISSING,no
MB-241,9789029519694,nl,bookbrainz,subtitle,MISSING,no
MB-241,9789029519694,nl,bookbrainz,authors,MISSING,no
MB-241,9789029519694,nl,bookbrainz,language,MISSING,no
MB-241,9789029519694,nl,bookbrainz,publisher,MISSING,no
MB-241,9789029519694,nl,bookbrainz,publication_date,MISSING,no
MB-241,9789029519694,nl,bookbrainz,page_count,MISSING,no
MB-241,9789029519694,nl,bookbrainz,cover,MISSING,no
MB-241,9789029519694,nl,bookbrainz,work_link,MISSING,no
MB-241,9789029519694,nl,bookbrainz,series,MISSING,no
MB-241,9789029519694,nl,bookbrainz,series_position,MISSING,no
MB-241,9789029519694,nl,bookbrainz,subjects,MISSING,no
MB-242,9789031342723,nl,open_library,isbn_exact,MISSING,no
MB-242,9789031342723,nl,open_library,title,MISSING,no
MB-242,9789031342723,nl,open_library,subtitle,MISSING,no
MB-242,9789031342723,nl,open_library,authors,MISSING,no
MB-242,9789031342723,nl,open_library,language,MISSING,no
MB-242,9789031342723,nl,open_library,publisher,MISSING,no
MB-242,9789031342723,nl,open_library,publication_date,MISSING,no
MB-242,9789031342723,nl,open_library,page_count,MISSING,no
MB-242,9789031342723,nl,open_library,cover,MISSING,no
MB-242,9789031342723,nl,open_library,work_link,MISSING,no
MB-242,9789031342723,nl,open_library,series,MISSING,no
MB-242,9789031342723,nl,open_library,series_position,MISSING,no
MB-242,9789031342723,nl,open_library,subjects,MISSING,no
MB-242,9789031342723,nl,google_books,isbn_exact,CORRECT,no
MB-242,9789031342723,nl,google_books,title,CORRECT,no
MB-242,9789031342723,nl,google_books,subtitle,MISSING,no
MB-242,9789031342723,nl,google_books,authors,CORRECT,no
MB-242,9789031342723,nl,google_books,language,CORRECT,no
MB-242,9789031342723,nl,google_books,publisher,CORRECT,no
MB-242,9789031342723,nl,google_books,publication_date,CORRECT,no
MB-242,9789031342723,nl,google_books,page_count,CORRECT,no
MB-242,9789031342723,nl,google_books,cover,CORRECT,no
MB-242,9789031342723,nl,google_books,work_link,MISSING,no
MB-242,9789031342723,nl,google_books,series,MISSING,no
MB-242,9789031342723,nl,google_books,series_position,MISSING,no
MB-242,9789031342723,nl,google_books,subjects,MISSING,no
MB-242,9789031342723,nl,wikidata,isbn_exact,MISSING,no
MB-242,9789031342723,nl,wikidata,title,MISSING,no
MB-242,9789031342723,nl,wikidata,subtitle,MISSING,no
MB-242,9789031342723,nl,wikidata,authors,MISSING,no
MB-242,9789031342723,nl,wikidata,language,MISSING,no
MB-242,9789031342723,nl,wikidata,publisher,MISSING,no
MB-242,9789031342723,nl,wikidata,publication_date,MISSING,no
MB-242,9789031342723,nl,wikidata,page_count,MISSING,no
MB-242,9789031342723,nl,wikidata,cover,MISSING,no
MB-242,9789031342723,nl,wikidata,work_link,MISSING,no
MB-242,9789031342723,nl,wikidata,series,MISSING,no
MB-242,9789031342723,nl,wikidata,series_position,MISSING,no
MB-242,9789031342723,nl,wikidata,subjects,MISSING,no
MB-242,9789031342723,nl,bookbrainz,isbn_exact,MISSING,no
MB-242,9789031342723,nl,bookbrainz,title,MISSING,no
MB-242,9789031342723,nl,bookbrainz,subtitle,MISSING,no
MB-242,9789031342723,nl,bookbrainz,authors,MISSING,no
MB-242,9789031342723,nl,bookbrainz,language,MISSING,no
MB-242,9789031342723,nl,bookbrainz,publisher,MISSING,no
MB-242,9789031342723,nl,bookbrainz,publication_date,MISSING,no
MB-242,9789031342723,nl,bookbrainz,page_count,MISSING,no
MB-242,9789031342723,nl,bookbrainz,cover,MISSING,no
MB-242,9789031342723,nl,bookbrainz,work_link,MISSING,no
MB-242,9789031342723,nl,bookbrainz,series,MISSING,no
MB-242,9789031342723,nl,bookbrainz,series_position,MISSING,no
MB-242,9789031342723,nl,bookbrainz,subjects,MISSING,no
MB-243,9789035106932,nl,open_library,isbn_exact,MISSING,no
MB-243,9789035106932,nl,open_library,title,MISSING,no
MB-243,9789035106932,nl,open_library,subtitle,MISSING,no
MB-243,9789035106932,nl,open_library,authors,MISSING,no
MB-243,9789035106932,nl,open_library,language,MISSING,no
MB-243,9789035106932,nl,open_library,publisher,MISSING,no
MB-243,9789035106932,nl,open_library,publication_date,MISSING,no
MB-243,9789035106932,nl,open_library,page_count,MISSING,no
MB-243,9789035106932,nl,open_library,cover,MISSING,no
MB-243,9789035106932,nl,open_library,work_link,MISSING,no
MB-243,9789035106932,nl,open_library,series,MISSING,no
MB-243,9789035106932,nl,open_library,series_position,MISSING,no
MB-243,9789035106932,nl,open_library,subjects,MISSING,no
MB-243,9789035106932,nl,google_books,isbn_exact,CORRECT,no
MB-243,9789035106932,nl,google_books,title,CORRECT,no
MB-243,9789035106932,nl,google_books,subtitle,UNVERIFIABLE,no
MB-243,9789035106932,nl,google_books,authors,CORRECT,no
MB-243,9789035106932,nl,google_books,language,CORRECT,no
MB-243,9789035106932,nl,google_books,publisher,MISSING,no
MB-243,9789035106932,nl,google_books,publication_date,CORRECT,no
MB-243,9789035106932,nl,google_books,page_count,CORRECT,no
MB-243,9789035106932,nl,google_books,cover,MISSING,no
MB-243,9789035106932,nl,google_books,work_link,MISSING,no
MB-243,9789035106932,nl,google_books,series,MISSING,no
MB-243,9789035106932,nl,google_books,series_position,MISSING,no
MB-243,9789035106932,nl,google_books,subjects,MISSING,no
MB-243,9789035106932,nl,wikidata,isbn_exact,MISSING,no
MB-243,9789035106932,nl,wikidata,title,MISSING,no
MB-243,9789035106932,nl,wikidata,subtitle,MISSING,no
MB-243,9789035106932,nl,wikidata,authors,MISSING,no
MB-243,9789035106932,nl,wikidata,language,MISSING,no
MB-243,9789035106932,nl,wikidata,publisher,MISSING,no
MB-243,9789035106932,nl,wikidata,publication_date,MISSING,no
MB-243,9789035106932,nl,wikidata,page_count,MISSING,no
MB-243,9789035106932,nl,wikidata,cover,MISSING,no
MB-243,9789035106932,nl,wikidata,work_link,MISSING,no
MB-243,9789035106932,nl,wikidata,series,MISSING,no
MB-243,9789035106932,nl,wikidata,series_position,MISSING,no
MB-243,9789035106932,nl,wikidata,subjects,MISSING,no
MB-243,9789035106932,nl,bookbrainz,isbn_exact,MISSING,no
MB-243,9789035106932,nl,bookbrainz,title,MISSING,no
MB-243,9789035106932,nl,bookbrainz,subtitle,MISSING,no
MB-243,9789035106932,nl,bookbrainz,authors,MISSING,no
MB-243,9789035106932,nl,bookbrainz,language,MISSING,no
MB-243,9789035106932,nl,bookbrainz,publisher,MISSING,no
MB-243,9789035106932,nl,bookbrainz,publication_date,MISSING,no
MB-243,9789035106932,nl,bookbrainz,page_count,MISSING,no
MB-243,9789035106932,nl,bookbrainz,cover,MISSING,no
MB-243,9789035106932,nl,bookbrainz,work_link,MISSING,no
MB-243,9789035106932,nl,bookbrainz,series,MISSING,no
MB-243,9789035106932,nl,bookbrainz,series_position,MISSING,no
MB-243,9789035106932,nl,bookbrainz,subjects,MISSING,no
MB-244,9789038805337,nl,open_library,isbn_exact,MISSING,no
MB-244,9789038805337,nl,open_library,title,MISSING,no
MB-244,9789038805337,nl,open_library,subtitle,MISSING,no
MB-244,9789038805337,nl,open_library,authors,MISSING,no
MB-244,9789038805337,nl,open_library,language,MISSING,no
MB-244,9789038805337,nl,open_library,publisher,MISSING,no
MB-244,9789038805337,nl,open_library,publication_date,MISSING,no
MB-244,9789038805337,nl,open_library,page_count,MISSING,no
MB-244,9789038805337,nl,open_library,cover,MISSING,no
MB-244,9789038805337,nl,open_library,work_link,MISSING,no
MB-244,9789038805337,nl,open_library,series,MISSING,no
MB-244,9789038805337,nl,open_library,series_position,MISSING,no
MB-244,9789038805337,nl,open_library,subjects,MISSING,no
MB-244,9789038805337,nl,google_books,isbn_exact,CORRECT,no
MB-244,9789038805337,nl,google_books,title,CORRECT,no
MB-244,9789038805337,nl,google_books,subtitle,UNVERIFIABLE,no
MB-244,9789038805337,nl,google_books,authors,CORRECT,no
MB-244,9789038805337,nl,google_books,language,CORRECT,no
MB-244,9789038805337,nl,google_books,publisher,MISSING,no
MB-244,9789038805337,nl,google_books,publication_date,CORRECT,no
MB-244,9789038805337,nl,google_books,page_count,MISSING,no
MB-244,9789038805337,nl,google_books,cover,MISSING,no
MB-244,9789038805337,nl,google_books,work_link,MISSING,no
MB-244,9789038805337,nl,google_books,series,MISSING,no
MB-244,9789038805337,nl,google_books,series_position,MISSING,no
MB-244,9789038805337,nl,google_books,subjects,MISSING,no
MB-244,9789038805337,nl,wikidata,isbn_exact,MISSING,no
MB-244,9789038805337,nl,wikidata,title,MISSING,no
MB-244,9789038805337,nl,wikidata,subtitle,MISSING,no
MB-244,9789038805337,nl,wikidata,authors,MISSING,no
MB-244,9789038805337,nl,wikidata,language,MISSING,no
MB-244,9789038805337,nl,wikidata,publisher,MISSING,no
MB-244,9789038805337,nl,wikidata,publication_date,MISSING,no
MB-244,9789038805337,nl,wikidata,page_count,MISSING,no
MB-244,9789038805337,nl,wikidata,cover,MISSING,no
MB-244,9789038805337,nl,wikidata,work_link,MISSING,no
MB-244,9789038805337,nl,wikidata,series,MISSING,no
MB-244,9789038805337,nl,wikidata,series_position,MISSING,no
MB-244,9789038805337,nl,wikidata,subjects,MISSING,no
MB-244,9789038805337,nl,bookbrainz,isbn_exact,MISSING,no
MB-244,9789038805337,nl,bookbrainz,title,MISSING,no
MB-244,9789038805337,nl,bookbrainz,subtitle,MISSING,no
MB-244,9789038805337,nl,bookbrainz,authors,MISSING,no
MB-244,9789038805337,nl,bookbrainz,language,MISSING,no
MB-244,9789038805337,nl,bookbrainz,publisher,MISSING,no
MB-244,9789038805337,nl,bookbrainz,publication_date,MISSING,no
MB-244,9789038805337,nl,bookbrainz,page_count,MISSING,no
MB-244,9789038805337,nl,bookbrainz,cover,MISSING,no
MB-244,9789038805337,nl,bookbrainz,work_link,MISSING,no
MB-244,9789038805337,nl,bookbrainz,series,MISSING,no
MB-244,9789038805337,nl,bookbrainz,series_position,MISSING,no
MB-244,9789038805337,nl,bookbrainz,subjects,MISSING,no
MB-245,9789043925839,nl,open_library,isbn_exact,MISSING,no
MB-245,9789043925839,nl,open_library,title,MISSING,no
MB-245,9789043925839,nl,open_library,subtitle,MISSING,no
MB-245,9789043925839,nl,open_library,authors,MISSING,no
MB-245,9789043925839,nl,open_library,language,MISSING,no
MB-245,9789043925839,nl,open_library,publisher,MISSING,no
MB-245,9789043925839,nl,open_library,publication_date,MISSING,no
MB-245,9789043925839,nl,open_library,page_count,MISSING,no
MB-245,9789043925839,nl,open_library,cover,MISSING,no
MB-245,9789043925839,nl,open_library,work_link,MISSING,no
MB-245,9789043925839,nl,open_library,series,MISSING,no
MB-245,9789043925839,nl,open_library,series_position,MISSING,no
MB-245,9789043925839,nl,open_library,subjects,MISSING,no
MB-245,9789043925839,nl,google_books,isbn_exact,CORRECT,no
MB-245,9789043925839,nl,google_books,title,CORRECT,no
MB-245,9789043925839,nl,google_books,subtitle,UNVERIFIABLE,no
MB-245,9789043925839,nl,google_books,authors,MISSING,no
MB-245,9789043925839,nl,google_books,language,CORRECT,no
MB-245,9789043925839,nl,google_books,publisher,MISSING,no
MB-245,9789043925839,nl,google_books,publication_date,CORRECT,no
MB-245,9789043925839,nl,google_books,page_count,MISSING,no
MB-245,9789043925839,nl,google_books,cover,MISSING,no
MB-245,9789043925839,nl,google_books,work_link,MISSING,no
MB-245,9789043925839,nl,google_books,series,MISSING,no
MB-245,9789043925839,nl,google_books,series_position,MISSING,no
MB-245,9789043925839,nl,google_books,subjects,MISSING,no
MB-245,9789043925839,nl,wikidata,isbn_exact,MISSING,no
MB-245,9789043925839,nl,wikidata,title,MISSING,no
MB-245,9789043925839,nl,wikidata,subtitle,MISSING,no
MB-245,9789043925839,nl,wikidata,authors,MISSING,no
MB-245,9789043925839,nl,wikidata,language,MISSING,no
MB-245,9789043925839,nl,wikidata,publisher,MISSING,no
MB-245,9789043925839,nl,wikidata,publication_date,MISSING,no
MB-245,9789043925839,nl,wikidata,page_count,MISSING,no
MB-245,9789043925839,nl,wikidata,cover,MISSING,no
MB-245,9789043925839,nl,wikidata,work_link,MISSING,no
MB-245,9789043925839,nl,wikidata,series,MISSING,no
MB-245,9789043925839,nl,wikidata,series_position,MISSING,no
MB-245,9789043925839,nl,wikidata,subjects,MISSING,no
MB-245,9789043925839,nl,bookbrainz,isbn_exact,MISSING,no
MB-245,9789043925839,nl,bookbrainz,title,MISSING,no
MB-245,9789043925839,nl,bookbrainz,subtitle,MISSING,no
MB-245,9789043925839,nl,bookbrainz,authors,MISSING,no
MB-245,9789043925839,nl,bookbrainz,language,MISSING,no
MB-245,9789043925839,nl,bookbrainz,publisher,MISSING,no
MB-245,9789043925839,nl,bookbrainz,publication_date,MISSING,no
MB-245,9789043925839,nl,bookbrainz,page_count,MISSING,no
MB-245,9789043925839,nl,bookbrainz,cover,MISSING,no
MB-245,9789043925839,nl,bookbrainz,work_link,MISSING,no
MB-245,9789043925839,nl,bookbrainz,series,MISSING,no
MB-245,9789043925839,nl,bookbrainz,series_position,MISSING,no
MB-245,9789043925839,nl,bookbrainz,subjects,MISSING,no
MB-246,9789045303994,nl,open_library,isbn_exact,MISSING,no
MB-246,9789045303994,nl,open_library,title,MISSING,no
MB-246,9789045303994,nl,open_library,subtitle,MISSING,no
MB-246,9789045303994,nl,open_library,authors,MISSING,no
MB-246,9789045303994,nl,open_library,language,MISSING,no
MB-246,9789045303994,nl,open_library,publisher,MISSING,no
MB-246,9789045303994,nl,open_library,publication_date,MISSING,no
MB-246,9789045303994,nl,open_library,page_count,MISSING,no
MB-246,9789045303994,nl,open_library,cover,MISSING,no
MB-246,9789045303994,nl,open_library,work_link,MISSING,no
MB-246,9789045303994,nl,open_library,series,MISSING,no
MB-246,9789045303994,nl,open_library,series_position,MISSING,no
MB-246,9789045303994,nl,open_library,subjects,MISSING,no
MB-246,9789045303994,nl,google_books,isbn_exact,CORRECT,no
MB-246,9789045303994,nl,google_books,title,CORRECT,no
MB-246,9789045303994,nl,google_books,subtitle,MISSING,no
MB-246,9789045303994,nl,google_books,authors,CORRECT,no
MB-246,9789045303994,nl,google_books,language,CORRECT,no
MB-246,9789045303994,nl,google_books,publisher,MISSING,no
MB-246,9789045303994,nl,google_books,publication_date,CORRECT,no
MB-246,9789045303994,nl,google_books,page_count,CORRECT,no
MB-246,9789045303994,nl,google_books,cover,MISSING,no
MB-246,9789045303994,nl,google_books,work_link,MISSING,no
MB-246,9789045303994,nl,google_books,series,MISSING,no
MB-246,9789045303994,nl,google_books,series_position,MISSING,no
MB-246,9789045303994,nl,google_books,subjects,MISSING,no
MB-246,9789045303994,nl,wikidata,isbn_exact,MISSING,no
MB-246,9789045303994,nl,wikidata,title,MISSING,no
MB-246,9789045303994,nl,wikidata,subtitle,MISSING,no
MB-246,9789045303994,nl,wikidata,authors,MISSING,no
MB-246,9789045303994,nl,wikidata,language,MISSING,no
MB-246,9789045303994,nl,wikidata,publisher,MISSING,no
MB-246,9789045303994,nl,wikidata,publication_date,MISSING,no
MB-246,9789045303994,nl,wikidata,page_count,MISSING,no
MB-246,9789045303994,nl,wikidata,cover,MISSING,no
MB-246,9789045303994,nl,wikidata,work_link,MISSING,no
MB-246,9789045303994,nl,wikidata,series,MISSING,no
MB-246,9789045303994,nl,wikidata,series_position,MISSING,no
MB-246,9789045303994,nl,wikidata,subjects,MISSING,no
MB-246,9789045303994,nl,bookbrainz,isbn_exact,MISSING,no
MB-246,9789045303994,nl,bookbrainz,title,MISSING,no
MB-246,9789045303994,nl,bookbrainz,subtitle,MISSING,no
MB-246,9789045303994,nl,bookbrainz,authors,MISSING,no
MB-246,9789045303994,nl,bookbrainz,language,MISSING,no
MB-246,9789045303994,nl,bookbrainz,publisher,MISSING,no
MB-246,9789045303994,nl,bookbrainz,publication_date,MISSING,no
MB-246,9789045303994,nl,bookbrainz,page_count,MISSING,no
MB-246,9789045303994,nl,bookbrainz,cover,MISSING,no
MB-246,9789045303994,nl,bookbrainz,work_link,MISSING,no
MB-246,9789045303994,nl,bookbrainz,series,MISSING,no
MB-246,9789045303994,nl,bookbrainz,series_position,MISSING,no
MB-246,9789045303994,nl,bookbrainz,subjects,MISSING,no
MB-247,9789047500179,nl,open_library,isbn_exact,CORRECT,no
MB-247,9789047500179,nl,open_library,title,CORRECT,no
MB-247,9789047500179,nl,open_library,subtitle,MISSING,no
MB-247,9789047500179,nl,open_library,authors,CORRECT,no
MB-247,9789047500179,nl,open_library,language,CORRECT,no
MB-247,9789047500179,nl,open_library,publisher,CORRECT,no
MB-247,9789047500179,nl,open_library,publication_date,CORRECT,no
MB-247,9789047500179,nl,open_library,page_count,CORRECT,no
MB-247,9789047500179,nl,open_library,cover,CORRECT,no
MB-247,9789047500179,nl,open_library,work_link,CORRECT,no
MB-247,9789047500179,nl,open_library,series,MISSING,no
MB-247,9789047500179,nl,open_library,series_position,MISSING,no
MB-247,9789047500179,nl,open_library,subjects,MISSING,no
MB-247,9789047500179,nl,google_books,isbn_exact,CORRECT,no
MB-247,9789047500179,nl,google_books,title,CORRECT,no
MB-247,9789047500179,nl,google_books,subtitle,MISSING,no
MB-247,9789047500179,nl,google_books,authors,CORRECT,no
MB-247,9789047500179,nl,google_books,language,CORRECT,no
MB-247,9789047500179,nl,google_books,publisher,MISSING,no
MB-247,9789047500179,nl,google_books,publication_date,INCORRECT,no
MB-247,9789047500179,nl,google_books,page_count,CORRECT,no
MB-247,9789047500179,nl,google_books,cover,MISSING,no
MB-247,9789047500179,nl,google_books,work_link,MISSING,no
MB-247,9789047500179,nl,google_books,series,MISSING,no
MB-247,9789047500179,nl,google_books,series_position,MISSING,no
MB-247,9789047500179,nl,google_books,subjects,MISSING,no
MB-247,9789047500179,nl,wikidata,isbn_exact,MISSING,no
MB-247,9789047500179,nl,wikidata,title,MISSING,no
MB-247,9789047500179,nl,wikidata,subtitle,MISSING,no
MB-247,9789047500179,nl,wikidata,authors,MISSING,no
MB-247,9789047500179,nl,wikidata,language,MISSING,no
MB-247,9789047500179,nl,wikidata,publisher,MISSING,no
MB-247,9789047500179,nl,wikidata,publication_date,MISSING,no
MB-247,9789047500179,nl,wikidata,page_count,MISSING,no
MB-247,9789047500179,nl,wikidata,cover,MISSING,no
MB-247,9789047500179,nl,wikidata,work_link,MISSING,no
MB-247,9789047500179,nl,wikidata,series,MISSING,no
MB-247,9789047500179,nl,wikidata,series_position,MISSING,no
MB-247,9789047500179,nl,wikidata,subjects,MISSING,no
MB-247,9789047500179,nl,bookbrainz,isbn_exact,MISSING,no
MB-247,9789047500179,nl,bookbrainz,title,MISSING,no
MB-247,9789047500179,nl,bookbrainz,subtitle,MISSING,no
MB-247,9789047500179,nl,bookbrainz,authors,MISSING,no
MB-247,9789047500179,nl,bookbrainz,language,MISSING,no
MB-247,9789047500179,nl,bookbrainz,publisher,MISSING,no
MB-247,9789047500179,nl,bookbrainz,publication_date,MISSING,no
MB-247,9789047500179,nl,bookbrainz,page_count,MISSING,no
MB-247,9789047500179,nl,bookbrainz,cover,MISSING,no
MB-247,9789047500179,nl,bookbrainz,work_link,MISSING,no
MB-247,9789047500179,nl,bookbrainz,series,MISSING,no
MB-247,9789047500179,nl,bookbrainz,series_position,MISSING,no
MB-247,9789047500179,nl,bookbrainz,subjects,MISSING,no
MB-248,9789048842377,nl,open_library,isbn_exact,CORRECT,no
MB-248,9789048842377,nl,open_library,title,CORRECT,no
MB-248,9789048842377,nl,open_library,subtitle,UNVERIFIABLE,no
MB-248,9789048842377,nl,open_library,authors,CORRECT,no
MB-248,9789048842377,nl,open_library,language,CORRECT,no
MB-248,9789048842377,nl,open_library,publisher,CORRECT,no
MB-248,9789048842377,nl,open_library,publication_date,CORRECT,no
MB-248,9789048842377,nl,open_library,page_count,CORRECT,no
MB-248,9789048842377,nl,open_library,cover,MISSING,no
MB-248,9789048842377,nl,open_library,work_link,CORRECT,no
MB-248,9789048842377,nl,open_library,series,MISSING,no
MB-248,9789048842377,nl,open_library,series_position,MISSING,no
MB-248,9789048842377,nl,open_library,subjects,CORRECT,no
MB-248,9789048842377,nl,google_books,isbn_exact,CORRECT,no
MB-248,9789048842377,nl,google_books,title,CORRECT,no
MB-248,9789048842377,nl,google_books,subtitle,UNVERIFIABLE,no
MB-248,9789048842377,nl,google_books,authors,CORRECT,no
MB-248,9789048842377,nl,google_books,language,CORRECT,no
MB-248,9789048842377,nl,google_books,publisher,MISSING,no
MB-248,9789048842377,nl,google_books,publication_date,CORRECT,no
MB-248,9789048842377,nl,google_books,page_count,INCORRECT,no
MB-248,9789048842377,nl,google_books,cover,MISSING,no
MB-248,9789048842377,nl,google_books,work_link,MISSING,no
MB-248,9789048842377,nl,google_books,series,MISSING,no
MB-248,9789048842377,nl,google_books,series_position,MISSING,no
MB-248,9789048842377,nl,google_books,subjects,CORRECT,no
MB-248,9789048842377,nl,wikidata,isbn_exact,MISSING,no
MB-248,9789048842377,nl,wikidata,title,MISSING,no
MB-248,9789048842377,nl,wikidata,subtitle,MISSING,no
MB-248,9789048842377,nl,wikidata,authors,MISSING,no
MB-248,9789048842377,nl,wikidata,language,MISSING,no
MB-248,9789048842377,nl,wikidata,publisher,MISSING,no
MB-248,9789048842377,nl,wikidata,publication_date,MISSING,no
MB-248,9789048842377,nl,wikidata,page_count,MISSING,no
MB-248,9789048842377,nl,wikidata,cover,MISSING,no
MB-248,9789048842377,nl,wikidata,work_link,MISSING,no
MB-248,9789048842377,nl,wikidata,series,MISSING,no
MB-248,9789048842377,nl,wikidata,series_position,MISSING,no
MB-248,9789048842377,nl,wikidata,subjects,MISSING,no
MB-248,9789048842377,nl,bookbrainz,isbn_exact,MISSING,no
MB-248,9789048842377,nl,bookbrainz,title,MISSING,no
MB-248,9789048842377,nl,bookbrainz,subtitle,MISSING,no
MB-248,9789048842377,nl,bookbrainz,authors,MISSING,no
MB-248,9789048842377,nl,bookbrainz,language,MISSING,no
MB-248,9789048842377,nl,bookbrainz,publisher,MISSING,no
MB-248,9789048842377,nl,bookbrainz,publication_date,MISSING,no
MB-248,9789048842377,nl,bookbrainz,page_count,MISSING,no
MB-248,9789048842377,nl,bookbrainz,cover,MISSING,no
MB-248,9789048842377,nl,bookbrainz,work_link,MISSING,no
MB-248,9789048842377,nl,bookbrainz,series,MISSING,no
MB-248,9789048842377,nl,bookbrainz,series_position,MISSING,no
MB-248,9789048842377,nl,bookbrainz,subjects,MISSING,no
MB-249,9789048858675,nl,open_library,isbn_exact,MISSING,no
MB-249,9789048858675,nl,open_library,title,MISSING,no
MB-249,9789048858675,nl,open_library,subtitle,MISSING,no
MB-249,9789048858675,nl,open_library,authors,MISSING,no
MB-249,9789048858675,nl,open_library,language,MISSING,no
MB-249,9789048858675,nl,open_library,publisher,MISSING,no
MB-249,9789048858675,nl,open_library,publication_date,MISSING,no
MB-249,9789048858675,nl,open_library,page_count,MISSING,no
MB-249,9789048858675,nl,open_library,cover,MISSING,no
MB-249,9789048858675,nl,open_library,work_link,MISSING,no
MB-249,9789048858675,nl,open_library,series,MISSING,no
MB-249,9789048858675,nl,open_library,series_position,MISSING,no
MB-249,9789048858675,nl,open_library,subjects,MISSING,no
MB-249,9789048858675,nl,google_books,isbn_exact,CORRECT,no
MB-249,9789048858675,nl,google_books,title,CORRECT,no
MB-249,9789048858675,nl,google_books,subtitle,UNVERIFIABLE,no
MB-249,9789048858675,nl,google_books,authors,CORRECT,no
MB-249,9789048858675,nl,google_books,language,CORRECT,no
MB-249,9789048858675,nl,google_books,publisher,MISSING,no
MB-249,9789048858675,nl,google_books,publication_date,CORRECT,no
MB-249,9789048858675,nl,google_books,page_count,MISSING,no
MB-249,9789048858675,nl,google_books,cover,MISSING,no
MB-249,9789048858675,nl,google_books,work_link,MISSING,no
MB-249,9789048858675,nl,google_books,series,MISSING,no
MB-249,9789048858675,nl,google_books,series_position,MISSING,no
MB-249,9789048858675,nl,google_books,subjects,MISSING,no
MB-249,9789048858675,nl,wikidata,isbn_exact,MISSING,no
MB-249,9789048858675,nl,wikidata,title,MISSING,no
MB-249,9789048858675,nl,wikidata,subtitle,MISSING,no
MB-249,9789048858675,nl,wikidata,authors,MISSING,no
MB-249,9789048858675,nl,wikidata,language,MISSING,no
MB-249,9789048858675,nl,wikidata,publisher,MISSING,no
MB-249,9789048858675,nl,wikidata,publication_date,MISSING,no
MB-249,9789048858675,nl,wikidata,page_count,MISSING,no
MB-249,9789048858675,nl,wikidata,cover,MISSING,no
MB-249,9789048858675,nl,wikidata,work_link,MISSING,no
MB-249,9789048858675,nl,wikidata,series,MISSING,no
MB-249,9789048858675,nl,wikidata,series_position,MISSING,no
MB-249,9789048858675,nl,wikidata,subjects,MISSING,no
MB-249,9789048858675,nl,bookbrainz,isbn_exact,MISSING,no
MB-249,9789048858675,nl,bookbrainz,title,MISSING,no
MB-249,9789048858675,nl,bookbrainz,subtitle,MISSING,no
MB-249,9789048858675,nl,bookbrainz,authors,MISSING,no
MB-249,9789048858675,nl,bookbrainz,language,MISSING,no
MB-249,9789048858675,nl,bookbrainz,publisher,MISSING,no
MB-249,9789048858675,nl,bookbrainz,publication_date,MISSING,no
MB-249,9789048858675,nl,bookbrainz,page_count,MISSING,no
MB-249,9789048858675,nl,bookbrainz,cover,MISSING,no
MB-249,9789048858675,nl,bookbrainz,work_link,MISSING,no
MB-249,9789048858675,nl,bookbrainz,series,MISSING,no
MB-249,9789048858675,nl,bookbrainz,series_position,MISSING,no
MB-249,9789048858675,nl,bookbrainz,subjects,MISSING,no
MB-250,9789049801885,nl,open_library,isbn_exact,MISSING,no
MB-250,9789049801885,nl,open_library,title,MISSING,no
MB-250,9789049801885,nl,open_library,subtitle,MISSING,no
MB-250,9789049801885,nl,open_library,authors,MISSING,no
MB-250,9789049801885,nl,open_library,language,MISSING,no
MB-250,9789049801885,nl,open_library,publisher,MISSING,no
MB-250,9789049801885,nl,open_library,publication_date,MISSING,no
MB-250,9789049801885,nl,open_library,page_count,MISSING,no
MB-250,9789049801885,nl,open_library,cover,MISSING,no
MB-250,9789049801885,nl,open_library,work_link,MISSING,no
MB-250,9789049801885,nl,open_library,series,MISSING,no
MB-250,9789049801885,nl,open_library,series_position,MISSING,no
MB-250,9789049801885,nl,open_library,subjects,MISSING,no
MB-250,9789049801885,nl,google_books,isbn_exact,CORRECT,no
MB-250,9789049801885,nl,google_books,title,CORRECT,no
MB-250,9789049801885,nl,google_books,subtitle,MISSING,no
MB-250,9789049801885,nl,google_books,authors,CORRECT,no
MB-250,9789049801885,nl,google_books,language,CORRECT,no
MB-250,9789049801885,nl,google_books,publisher,MISSING,no
MB-250,9789049801885,nl,google_books,publication_date,CORRECT,no
MB-250,9789049801885,nl,google_books,page_count,CORRECT,no
MB-250,9789049801885,nl,google_books,cover,MISSING,no
MB-250,9789049801885,nl,google_books,work_link,MISSING,no
MB-250,9789049801885,nl,google_books,series,MISSING,no
MB-250,9789049801885,nl,google_books,series_position,MISSING,no
MB-250,9789049801885,nl,google_books,subjects,MISSING,no
MB-250,9789049801885,nl,wikidata,isbn_exact,MISSING,no
MB-250,9789049801885,nl,wikidata,title,MISSING,no
MB-250,9789049801885,nl,wikidata,subtitle,MISSING,no
MB-250,9789049801885,nl,wikidata,authors,MISSING,no
MB-250,9789049801885,nl,wikidata,language,MISSING,no
MB-250,9789049801885,nl,wikidata,publisher,MISSING,no
MB-250,9789049801885,nl,wikidata,publication_date,MISSING,no
MB-250,9789049801885,nl,wikidata,page_count,MISSING,no
MB-250,9789049801885,nl,wikidata,cover,MISSING,no
MB-250,9789049801885,nl,wikidata,work_link,MISSING,no
MB-250,9789049801885,nl,wikidata,series,MISSING,no
MB-250,9789049801885,nl,wikidata,series_position,MISSING,no
MB-250,9789049801885,nl,wikidata,subjects,MISSING,no
MB-250,9789049801885,nl,bookbrainz,isbn_exact,MISSING,no
MB-250,9789049801885,nl,bookbrainz,title,MISSING,no
MB-250,9789049801885,nl,bookbrainz,subtitle,MISSING,no
MB-250,9789049801885,nl,bookbrainz,authors,MISSING,no
MB-250,9789049801885,nl,bookbrainz,language,MISSING,no
MB-250,9789049801885,nl,bookbrainz,publisher,MISSING,no
MB-250,9789049801885,nl,bookbrainz,publication_date,MISSING,no
MB-250,9789049801885,nl,bookbrainz,page_count,MISSING,no
MB-250,9789049801885,nl,bookbrainz,cover,MISSING,no
MB-250,9789049801885,nl,bookbrainz,work_link,MISSING,no
MB-250,9789049801885,nl,bookbrainz,series,MISSING,no
MB-250,9789049801885,nl,bookbrainz,series_position,MISSING,no
MB-250,9789049801885,nl,bookbrainz,subjects,MISSING,no
MB-251,9789051121650,nl,open_library,isbn_exact,MISSING,no
MB-251,9789051121650,nl,open_library,title,MISSING,no
MB-251,9789051121650,nl,open_library,subtitle,MISSING,no
MB-251,9789051121650,nl,open_library,authors,MISSING,no
MB-251,9789051121650,nl,open_library,language,MISSING,no
MB-251,9789051121650,nl,open_library,publisher,MISSING,no
MB-251,9789051121650,nl,open_library,publication_date,MISSING,no
MB-251,9789051121650,nl,open_library,page_count,MISSING,no
MB-251,9789051121650,nl,open_library,cover,MISSING,no
MB-251,9789051121650,nl,open_library,work_link,MISSING,no
MB-251,9789051121650,nl,open_library,series,MISSING,no
MB-251,9789051121650,nl,open_library,series_position,MISSING,no
MB-251,9789051121650,nl,open_library,subjects,MISSING,no
MB-251,9789051121650,nl,google_books,isbn_exact,CORRECT,no
MB-251,9789051121650,nl,google_books,title,CORRECT,no
MB-251,9789051121650,nl,google_books,subtitle,MISSING,no
MB-251,9789051121650,nl,google_books,authors,CORRECT,no
MB-251,9789051121650,nl,google_books,language,CORRECT,no
MB-251,9789051121650,nl,google_books,publisher,MISSING,no
MB-251,9789051121650,nl,google_books,publication_date,CORRECT,no
MB-251,9789051121650,nl,google_books,page_count,CORRECT,no
MB-251,9789051121650,nl,google_books,cover,MISSING,no
MB-251,9789051121650,nl,google_books,work_link,MISSING,no
MB-251,9789051121650,nl,google_books,series,MISSING,no
MB-251,9789051121650,nl,google_books,series_position,MISSING,no
MB-251,9789051121650,nl,google_books,subjects,MISSING,no
MB-251,9789051121650,nl,wikidata,isbn_exact,MISSING,no
MB-251,9789051121650,nl,wikidata,title,MISSING,no
MB-251,9789051121650,nl,wikidata,subtitle,MISSING,no
MB-251,9789051121650,nl,wikidata,authors,MISSING,no
MB-251,9789051121650,nl,wikidata,language,MISSING,no
MB-251,9789051121650,nl,wikidata,publisher,MISSING,no
MB-251,9789051121650,nl,wikidata,publication_date,MISSING,no
MB-251,9789051121650,nl,wikidata,page_count,MISSING,no
MB-251,9789051121650,nl,wikidata,cover,MISSING,no
MB-251,9789051121650,nl,wikidata,work_link,MISSING,no
MB-251,9789051121650,nl,wikidata,series,MISSING,no
MB-251,9789051121650,nl,wikidata,series_position,MISSING,no
MB-251,9789051121650,nl,wikidata,subjects,MISSING,no
MB-251,9789051121650,nl,bookbrainz,isbn_exact,MISSING,no
MB-251,9789051121650,nl,bookbrainz,title,MISSING,no
MB-251,9789051121650,nl,bookbrainz,subtitle,MISSING,no
MB-251,9789051121650,nl,bookbrainz,authors,MISSING,no
MB-251,9789051121650,nl,bookbrainz,language,MISSING,no
MB-251,9789051121650,nl,bookbrainz,publisher,MISSING,no
MB-251,9789051121650,nl,bookbrainz,publication_date,MISSING,no
MB-251,9789051121650,nl,bookbrainz,page_count,MISSING,no
MB-251,9789051121650,nl,bookbrainz,cover,MISSING,no
MB-251,9789051121650,nl,bookbrainz,work_link,MISSING,no
MB-251,9789051121650,nl,bookbrainz,series,MISSING,no
MB-251,9789051121650,nl,bookbrainz,series_position,MISSING,no
MB-251,9789051121650,nl,bookbrainz,subjects,MISSING,no
MB-252,9789052108735,nl,open_library,isbn_exact,MISSING,no
MB-252,9789052108735,nl,open_library,title,MISSING,no
MB-252,9789052108735,nl,open_library,subtitle,MISSING,no
MB-252,9789052108735,nl,open_library,authors,MISSING,no
MB-252,9789052108735,nl,open_library,language,MISSING,no
MB-252,9789052108735,nl,open_library,publisher,MISSING,no
MB-252,9789052108735,nl,open_library,publication_date,MISSING,no
MB-252,9789052108735,nl,open_library,page_count,MISSING,no
MB-252,9789052108735,nl,open_library,cover,MISSING,no
MB-252,9789052108735,nl,open_library,work_link,MISSING,no
MB-252,9789052108735,nl,open_library,series,MISSING,no
MB-252,9789052108735,nl,open_library,series_position,MISSING,no
MB-252,9789052108735,nl,open_library,subjects,MISSING,no
MB-252,9789052108735,nl,google_books,isbn_exact,CORRECT,no
MB-252,9789052108735,nl,google_books,title,CORRECT,no
MB-252,9789052108735,nl,google_books,subtitle,UNVERIFIABLE,no
MB-252,9789052108735,nl,google_books,authors,CORRECT,no
MB-252,9789052108735,nl,google_books,language,CORRECT,no
MB-252,9789052108735,nl,google_books,publisher,MISSING,no
MB-252,9789052108735,nl,google_books,publication_date,CORRECT,no
MB-252,9789052108735,nl,google_books,page_count,CORRECT,no
MB-252,9789052108735,nl,google_books,cover,MISSING,no
MB-252,9789052108735,nl,google_books,work_link,MISSING,no
MB-252,9789052108735,nl,google_books,series,MISSING,no
MB-252,9789052108735,nl,google_books,series_position,MISSING,no
MB-252,9789052108735,nl,google_books,subjects,MISSING,no
MB-252,9789052108735,nl,wikidata,isbn_exact,MISSING,no
MB-252,9789052108735,nl,wikidata,title,MISSING,no
MB-252,9789052108735,nl,wikidata,subtitle,MISSING,no
MB-252,9789052108735,nl,wikidata,authors,MISSING,no
MB-252,9789052108735,nl,wikidata,language,MISSING,no
MB-252,9789052108735,nl,wikidata,publisher,MISSING,no
MB-252,9789052108735,nl,wikidata,publication_date,MISSING,no
MB-252,9789052108735,nl,wikidata,page_count,MISSING,no
MB-252,9789052108735,nl,wikidata,cover,MISSING,no
MB-252,9789052108735,nl,wikidata,work_link,MISSING,no
MB-252,9789052108735,nl,wikidata,series,MISSING,no
MB-252,9789052108735,nl,wikidata,series_position,MISSING,no
MB-252,9789052108735,nl,wikidata,subjects,MISSING,no
MB-252,9789052108735,nl,bookbrainz,isbn_exact,MISSING,no
MB-252,9789052108735,nl,bookbrainz,title,MISSING,no
MB-252,9789052108735,nl,bookbrainz,subtitle,MISSING,no
MB-252,9789052108735,nl,bookbrainz,authors,MISSING,no
MB-252,9789052108735,nl,bookbrainz,language,MISSING,no
MB-252,9789052108735,nl,bookbrainz,publisher,MISSING,no
MB-252,9789052108735,nl,bookbrainz,publication_date,MISSING,no
MB-252,9789052108735,nl,bookbrainz,page_count,MISSING,no
MB-252,9789052108735,nl,bookbrainz,cover,MISSING,no
MB-252,9789052108735,nl,bookbrainz,work_link,MISSING,no
MB-252,9789052108735,nl,bookbrainz,series,MISSING,no
MB-252,9789052108735,nl,bookbrainz,series_position,MISSING,no
MB-252,9789052108735,nl,bookbrainz,subjects,MISSING,no
MB-253,9789058779083,nl,open_library,isbn_exact,MISSING,no
MB-253,9789058779083,nl,open_library,title,MISSING,no
MB-253,9789058779083,nl,open_library,subtitle,MISSING,no
MB-253,9789058779083,nl,open_library,authors,MISSING,no
MB-253,9789058779083,nl,open_library,language,MISSING,no
MB-253,9789058779083,nl,open_library,publisher,MISSING,no
MB-253,9789058779083,nl,open_library,publication_date,MISSING,no
MB-253,9789058779083,nl,open_library,page_count,MISSING,no
MB-253,9789058779083,nl,open_library,cover,MISSING,no
MB-253,9789058779083,nl,open_library,work_link,MISSING,no
MB-253,9789058779083,nl,open_library,series,MISSING,no
MB-253,9789058779083,nl,open_library,series_position,MISSING,no
MB-253,9789058779083,nl,open_library,subjects,MISSING,no
MB-253,9789058779083,nl,google_books,isbn_exact,CORRECT,no
MB-253,9789058779083,nl,google_books,title,CORRECT,no
MB-253,9789058779083,nl,google_books,subtitle,UNVERIFIABLE,no
MB-253,9789058779083,nl,google_books,authors,CORRECT,no
MB-253,9789058779083,nl,google_books,language,CORRECT,no
MB-253,9789058779083,nl,google_books,publisher,MISSING,no
MB-253,9789058779083,nl,google_books,publication_date,CORRECT,no
MB-253,9789058779083,nl,google_books,page_count,CORRECT,no
MB-253,9789058779083,nl,google_books,cover,MISSING,no
MB-253,9789058779083,nl,google_books,work_link,MISSING,no
MB-253,9789058779083,nl,google_books,series,MISSING,no
MB-253,9789058779083,nl,google_books,series_position,MISSING,no
MB-253,9789058779083,nl,google_books,subjects,MISSING,no
MB-253,9789058779083,nl,wikidata,isbn_exact,MISSING,no
MB-253,9789058779083,nl,wikidata,title,MISSING,no
MB-253,9789058779083,nl,wikidata,subtitle,MISSING,no
MB-253,9789058779083,nl,wikidata,authors,MISSING,no
MB-253,9789058779083,nl,wikidata,language,MISSING,no
MB-253,9789058779083,nl,wikidata,publisher,MISSING,no
MB-253,9789058779083,nl,wikidata,publication_date,MISSING,no
MB-253,9789058779083,nl,wikidata,page_count,MISSING,no
MB-253,9789058779083,nl,wikidata,cover,MISSING,no
MB-253,9789058779083,nl,wikidata,work_link,MISSING,no
MB-253,9789058779083,nl,wikidata,series,MISSING,no
MB-253,9789058779083,nl,wikidata,series_position,MISSING,no
MB-253,9789058779083,nl,wikidata,subjects,MISSING,no
MB-253,9789058779083,nl,bookbrainz,isbn_exact,MISSING,no
MB-253,9789058779083,nl,bookbrainz,title,MISSING,no
MB-253,9789058779083,nl,bookbrainz,subtitle,MISSING,no
MB-253,9789058779083,nl,bookbrainz,authors,MISSING,no
MB-253,9789058779083,nl,bookbrainz,language,MISSING,no
MB-253,9789058779083,nl,bookbrainz,publisher,MISSING,no
MB-253,9789058779083,nl,bookbrainz,publication_date,MISSING,no
MB-253,9789058779083,nl,bookbrainz,page_count,MISSING,no
MB-253,9789058779083,nl,bookbrainz,cover,MISSING,no
MB-253,9789058779083,nl,bookbrainz,work_link,MISSING,no
MB-253,9789058779083,nl,bookbrainz,series,MISSING,no
MB-253,9789058779083,nl,bookbrainz,series_position,MISSING,no
MB-253,9789058779083,nl,bookbrainz,subjects,MISSING,no
MB-254,9789059201392,nl,open_library,isbn_exact,MISSING,no
MB-254,9789059201392,nl,open_library,title,MISSING,no
MB-254,9789059201392,nl,open_library,subtitle,MISSING,no
MB-254,9789059201392,nl,open_library,authors,MISSING,no
MB-254,9789059201392,nl,open_library,language,MISSING,no
MB-254,9789059201392,nl,open_library,publisher,MISSING,no
MB-254,9789059201392,nl,open_library,publication_date,MISSING,no
MB-254,9789059201392,nl,open_library,page_count,MISSING,no
MB-254,9789059201392,nl,open_library,cover,MISSING,no
MB-254,9789059201392,nl,open_library,work_link,MISSING,no
MB-254,9789059201392,nl,open_library,series,MISSING,no
MB-254,9789059201392,nl,open_library,series_position,MISSING,no
MB-254,9789059201392,nl,open_library,subjects,MISSING,no
MB-254,9789059201392,nl,google_books,isbn_exact,CORRECT,no
MB-254,9789059201392,nl,google_books,title,CORRECT,no
MB-254,9789059201392,nl,google_books,subtitle,UNVERIFIABLE,no
MB-254,9789059201392,nl,google_books,authors,CORRECT,no
MB-254,9789059201392,nl,google_books,language,CORRECT,no
MB-254,9789059201392,nl,google_books,publisher,MISSING,no
MB-254,9789059201392,nl,google_books,publication_date,CORRECT,no
MB-254,9789059201392,nl,google_books,page_count,CORRECT,no
MB-254,9789059201392,nl,google_books,cover,MISSING,no
MB-254,9789059201392,nl,google_books,work_link,MISSING,no
MB-254,9789059201392,nl,google_books,series,MISSING,no
MB-254,9789059201392,nl,google_books,series_position,MISSING,no
MB-254,9789059201392,nl,google_books,subjects,MISSING,no
MB-254,9789059201392,nl,wikidata,isbn_exact,MISSING,no
MB-254,9789059201392,nl,wikidata,title,MISSING,no
MB-254,9789059201392,nl,wikidata,subtitle,MISSING,no
MB-254,9789059201392,nl,wikidata,authors,MISSING,no
MB-254,9789059201392,nl,wikidata,language,MISSING,no
MB-254,9789059201392,nl,wikidata,publisher,MISSING,no
MB-254,9789059201392,nl,wikidata,publication_date,MISSING,no
MB-254,9789059201392,nl,wikidata,page_count,MISSING,no
MB-254,9789059201392,nl,wikidata,cover,MISSING,no
MB-254,9789059201392,nl,wikidata,work_link,MISSING,no
MB-254,9789059201392,nl,wikidata,series,MISSING,no
MB-254,9789059201392,nl,wikidata,series_position,MISSING,no
MB-254,9789059201392,nl,wikidata,subjects,MISSING,no
MB-254,9789059201392,nl,bookbrainz,isbn_exact,MISSING,no
MB-254,9789059201392,nl,bookbrainz,title,MISSING,no
MB-254,9789059201392,nl,bookbrainz,subtitle,MISSING,no
MB-254,9789059201392,nl,bookbrainz,authors,MISSING,no
MB-254,9789059201392,nl,bookbrainz,language,MISSING,no
MB-254,9789059201392,nl,bookbrainz,publisher,MISSING,no
MB-254,9789059201392,nl,bookbrainz,publication_date,MISSING,no
MB-254,9789059201392,nl,bookbrainz,page_count,MISSING,no
MB-254,9789059201392,nl,bookbrainz,cover,MISSING,no
MB-254,9789059201392,nl,bookbrainz,work_link,MISSING,no
MB-254,9789059201392,nl,bookbrainz,series,MISSING,no
MB-254,9789059201392,nl,bookbrainz,series_position,MISSING,no
MB-254,9789059201392,nl,bookbrainz,subjects,MISSING,no
MB-255,9789059207646,nl,open_library,isbn_exact,MISSING,no
MB-255,9789059207646,nl,open_library,title,MISSING,no
MB-255,9789059207646,nl,open_library,subtitle,MISSING,no
MB-255,9789059207646,nl,open_library,authors,MISSING,no
MB-255,9789059207646,nl,open_library,language,MISSING,no
MB-255,9789059207646,nl,open_library,publisher,MISSING,no
MB-255,9789059207646,nl,open_library,publication_date,MISSING,no
MB-255,9789059207646,nl,open_library,page_count,MISSING,no
MB-255,9789059207646,nl,open_library,cover,MISSING,no
MB-255,9789059207646,nl,open_library,work_link,MISSING,no
MB-255,9789059207646,nl,open_library,series,MISSING,no
MB-255,9789059207646,nl,open_library,series_position,MISSING,no
MB-255,9789059207646,nl,open_library,subjects,MISSING,no
MB-255,9789059207646,nl,google_books,isbn_exact,CORRECT,no
MB-255,9789059207646,nl,google_books,title,CORRECT,no
MB-255,9789059207646,nl,google_books,subtitle,UNVERIFIABLE,no
MB-255,9789059207646,nl,google_books,authors,CORRECT,no
MB-255,9789059207646,nl,google_books,language,CORRECT,no
MB-255,9789059207646,nl,google_books,publisher,MISSING,no
MB-255,9789059207646,nl,google_books,publication_date,CORRECT,no
MB-255,9789059207646,nl,google_books,page_count,CORRECT,no
MB-255,9789059207646,nl,google_books,cover,CORRECT,no
MB-255,9789059207646,nl,google_books,work_link,MISSING,no
MB-255,9789059207646,nl,google_books,series,MISSING,no
MB-255,9789059207646,nl,google_books,series_position,MISSING,no
MB-255,9789059207646,nl,google_books,subjects,MISSING,no
MB-255,9789059207646,nl,wikidata,isbn_exact,MISSING,no
MB-255,9789059207646,nl,wikidata,title,MISSING,no
MB-255,9789059207646,nl,wikidata,subtitle,MISSING,no
MB-255,9789059207646,nl,wikidata,authors,MISSING,no
MB-255,9789059207646,nl,wikidata,language,MISSING,no
MB-255,9789059207646,nl,wikidata,publisher,MISSING,no
MB-255,9789059207646,nl,wikidata,publication_date,MISSING,no
MB-255,9789059207646,nl,wikidata,page_count,MISSING,no
MB-255,9789059207646,nl,wikidata,cover,MISSING,no
MB-255,9789059207646,nl,wikidata,work_link,MISSING,no
MB-255,9789059207646,nl,wikidata,series,MISSING,no
MB-255,9789059207646,nl,wikidata,series_position,MISSING,no
MB-255,9789059207646,nl,wikidata,subjects,MISSING,no
MB-255,9789059207646,nl,bookbrainz,isbn_exact,MISSING,no
MB-255,9789059207646,nl,bookbrainz,title,MISSING,no
MB-255,9789059207646,nl,bookbrainz,subtitle,MISSING,no
MB-255,9789059207646,nl,bookbrainz,authors,MISSING,no
MB-255,9789059207646,nl,bookbrainz,language,MISSING,no
MB-255,9789059207646,nl,bookbrainz,publisher,MISSING,no
MB-255,9789059207646,nl,bookbrainz,publication_date,MISSING,no
MB-255,9789059207646,nl,bookbrainz,page_count,MISSING,no
MB-255,9789059207646,nl,bookbrainz,cover,MISSING,no
MB-255,9789059207646,nl,bookbrainz,work_link,MISSING,no
MB-255,9789059207646,nl,bookbrainz,series,MISSING,no
MB-255,9789059207646,nl,bookbrainz,series_position,MISSING,no
MB-255,9789059207646,nl,bookbrainz,subjects,MISSING,no
MB-256,9789059567344,nl,open_library,isbn_exact,MISSING,no
MB-256,9789059567344,nl,open_library,title,MISSING,no
MB-256,9789059567344,nl,open_library,subtitle,MISSING,no
MB-256,9789059567344,nl,open_library,authors,MISSING,no
MB-256,9789059567344,nl,open_library,language,MISSING,no
MB-256,9789059567344,nl,open_library,publisher,MISSING,no
MB-256,9789059567344,nl,open_library,publication_date,MISSING,no
MB-256,9789059567344,nl,open_library,page_count,MISSING,no
MB-256,9789059567344,nl,open_library,cover,MISSING,no
MB-256,9789059567344,nl,open_library,work_link,MISSING,no
MB-256,9789059567344,nl,open_library,series,MISSING,no
MB-256,9789059567344,nl,open_library,series_position,MISSING,no
MB-256,9789059567344,nl,open_library,subjects,MISSING,no
MB-256,9789059567344,nl,google_books,isbn_exact,CORRECT,no
MB-256,9789059567344,nl,google_books,title,CORRECT,no
MB-256,9789059567344,nl,google_books,subtitle,MISSING,no
MB-256,9789059567344,nl,google_books,authors,CORRECT,no
MB-256,9789059567344,nl,google_books,language,CORRECT,no
MB-256,9789059567344,nl,google_books,publisher,MISSING,no
MB-256,9789059567344,nl,google_books,publication_date,CORRECT,no
MB-256,9789059567344,nl,google_books,page_count,MISSING,no
MB-256,9789059567344,nl,google_books,cover,MISSING,no
MB-256,9789059567344,nl,google_books,work_link,MISSING,no
MB-256,9789059567344,nl,google_books,series,MISSING,no
MB-256,9789059567344,nl,google_books,series_position,MISSING,no
MB-256,9789059567344,nl,google_books,subjects,MISSING,no
MB-256,9789059567344,nl,wikidata,isbn_exact,MISSING,no
MB-256,9789059567344,nl,wikidata,title,MISSING,no
MB-256,9789059567344,nl,wikidata,subtitle,MISSING,no
MB-256,9789059567344,nl,wikidata,authors,MISSING,no
MB-256,9789059567344,nl,wikidata,language,MISSING,no
MB-256,9789059567344,nl,wikidata,publisher,MISSING,no
MB-256,9789059567344,nl,wikidata,publication_date,MISSING,no
MB-256,9789059567344,nl,wikidata,page_count,MISSING,no
MB-256,9789059567344,nl,wikidata,cover,MISSING,no
MB-256,9789059567344,nl,wikidata,work_link,MISSING,no
MB-256,9789059567344,nl,wikidata,series,MISSING,no
MB-256,9789059567344,nl,wikidata,series_position,MISSING,no
MB-256,9789059567344,nl,wikidata,subjects,MISSING,no
MB-256,9789059567344,nl,bookbrainz,isbn_exact,MISSING,no
MB-256,9789059567344,nl,bookbrainz,title,MISSING,no
MB-256,9789059567344,nl,bookbrainz,subtitle,MISSING,no
MB-256,9789059567344,nl,bookbrainz,authors,MISSING,no
MB-256,9789059567344,nl,bookbrainz,language,MISSING,no
MB-256,9789059567344,nl,bookbrainz,publisher,MISSING,no
MB-256,9789059567344,nl,bookbrainz,publication_date,MISSING,no
MB-256,9789059567344,nl,bookbrainz,page_count,MISSING,no
MB-256,9789059567344,nl,bookbrainz,cover,MISSING,no
MB-256,9789059567344,nl,bookbrainz,work_link,MISSING,no
MB-256,9789059567344,nl,bookbrainz,series,MISSING,no
MB-256,9789059567344,nl,bookbrainz,series_position,MISSING,no
MB-256,9789059567344,nl,bookbrainz,subjects,MISSING,no
MB-257,9789060139684,nl,open_library,isbn_exact,MISSING,no
MB-257,9789060139684,nl,open_library,title,MISSING,no
MB-257,9789060139684,nl,open_library,subtitle,MISSING,no
MB-257,9789060139684,nl,open_library,authors,MISSING,no
MB-257,9789060139684,nl,open_library,language,MISSING,no
MB-257,9789060139684,nl,open_library,publisher,MISSING,no
MB-257,9789060139684,nl,open_library,publication_date,MISSING,no
MB-257,9789060139684,nl,open_library,page_count,MISSING,no
MB-257,9789060139684,nl,open_library,cover,MISSING,no
MB-257,9789060139684,nl,open_library,work_link,MISSING,no
MB-257,9789060139684,nl,open_library,series,MISSING,no
MB-257,9789060139684,nl,open_library,series_position,MISSING,no
MB-257,9789060139684,nl,open_library,subjects,MISSING,no
MB-257,9789060139684,nl,google_books,isbn_exact,CORRECT,no
MB-257,9789060139684,nl,google_books,title,CORRECT,no
MB-257,9789060139684,nl,google_books,subtitle,UNVERIFIABLE,no
MB-257,9789060139684,nl,google_books,authors,CORRECT,no
MB-257,9789060139684,nl,google_books,language,CORRECT,no
MB-257,9789060139684,nl,google_books,publisher,MISSING,no
MB-257,9789060139684,nl,google_books,publication_date,CORRECT,no
MB-257,9789060139684,nl,google_books,page_count,CORRECT,no
MB-257,9789060139684,nl,google_books,cover,MISSING,no
MB-257,9789060139684,nl,google_books,work_link,MISSING,no
MB-257,9789060139684,nl,google_books,series,MISSING,no
MB-257,9789060139684,nl,google_books,series_position,MISSING,no
MB-257,9789060139684,nl,google_books,subjects,MISSING,no
MB-257,9789060139684,nl,wikidata,isbn_exact,MISSING,no
MB-257,9789060139684,nl,wikidata,title,MISSING,no
MB-257,9789060139684,nl,wikidata,subtitle,MISSING,no
MB-257,9789060139684,nl,wikidata,authors,MISSING,no
MB-257,9789060139684,nl,wikidata,language,MISSING,no
MB-257,9789060139684,nl,wikidata,publisher,MISSING,no
MB-257,9789060139684,nl,wikidata,publication_date,MISSING,no
MB-257,9789060139684,nl,wikidata,page_count,MISSING,no
MB-257,9789060139684,nl,wikidata,cover,MISSING,no
MB-257,9789060139684,nl,wikidata,work_link,MISSING,no
MB-257,9789060139684,nl,wikidata,series,MISSING,no
MB-257,9789060139684,nl,wikidata,series_position,MISSING,no
MB-257,9789060139684,nl,wikidata,subjects,MISSING,no
MB-257,9789060139684,nl,bookbrainz,isbn_exact,MISSING,no
MB-257,9789060139684,nl,bookbrainz,title,MISSING,no
MB-257,9789060139684,nl,bookbrainz,subtitle,MISSING,no
MB-257,9789060139684,nl,bookbrainz,authors,MISSING,no
MB-257,9789060139684,nl,bookbrainz,language,MISSING,no
MB-257,9789060139684,nl,bookbrainz,publisher,MISSING,no
MB-257,9789060139684,nl,bookbrainz,publication_date,MISSING,no
MB-257,9789060139684,nl,bookbrainz,page_count,MISSING,no
MB-257,9789060139684,nl,bookbrainz,cover,MISSING,no
MB-257,9789060139684,nl,bookbrainz,work_link,MISSING,no
MB-257,9789060139684,nl,bookbrainz,series,MISSING,no
MB-257,9789060139684,nl,bookbrainz,series_position,MISSING,no
MB-257,9789060139684,nl,bookbrainz,subjects,MISSING,no
MB-258,9789074108492,nl,open_library,isbn_exact,MISSING,no
MB-258,9789074108492,nl,open_library,title,MISSING,no
MB-258,9789074108492,nl,open_library,subtitle,MISSING,no
MB-258,9789074108492,nl,open_library,authors,MISSING,no
MB-258,9789074108492,nl,open_library,language,MISSING,no
MB-258,9789074108492,nl,open_library,publisher,MISSING,no
MB-258,9789074108492,nl,open_library,publication_date,MISSING,no
MB-258,9789074108492,nl,open_library,page_count,MISSING,no
MB-258,9789074108492,nl,open_library,cover,MISSING,no
MB-258,9789074108492,nl,open_library,work_link,MISSING,no
MB-258,9789074108492,nl,open_library,series,MISSING,no
MB-258,9789074108492,nl,open_library,series_position,MISSING,no
MB-258,9789074108492,nl,open_library,subjects,MISSING,no
MB-258,9789074108492,nl,google_books,isbn_exact,CORRECT,no
MB-258,9789074108492,nl,google_books,title,CORRECT,no
MB-258,9789074108492,nl,google_books,subtitle,UNVERIFIABLE,no
MB-258,9789074108492,nl,google_books,authors,CORRECT,no
MB-258,9789074108492,nl,google_books,language,CORRECT,no
MB-258,9789074108492,nl,google_books,publisher,MISSING,no
MB-258,9789074108492,nl,google_books,publication_date,CORRECT,no
MB-258,9789074108492,nl,google_books,page_count,CORRECT,no
MB-258,9789074108492,nl,google_books,cover,MISSING,no
MB-258,9789074108492,nl,google_books,work_link,MISSING,no
MB-258,9789074108492,nl,google_books,series,MISSING,no
MB-258,9789074108492,nl,google_books,series_position,MISSING,no
MB-258,9789074108492,nl,google_books,subjects,MISSING,no
MB-258,9789074108492,nl,wikidata,isbn_exact,MISSING,no
MB-258,9789074108492,nl,wikidata,title,MISSING,no
MB-258,9789074108492,nl,wikidata,subtitle,MISSING,no
MB-258,9789074108492,nl,wikidata,authors,MISSING,no
MB-258,9789074108492,nl,wikidata,language,MISSING,no
MB-258,9789074108492,nl,wikidata,publisher,MISSING,no
MB-258,9789074108492,nl,wikidata,publication_date,MISSING,no
MB-258,9789074108492,nl,wikidata,page_count,MISSING,no
MB-258,9789074108492,nl,wikidata,cover,MISSING,no
MB-258,9789074108492,nl,wikidata,work_link,MISSING,no
MB-258,9789074108492,nl,wikidata,series,MISSING,no
MB-258,9789074108492,nl,wikidata,series_position,MISSING,no
MB-258,9789074108492,nl,wikidata,subjects,MISSING,no
MB-258,9789074108492,nl,bookbrainz,isbn_exact,MISSING,no
MB-258,9789074108492,nl,bookbrainz,title,MISSING,no
MB-258,9789074108492,nl,bookbrainz,subtitle,MISSING,no
MB-258,9789074108492,nl,bookbrainz,authors,MISSING,no
MB-258,9789074108492,nl,bookbrainz,language,MISSING,no
MB-258,9789074108492,nl,bookbrainz,publisher,MISSING,no
MB-258,9789074108492,nl,bookbrainz,publication_date,MISSING,no
MB-258,9789074108492,nl,bookbrainz,page_count,MISSING,no
MB-258,9789074108492,nl,bookbrainz,cover,MISSING,no
MB-258,9789074108492,nl,bookbrainz,work_link,MISSING,no
MB-258,9789074108492,nl,bookbrainz,series,MISSING,no
MB-258,9789074108492,nl,bookbrainz,series_position,MISSING,no
MB-258,9789074108492,nl,bookbrainz,subjects,MISSING,no
MB-259,9789080671324,nl,open_library,isbn_exact,MISSING,no
MB-259,9789080671324,nl,open_library,title,MISSING,no
MB-259,9789080671324,nl,open_library,subtitle,MISSING,no
MB-259,9789080671324,nl,open_library,authors,MISSING,no
MB-259,9789080671324,nl,open_library,language,MISSING,no
MB-259,9789080671324,nl,open_library,publisher,MISSING,no
MB-259,9789080671324,nl,open_library,publication_date,MISSING,no
MB-259,9789080671324,nl,open_library,page_count,MISSING,no
MB-259,9789080671324,nl,open_library,cover,MISSING,no
MB-259,9789080671324,nl,open_library,work_link,MISSING,no
MB-259,9789080671324,nl,open_library,series,MISSING,no
MB-259,9789080671324,nl,open_library,series_position,MISSING,no
MB-259,9789080671324,nl,open_library,subjects,MISSING,no
MB-259,9789080671324,nl,google_books,isbn_exact,CORRECT,no
MB-259,9789080671324,nl,google_books,title,CORRECT,no
MB-259,9789080671324,nl,google_books,subtitle,UNVERIFIABLE,no
MB-259,9789080671324,nl,google_books,authors,CORRECT,no
MB-259,9789080671324,nl,google_books,language,CORRECT,no
MB-259,9789080671324,nl,google_books,publisher,MISSING,no
MB-259,9789080671324,nl,google_books,publication_date,CORRECT,no
MB-259,9789080671324,nl,google_books,page_count,CORRECT,no
MB-259,9789080671324,nl,google_books,cover,MISSING,no
MB-259,9789080671324,nl,google_books,work_link,MISSING,no
MB-259,9789080671324,nl,google_books,series,MISSING,no
MB-259,9789080671324,nl,google_books,series_position,MISSING,no
MB-259,9789080671324,nl,google_books,subjects,CORRECT,no
MB-259,9789080671324,nl,wikidata,isbn_exact,MISSING,no
MB-259,9789080671324,nl,wikidata,title,MISSING,no
MB-259,9789080671324,nl,wikidata,subtitle,MISSING,no
MB-259,9789080671324,nl,wikidata,authors,MISSING,no
MB-259,9789080671324,nl,wikidata,language,MISSING,no
MB-259,9789080671324,nl,wikidata,publisher,MISSING,no
MB-259,9789080671324,nl,wikidata,publication_date,MISSING,no
MB-259,9789080671324,nl,wikidata,page_count,MISSING,no
MB-259,9789080671324,nl,wikidata,cover,MISSING,no
MB-259,9789080671324,nl,wikidata,work_link,MISSING,no
MB-259,9789080671324,nl,wikidata,series,MISSING,no
MB-259,9789080671324,nl,wikidata,series_position,MISSING,no
MB-259,9789080671324,nl,wikidata,subjects,MISSING,no
MB-259,9789080671324,nl,bookbrainz,isbn_exact,MISSING,no
MB-259,9789080671324,nl,bookbrainz,title,MISSING,no
MB-259,9789080671324,nl,bookbrainz,subtitle,MISSING,no
MB-259,9789080671324,nl,bookbrainz,authors,MISSING,no
MB-259,9789080671324,nl,bookbrainz,language,MISSING,no
MB-259,9789080671324,nl,bookbrainz,publisher,MISSING,no
MB-259,9789080671324,nl,bookbrainz,publication_date,MISSING,no
MB-259,9789080671324,nl,bookbrainz,page_count,MISSING,no
MB-259,9789080671324,nl,bookbrainz,cover,MISSING,no
MB-259,9789080671324,nl,bookbrainz,work_link,MISSING,no
MB-259,9789080671324,nl,bookbrainz,series,MISSING,no
MB-259,9789080671324,nl,bookbrainz,series_position,MISSING,no
MB-259,9789080671324,nl,bookbrainz,subjects,MISSING,no
MB-260,9789081821537,nl,open_library,isbn_exact,MISSING,no
MB-260,9789081821537,nl,open_library,title,MISSING,no
MB-260,9789081821537,nl,open_library,subtitle,MISSING,no
MB-260,9789081821537,nl,open_library,authors,MISSING,no
MB-260,9789081821537,nl,open_library,language,MISSING,no
MB-260,9789081821537,nl,open_library,publisher,MISSING,no
MB-260,9789081821537,nl,open_library,publication_date,MISSING,no
MB-260,9789081821537,nl,open_library,page_count,MISSING,no
MB-260,9789081821537,nl,open_library,cover,MISSING,no
MB-260,9789081821537,nl,open_library,work_link,MISSING,no
MB-260,9789081821537,nl,open_library,series,MISSING,no
MB-260,9789081821537,nl,open_library,series_position,MISSING,no
MB-260,9789081821537,nl,open_library,subjects,MISSING,no
MB-260,9789081821537,nl,google_books,isbn_exact,CORRECT,no
MB-260,9789081821537,nl,google_books,title,CORRECT,no
MB-260,9789081821537,nl,google_books,subtitle,UNVERIFIABLE,no
MB-260,9789081821537,nl,google_books,authors,CORRECT,no
MB-260,9789081821537,nl,google_books,language,CORRECT,no
MB-260,9789081821537,nl,google_books,publisher,MISSING,no
MB-260,9789081821537,nl,google_books,publication_date,CORRECT,no
MB-260,9789081821537,nl,google_books,page_count,MISSING,no
MB-260,9789081821537,nl,google_books,cover,MISSING,no
MB-260,9789081821537,nl,google_books,work_link,MISSING,no
MB-260,9789081821537,nl,google_books,series,MISSING,no
MB-260,9789081821537,nl,google_books,series_position,MISSING,no
MB-260,9789081821537,nl,google_books,subjects,MISSING,no
MB-260,9789081821537,nl,wikidata,isbn_exact,MISSING,no
MB-260,9789081821537,nl,wikidata,title,MISSING,no
MB-260,9789081821537,nl,wikidata,subtitle,MISSING,no
MB-260,9789081821537,nl,wikidata,authors,MISSING,no
MB-260,9789081821537,nl,wikidata,language,MISSING,no
MB-260,9789081821537,nl,wikidata,publisher,MISSING,no
MB-260,9789081821537,nl,wikidata,publication_date,MISSING,no
MB-260,9789081821537,nl,wikidata,page_count,MISSING,no
MB-260,9789081821537,nl,wikidata,cover,MISSING,no
MB-260,9789081821537,nl,wikidata,work_link,MISSING,no
MB-260,9789081821537,nl,wikidata,series,MISSING,no
MB-260,9789081821537,nl,wikidata,series_position,MISSING,no
MB-260,9789081821537,nl,wikidata,subjects,MISSING,no
MB-260,9789081821537,nl,bookbrainz,isbn_exact,MISSING,no
MB-260,9789081821537,nl,bookbrainz,title,MISSING,no
MB-260,9789081821537,nl,bookbrainz,subtitle,MISSING,no
MB-260,9789081821537,nl,bookbrainz,authors,MISSING,no
MB-260,9789081821537,nl,bookbrainz,language,MISSING,no
MB-260,9789081821537,nl,bookbrainz,publisher,MISSING,no
MB-260,9789081821537,nl,bookbrainz,publication_date,MISSING,no
MB-260,9789081821537,nl,bookbrainz,page_count,MISSING,no
MB-260,9789081821537,nl,bookbrainz,cover,MISSING,no
MB-260,9789081821537,nl,bookbrainz,work_link,MISSING,no
MB-260,9789081821537,nl,bookbrainz,series,MISSING,no
MB-260,9789081821537,nl,bookbrainz,series_position,MISSING,no
MB-260,9789081821537,nl,bookbrainz,subjects,MISSING,no
MB-261,9789081954402,nl,open_library,isbn_exact,MISSING,no
MB-261,9789081954402,nl,open_library,title,MISSING,no
MB-261,9789081954402,nl,open_library,subtitle,MISSING,no
MB-261,9789081954402,nl,open_library,authors,MISSING,no
MB-261,9789081954402,nl,open_library,language,MISSING,no
MB-261,9789081954402,nl,open_library,publisher,MISSING,no
MB-261,9789081954402,nl,open_library,publication_date,MISSING,no
MB-261,9789081954402,nl,open_library,page_count,MISSING,no
MB-261,9789081954402,nl,open_library,cover,MISSING,no
MB-261,9789081954402,nl,open_library,work_link,MISSING,no
MB-261,9789081954402,nl,open_library,series,MISSING,no
MB-261,9789081954402,nl,open_library,series_position,MISSING,no
MB-261,9789081954402,nl,open_library,subjects,MISSING,no
MB-261,9789081954402,nl,google_books,isbn_exact,CORRECT,no
MB-261,9789081954402,nl,google_books,title,CORRECT,no
MB-261,9789081954402,nl,google_books,subtitle,MISSING,no
MB-261,9789081954402,nl,google_books,authors,CORRECT,no
MB-261,9789081954402,nl,google_books,language,CORRECT,no
MB-261,9789081954402,nl,google_books,publisher,MISSING,no
MB-261,9789081954402,nl,google_books,publication_date,CORRECT,no
MB-261,9789081954402,nl,google_books,page_count,CORRECT,no
MB-261,9789081954402,nl,google_books,cover,MISSING,no
MB-261,9789081954402,nl,google_books,work_link,MISSING,no
MB-261,9789081954402,nl,google_books,series,MISSING,no
MB-261,9789081954402,nl,google_books,series_position,MISSING,no
MB-261,9789081954402,nl,google_books,subjects,MISSING,no
MB-261,9789081954402,nl,wikidata,isbn_exact,MISSING,no
MB-261,9789081954402,nl,wikidata,title,MISSING,no
MB-261,9789081954402,nl,wikidata,subtitle,MISSING,no
MB-261,9789081954402,nl,wikidata,authors,MISSING,no
MB-261,9789081954402,nl,wikidata,language,MISSING,no
MB-261,9789081954402,nl,wikidata,publisher,MISSING,no
MB-261,9789081954402,nl,wikidata,publication_date,MISSING,no
MB-261,9789081954402,nl,wikidata,page_count,MISSING,no
MB-261,9789081954402,nl,wikidata,cover,MISSING,no
MB-261,9789081954402,nl,wikidata,work_link,MISSING,no
MB-261,9789081954402,nl,wikidata,series,MISSING,no
MB-261,9789081954402,nl,wikidata,series_position,MISSING,no
MB-261,9789081954402,nl,wikidata,subjects,MISSING,no
MB-261,9789081954402,nl,bookbrainz,isbn_exact,MISSING,no
MB-261,9789081954402,nl,bookbrainz,title,MISSING,no
MB-261,9789081954402,nl,bookbrainz,subtitle,MISSING,no
MB-261,9789081954402,nl,bookbrainz,authors,MISSING,no
MB-261,9789081954402,nl,bookbrainz,language,MISSING,no
MB-261,9789081954402,nl,bookbrainz,publisher,MISSING,no
MB-261,9789081954402,nl,bookbrainz,publication_date,MISSING,no
MB-261,9789081954402,nl,bookbrainz,page_count,MISSING,no
MB-261,9789081954402,nl,bookbrainz,cover,MISSING,no
MB-261,9789081954402,nl,bookbrainz,work_link,MISSING,no
MB-261,9789081954402,nl,bookbrainz,series,MISSING,no
MB-261,9789081954402,nl,bookbrainz,series_position,MISSING,no
MB-261,9789081954402,nl,bookbrainz,subjects,MISSING,no
MB-262,9789082881202,nl,open_library,isbn_exact,CORRECT,no
MB-262,9789082881202,nl,open_library,title,CORRECT,no
MB-262,9789082881202,nl,open_library,subtitle,UNVERIFIABLE,no
MB-262,9789082881202,nl,open_library,authors,MISSING,no
MB-262,9789082881202,nl,open_library,language,CORRECT,no
MB-262,9789082881202,nl,open_library,publisher,CORRECT,no
MB-262,9789082881202,nl,open_library,publication_date,CORRECT,no
MB-262,9789082881202,nl,open_library,page_count,CORRECT,no
MB-262,9789082881202,nl,open_library,cover,MISSING,no
MB-262,9789082881202,nl,open_library,work_link,CORRECT,no
MB-262,9789082881202,nl,open_library,series,MISSING,no
MB-262,9789082881202,nl,open_library,series_position,MISSING,no
MB-262,9789082881202,nl,open_library,subjects,MISSING,no
MB-262,9789082881202,nl,google_books,isbn_exact,CORRECT,no
MB-262,9789082881202,nl,google_books,title,CORRECT,no
MB-262,9789082881202,nl,google_books,subtitle,UNVERIFIABLE,no
MB-262,9789082881202,nl,google_books,authors,CORRECT,no
MB-262,9789082881202,nl,google_books,language,CORRECT,no
MB-262,9789082881202,nl,google_books,publisher,MISSING,no
MB-262,9789082881202,nl,google_books,publication_date,CORRECT,no
MB-262,9789082881202,nl,google_books,page_count,MISSING,no
MB-262,9789082881202,nl,google_books,cover,MISSING,no
MB-262,9789082881202,nl,google_books,work_link,MISSING,no
MB-262,9789082881202,nl,google_books,series,MISSING,no
MB-262,9789082881202,nl,google_books,series_position,MISSING,no
MB-262,9789082881202,nl,google_books,subjects,MISSING,no
MB-262,9789082881202,nl,wikidata,isbn_exact,MISSING,no
MB-262,9789082881202,nl,wikidata,title,MISSING,no
MB-262,9789082881202,nl,wikidata,subtitle,MISSING,no
MB-262,9789082881202,nl,wikidata,authors,MISSING,no
MB-262,9789082881202,nl,wikidata,language,MISSING,no
MB-262,9789082881202,nl,wikidata,publisher,MISSING,no
MB-262,9789082881202,nl,wikidata,publication_date,MISSING,no
MB-262,9789082881202,nl,wikidata,page_count,MISSING,no
MB-262,9789082881202,nl,wikidata,cover,MISSING,no
MB-262,9789082881202,nl,wikidata,work_link,MISSING,no
MB-262,9789082881202,nl,wikidata,series,MISSING,no
MB-262,9789082881202,nl,wikidata,series_position,MISSING,no
MB-262,9789082881202,nl,wikidata,subjects,MISSING,no
MB-262,9789082881202,nl,bookbrainz,isbn_exact,MISSING,no
MB-262,9789082881202,nl,bookbrainz,title,MISSING,no
MB-262,9789082881202,nl,bookbrainz,subtitle,MISSING,no
MB-262,9789082881202,nl,bookbrainz,authors,MISSING,no
MB-262,9789082881202,nl,bookbrainz,language,MISSING,no
MB-262,9789082881202,nl,bookbrainz,publisher,MISSING,no
MB-262,9789082881202,nl,bookbrainz,publication_date,MISSING,no
MB-262,9789082881202,nl,bookbrainz,page_count,MISSING,no
MB-262,9789082881202,nl,bookbrainz,cover,MISSING,no
MB-262,9789082881202,nl,bookbrainz,work_link,MISSING,no
MB-262,9789082881202,nl,bookbrainz,series,MISSING,no
MB-262,9789082881202,nl,bookbrainz,series_position,MISSING,no
MB-262,9789082881202,nl,bookbrainz,subjects,MISSING,no
MB-263,9789083014869,nl,open_library,isbn_exact,MISSING,no
MB-263,9789083014869,nl,open_library,title,MISSING,no
MB-263,9789083014869,nl,open_library,subtitle,MISSING,no
MB-263,9789083014869,nl,open_library,authors,MISSING,no
MB-263,9789083014869,nl,open_library,language,MISSING,no
MB-263,9789083014869,nl,open_library,publisher,MISSING,no
MB-263,9789083014869,nl,open_library,publication_date,MISSING,no
MB-263,9789083014869,nl,open_library,page_count,MISSING,no
MB-263,9789083014869,nl,open_library,cover,MISSING,no
MB-263,9789083014869,nl,open_library,work_link,MISSING,no
MB-263,9789083014869,nl,open_library,series,MISSING,no
MB-263,9789083014869,nl,open_library,series_position,MISSING,no
MB-263,9789083014869,nl,open_library,subjects,MISSING,no
MB-263,9789083014869,nl,google_books,isbn_exact,CORRECT,no
MB-263,9789083014869,nl,google_books,title,CORRECT,no
MB-263,9789083014869,nl,google_books,subtitle,MISSING,no
MB-263,9789083014869,nl,google_books,authors,CORRECT,no
MB-263,9789083014869,nl,google_books,language,CORRECT,no
MB-263,9789083014869,nl,google_books,publisher,MISSING,no
MB-263,9789083014869,nl,google_books,publication_date,CORRECT,no
MB-263,9789083014869,nl,google_books,page_count,CORRECT,no
MB-263,9789083014869,nl,google_books,cover,MISSING,no
MB-263,9789083014869,nl,google_books,work_link,MISSING,no
MB-263,9789083014869,nl,google_books,series,MISSING,no
MB-263,9789083014869,nl,google_books,series_position,MISSING,no
MB-263,9789083014869,nl,google_books,subjects,MISSING,no
MB-263,9789083014869,nl,wikidata,isbn_exact,MISSING,no
MB-263,9789083014869,nl,wikidata,title,MISSING,no
MB-263,9789083014869,nl,wikidata,subtitle,MISSING,no
MB-263,9789083014869,nl,wikidata,authors,MISSING,no
MB-263,9789083014869,nl,wikidata,language,MISSING,no
MB-263,9789083014869,nl,wikidata,publisher,MISSING,no
MB-263,9789083014869,nl,wikidata,publication_date,MISSING,no
MB-263,9789083014869,nl,wikidata,page_count,MISSING,no
MB-263,9789083014869,nl,wikidata,cover,MISSING,no
MB-263,9789083014869,nl,wikidata,work_link,MISSING,no
MB-263,9789083014869,nl,wikidata,series,MISSING,no
MB-263,9789083014869,nl,wikidata,series_position,MISSING,no
MB-263,9789083014869,nl,wikidata,subjects,MISSING,no
MB-263,9789083014869,nl,bookbrainz,isbn_exact,MISSING,no
MB-263,9789083014869,nl,bookbrainz,title,MISSING,no
MB-263,9789083014869,nl,bookbrainz,subtitle,MISSING,no
MB-263,9789083014869,nl,bookbrainz,authors,MISSING,no
MB-263,9789083014869,nl,bookbrainz,language,MISSING,no
MB-263,9789083014869,nl,bookbrainz,publisher,MISSING,no
MB-263,9789083014869,nl,bookbrainz,publication_date,MISSING,no
MB-263,9789083014869,nl,bookbrainz,page_count,MISSING,no
MB-263,9789083014869,nl,bookbrainz,cover,MISSING,no
MB-263,9789083014869,nl,bookbrainz,work_link,MISSING,no
MB-263,9789083014869,nl,bookbrainz,series,MISSING,no
MB-263,9789083014869,nl,bookbrainz,series_position,MISSING,no
MB-263,9789083014869,nl,bookbrainz,subjects,MISSING,no
MB-264,9789462972001,nl,open_library,isbn_exact,MISSING,no
MB-264,9789462972001,nl,open_library,title,MISSING,no
MB-264,9789462972001,nl,open_library,subtitle,MISSING,no
MB-264,9789462972001,nl,open_library,authors,MISSING,no
MB-264,9789462972001,nl,open_library,language,MISSING,no
MB-264,9789462972001,nl,open_library,publisher,MISSING,no
MB-264,9789462972001,nl,open_library,publication_date,MISSING,no
MB-264,9789462972001,nl,open_library,page_count,MISSING,no
MB-264,9789462972001,nl,open_library,cover,MISSING,no
MB-264,9789462972001,nl,open_library,work_link,MISSING,no
MB-264,9789462972001,nl,open_library,series,MISSING,no
MB-264,9789462972001,nl,open_library,series_position,MISSING,no
MB-264,9789462972001,nl,open_library,subjects,MISSING,no
MB-264,9789462972001,nl,google_books,isbn_exact,CORRECT,no
MB-264,9789462972001,nl,google_books,title,CORRECT,no
MB-264,9789462972001,nl,google_books,subtitle,MISSING,no
MB-264,9789462972001,nl,google_books,authors,CORRECT,no
MB-264,9789462972001,nl,google_books,language,CORRECT,no
MB-264,9789462972001,nl,google_books,publisher,MISSING,no
MB-264,9789462972001,nl,google_books,publication_date,CORRECT,no
MB-264,9789462972001,nl,google_books,page_count,CORRECT,no
MB-264,9789462972001,nl,google_books,cover,MISSING,no
MB-264,9789462972001,nl,google_books,work_link,MISSING,no
MB-264,9789462972001,nl,google_books,series,MISSING,no
MB-264,9789462972001,nl,google_books,series_position,MISSING,no
MB-264,9789462972001,nl,google_books,subjects,MISSING,no
MB-264,9789462972001,nl,wikidata,isbn_exact,MISSING,no
MB-264,9789462972001,nl,wikidata,title,MISSING,no
MB-264,9789462972001,nl,wikidata,subtitle,MISSING,no
MB-264,9789462972001,nl,wikidata,authors,MISSING,no
MB-264,9789462972001,nl,wikidata,language,MISSING,no
MB-264,9789462972001,nl,wikidata,publisher,MISSING,no
MB-264,9789462972001,nl,wikidata,publication_date,MISSING,no
MB-264,9789462972001,nl,wikidata,page_count,MISSING,no
MB-264,9789462972001,nl,wikidata,cover,MISSING,no
MB-264,9789462972001,nl,wikidata,work_link,MISSING,no
MB-264,9789462972001,nl,wikidata,series,MISSING,no
MB-264,9789462972001,nl,wikidata,series_position,MISSING,no
MB-264,9789462972001,nl,wikidata,subjects,MISSING,no
MB-264,9789462972001,nl,bookbrainz,isbn_exact,MISSING,no
MB-264,9789462972001,nl,bookbrainz,title,MISSING,no
MB-264,9789462972001,nl,bookbrainz,subtitle,MISSING,no
MB-264,9789462972001,nl,bookbrainz,authors,MISSING,no
MB-264,9789462972001,nl,bookbrainz,language,MISSING,no
MB-264,9789462972001,nl,bookbrainz,publisher,MISSING,no
MB-264,9789462972001,nl,bookbrainz,publication_date,MISSING,no
MB-264,9789462972001,nl,bookbrainz,page_count,MISSING,no
MB-264,9789462972001,nl,bookbrainz,cover,MISSING,no
MB-264,9789462972001,nl,bookbrainz,work_link,MISSING,no
MB-264,9789462972001,nl,bookbrainz,series,MISSING,no
MB-264,9789462972001,nl,bookbrainz,series_position,MISSING,no
MB-264,9789462972001,nl,bookbrainz,subjects,MISSING,no
MB-265,9789491041013,nl,open_library,isbn_exact,MISSING,no
MB-265,9789491041013,nl,open_library,title,MISSING,no
MB-265,9789491041013,nl,open_library,subtitle,MISSING,no
MB-265,9789491041013,nl,open_library,authors,MISSING,no
MB-265,9789491041013,nl,open_library,language,MISSING,no
MB-265,9789491041013,nl,open_library,publisher,MISSING,no
MB-265,9789491041013,nl,open_library,publication_date,MISSING,no
MB-265,9789491041013,nl,open_library,page_count,MISSING,no
MB-265,9789491041013,nl,open_library,cover,MISSING,no
MB-265,9789491041013,nl,open_library,work_link,MISSING,no
MB-265,9789491041013,nl,open_library,series,MISSING,no
MB-265,9789491041013,nl,open_library,series_position,MISSING,no
MB-265,9789491041013,nl,open_library,subjects,MISSING,no
MB-265,9789491041013,nl,google_books,isbn_exact,INCORRECT,no
MB-265,9789491041013,nl,google_books,title,CORRECT,no
MB-265,9789491041013,nl,google_books,subtitle,UNVERIFIABLE,no
MB-265,9789491041013,nl,google_books,authors,CORRECT,no
MB-265,9789491041013,nl,google_books,language,CORRECT,no
MB-265,9789491041013,nl,google_books,publisher,MISSING,no
MB-265,9789491041013,nl,google_books,publication_date,CORRECT,no
MB-265,9789491041013,nl,google_books,page_count,CORRECT,no
MB-265,9789491041013,nl,google_books,cover,MISSING,no
MB-265,9789491041013,nl,google_books,work_link,MISSING,no
MB-265,9789491041013,nl,google_books,series,MISSING,no
MB-265,9789491041013,nl,google_books,series_position,MISSING,no
MB-265,9789491041013,nl,google_books,subjects,MISSING,no
MB-265,9789491041013,nl,wikidata,isbn_exact,MISSING,no
MB-265,9789491041013,nl,wikidata,title,MISSING,no
MB-265,9789491041013,nl,wikidata,subtitle,MISSING,no
MB-265,9789491041013,nl,wikidata,authors,MISSING,no
MB-265,9789491041013,nl,wikidata,language,MISSING,no
MB-265,9789491041013,nl,wikidata,publisher,MISSING,no
MB-265,9789491041013,nl,wikidata,publication_date,MISSING,no
MB-265,9789491041013,nl,wikidata,page_count,MISSING,no
MB-265,9789491041013,nl,wikidata,cover,MISSING,no
MB-265,9789491041013,nl,wikidata,work_link,MISSING,no
MB-265,9789491041013,nl,wikidata,series,MISSING,no
MB-265,9789491041013,nl,wikidata,series_position,MISSING,no
MB-265,9789491041013,nl,wikidata,subjects,MISSING,no
MB-265,9789491041013,nl,bookbrainz,isbn_exact,MISSING,no
MB-265,9789491041013,nl,bookbrainz,title,MISSING,no
MB-265,9789491041013,nl,bookbrainz,subtitle,MISSING,no
MB-265,9789491041013,nl,bookbrainz,authors,MISSING,no
MB-265,9789491041013,nl,bookbrainz,language,MISSING,no
MB-265,9789491041013,nl,bookbrainz,publisher,MISSING,no
MB-265,9789491041013,nl,bookbrainz,publication_date,MISSING,no
MB-265,9789491041013,nl,bookbrainz,page_count,MISSING,no
MB-265,9789491041013,nl,bookbrainz,cover,MISSING,no
MB-265,9789491041013,nl,bookbrainz,work_link,MISSING,no
MB-265,9789491041013,nl,bookbrainz,series,MISSING,no
MB-265,9789491041013,nl,bookbrainz,series_position,MISSING,no
MB-265,9789491041013,nl,bookbrainz,subjects,MISSING,no
MB-266,9789491555343,nl,open_library,isbn_exact,MISSING,no
MB-266,9789491555343,nl,open_library,title,MISSING,no
MB-266,9789491555343,nl,open_library,subtitle,MISSING,no
MB-266,9789491555343,nl,open_library,authors,MISSING,no
MB-266,9789491555343,nl,open_library,language,MISSING,no
MB-266,9789491555343,nl,open_library,publisher,MISSING,no
MB-266,9789491555343,nl,open_library,publication_date,MISSING,no
MB-266,9789491555343,nl,open_library,page_count,MISSING,no
MB-266,9789491555343,nl,open_library,cover,MISSING,no
MB-266,9789491555343,nl,open_library,work_link,MISSING,no
MB-266,9789491555343,nl,open_library,series,MISSING,no
MB-266,9789491555343,nl,open_library,series_position,MISSING,no
MB-266,9789491555343,nl,open_library,subjects,MISSING,no
MB-266,9789491555343,nl,google_books,isbn_exact,CORRECT,no
MB-266,9789491555343,nl,google_books,title,CORRECT,no
MB-266,9789491555343,nl,google_books,subtitle,UNVERIFIABLE,no
MB-266,9789491555343,nl,google_books,authors,MISSING,no
MB-266,9789491555343,nl,google_books,language,CORRECT,no
MB-266,9789491555343,nl,google_books,publisher,MISSING,no
MB-266,9789491555343,nl,google_books,publication_date,CORRECT,no
MB-266,9789491555343,nl,google_books,page_count,MISSING,no
MB-266,9789491555343,nl,google_books,cover,MISSING,no
MB-266,9789491555343,nl,google_books,work_link,MISSING,no
MB-266,9789491555343,nl,google_books,series,MISSING,no
MB-266,9789491555343,nl,google_books,series_position,MISSING,no
MB-266,9789491555343,nl,google_books,subjects,MISSING,no
MB-266,9789491555343,nl,wikidata,isbn_exact,MISSING,no
MB-266,9789491555343,nl,wikidata,title,MISSING,no
MB-266,9789491555343,nl,wikidata,subtitle,MISSING,no
MB-266,9789491555343,nl,wikidata,authors,MISSING,no
MB-266,9789491555343,nl,wikidata,language,MISSING,no
MB-266,9789491555343,nl,wikidata,publisher,MISSING,no
MB-266,9789491555343,nl,wikidata,publication_date,MISSING,no
MB-266,9789491555343,nl,wikidata,page_count,MISSING,no
MB-266,9789491555343,nl,wikidata,cover,MISSING,no
MB-266,9789491555343,nl,wikidata,work_link,MISSING,no
MB-266,9789491555343,nl,wikidata,series,MISSING,no
MB-266,9789491555343,nl,wikidata,series_position,MISSING,no
MB-266,9789491555343,nl,wikidata,subjects,MISSING,no
MB-266,9789491555343,nl,bookbrainz,isbn_exact,MISSING,no
MB-266,9789491555343,nl,bookbrainz,title,MISSING,no
MB-266,9789491555343,nl,bookbrainz,subtitle,MISSING,no
MB-266,9789491555343,nl,bookbrainz,authors,MISSING,no
MB-266,9789491555343,nl,bookbrainz,language,MISSING,no
MB-266,9789491555343,nl,bookbrainz,publisher,MISSING,no
MB-266,9789491555343,nl,bookbrainz,publication_date,MISSING,no
MB-266,9789491555343,nl,bookbrainz,page_count,MISSING,no
MB-266,9789491555343,nl,bookbrainz,cover,MISSING,no
MB-266,9789491555343,nl,bookbrainz,work_link,MISSING,no
MB-266,9789491555343,nl,bookbrainz,series,MISSING,no
MB-266,9789491555343,nl,bookbrainz,series_position,MISSING,no
MB-266,9789491555343,nl,bookbrainz,subjects,MISSING,no
MB-267,9789492493255,nl,open_library,isbn_exact,CORRECT,no
MB-267,9789492493255,nl,open_library,title,CORRECT,no
MB-267,9789492493255,nl,open_library,subtitle,UNVERIFIABLE,no
MB-267,9789492493255,nl,open_library,authors,CORRECT,no
MB-267,9789492493255,nl,open_library,language,CORRECT,no
MB-267,9789492493255,nl,open_library,publisher,MISSING,no
MB-267,9789492493255,nl,open_library,publication_date,CORRECT,no
MB-267,9789492493255,nl,open_library,page_count,CORRECT,no
MB-267,9789492493255,nl,open_library,cover,MISSING,no
MB-267,9789492493255,nl,open_library,work_link,CORRECT,no
MB-267,9789492493255,nl,open_library,series,MISSING,no
MB-267,9789492493255,nl,open_library,series_position,MISSING,no
MB-267,9789492493255,nl,open_library,subjects,CORRECT,no
MB-267,9789492493255,nl,google_books,isbn_exact,CORRECT,no
MB-267,9789492493255,nl,google_books,title,INCORRECT,no
MB-267,9789492493255,nl,google_books,subtitle,UNVERIFIABLE,no
MB-267,9789492493255,nl,google_books,authors,CORRECT,no
MB-267,9789492493255,nl,google_books,language,CORRECT,no
MB-267,9789492493255,nl,google_books,publisher,MISSING,no
MB-267,9789492493255,nl,google_books,publication_date,CORRECT,no
MB-267,9789492493255,nl,google_books,page_count,INCORRECT,no
MB-267,9789492493255,nl,google_books,cover,MISSING,no
MB-267,9789492493255,nl,google_books,work_link,MISSING,no
MB-267,9789492493255,nl,google_books,series,MISSING,no
MB-267,9789492493255,nl,google_books,series_position,MISSING,no
MB-267,9789492493255,nl,google_books,subjects,MISSING,no
MB-267,9789492493255,nl,wikidata,isbn_exact,MISSING,no
MB-267,9789492493255,nl,wikidata,title,MISSING,no
MB-267,9789492493255,nl,wikidata,subtitle,MISSING,no
MB-267,9789492493255,nl,wikidata,authors,MISSING,no
MB-267,9789492493255,nl,wikidata,language,MISSING,no
MB-267,9789492493255,nl,wikidata,publisher,MISSING,no
MB-267,9789492493255,nl,wikidata,publication_date,MISSING,no
MB-267,9789492493255,nl,wikidata,page_count,MISSING,no
MB-267,9789492493255,nl,wikidata,cover,MISSING,no
MB-267,9789492493255,nl,wikidata,work_link,MISSING,no
MB-267,9789492493255,nl,wikidata,series,MISSING,no
MB-267,9789492493255,nl,wikidata,series_position,MISSING,no
MB-267,9789492493255,nl,wikidata,subjects,MISSING,no
MB-267,9789492493255,nl,bookbrainz,isbn_exact,MISSING,no
MB-267,9789492493255,nl,bookbrainz,title,MISSING,no
MB-267,9789492493255,nl,bookbrainz,subtitle,MISSING,no
MB-267,9789492493255,nl,bookbrainz,authors,MISSING,no
MB-267,9789492493255,nl,bookbrainz,language,MISSING,no
MB-267,9789492493255,nl,bookbrainz,publisher,MISSING,no
MB-267,9789492493255,nl,bookbrainz,publication_date,MISSING,no
MB-267,9789492493255,nl,bookbrainz,page_count,MISSING,no
MB-267,9789492493255,nl,bookbrainz,cover,MISSING,no
MB-267,9789492493255,nl,bookbrainz,work_link,MISSING,no
MB-267,9789492493255,nl,bookbrainz,series,MISSING,no
MB-267,9789492493255,nl,bookbrainz,series_position,MISSING,no
MB-267,9789492493255,nl,bookbrainz,subjects,MISSING,no
MB-268,9780006355571,en,open_library,isbn_exact,CORRECT,no
MB-268,9780006355571,en,open_library,title,CORRECT,no
MB-268,9780006355571,en,open_library,subtitle,MISSING,no
MB-268,9780006355571,en,open_library,authors,CORRECT,no
MB-268,9780006355571,en,open_library,language,CORRECT,no
MB-268,9780006355571,en,open_library,publisher,CORRECT,no
MB-268,9780006355571,en,open_library,publication_date,CORRECT,no
MB-268,9780006355571,en,open_library,page_count,MISSING,no
MB-268,9780006355571,en,open_library,cover,MISSING,no
MB-268,9780006355571,en,open_library,work_link,CORRECT,no
MB-268,9780006355571,en,open_library,series,MISSING,no
MB-268,9780006355571,en,open_library,series_position,MISSING,no
MB-268,9780006355571,en,open_library,subjects,CORRECT,no
MB-268,9780006355571,en,google_books,isbn_exact,CORRECT,no
MB-268,9780006355571,en,google_books,title,CORRECT,no
MB-268,9780006355571,en,google_books,subtitle,MISSING,no
MB-268,9780006355571,en,google_books,authors,CORRECT,no
MB-268,9780006355571,en,google_books,language,CORRECT,no
MB-268,9780006355571,en,google_books,publisher,MISSING,no
MB-268,9780006355571,en,google_books,publication_date,INCORRECT,no
MB-268,9780006355571,en,google_books,page_count,UNVERIFIABLE,no
MB-268,9780006355571,en,google_books,cover,MISSING,no
MB-268,9780006355571,en,google_books,work_link,MISSING,no
MB-268,9780006355571,en,google_books,series,MISSING,no
MB-268,9780006355571,en,google_books,series_position,MISSING,no
MB-268,9780006355571,en,google_books,subjects,CORRECT,no
MB-268,9780006355571,en,wikidata,isbn_exact,MISSING,no
MB-268,9780006355571,en,wikidata,title,MISSING,no
MB-268,9780006355571,en,wikidata,subtitle,MISSING,no
MB-268,9780006355571,en,wikidata,authors,MISSING,no
MB-268,9780006355571,en,wikidata,language,MISSING,no
MB-268,9780006355571,en,wikidata,publisher,MISSING,no
MB-268,9780006355571,en,wikidata,publication_date,MISSING,no
MB-268,9780006355571,en,wikidata,page_count,MISSING,no
MB-268,9780006355571,en,wikidata,cover,MISSING,no
MB-268,9780006355571,en,wikidata,work_link,MISSING,no
MB-268,9780006355571,en,wikidata,series,MISSING,no
MB-268,9780006355571,en,wikidata,series_position,MISSING,no
MB-268,9780006355571,en,wikidata,subjects,MISSING,no
MB-268,9780006355571,en,bookbrainz,isbn_exact,MISSING,no
MB-268,9780006355571,en,bookbrainz,title,MISSING,no
MB-268,9780006355571,en,bookbrainz,subtitle,MISSING,no
MB-268,9780006355571,en,bookbrainz,authors,MISSING,no
MB-268,9780006355571,en,bookbrainz,language,MISSING,no
MB-268,9780006355571,en,bookbrainz,publisher,MISSING,no
MB-268,9780006355571,en,bookbrainz,publication_date,MISSING,no
MB-268,9780006355571,en,bookbrainz,page_count,MISSING,no
MB-268,9780006355571,en,bookbrainz,cover,MISSING,no
MB-268,9780006355571,en,bookbrainz,work_link,MISSING,no
MB-268,9780006355571,en,bookbrainz,series,MISSING,no
MB-268,9780006355571,en,bookbrainz,series_position,MISSING,no
MB-268,9780006355571,en,bookbrainz,subjects,MISSING,no
MB-269,9780060392451,en,open_library,isbn_exact,CORRECT,no
MB-269,9780060392451,en,open_library,title,CORRECT,no
MB-269,9780060392451,en,open_library,subtitle,MISSING,no
MB-269,9780060392451,en,open_library,authors,CORRECT,no
MB-269,9780060392451,en,open_library,language,CORRECT,no
MB-269,9780060392451,en,open_library,publisher,CORRECT,no
MB-269,9780060392451,en,open_library,publication_date,CORRECT,no
MB-269,9780060392451,en,open_library,page_count,CORRECT,no
MB-269,9780060392451,en,open_library,cover,CORRECT,no
MB-269,9780060392451,en,open_library,work_link,CORRECT,no
MB-269,9780060392451,en,open_library,series,MISSING,no
MB-269,9780060392451,en,open_library,series_position,MISSING,no
MB-269,9780060392451,en,open_library,subjects,CORRECT,no
MB-269,9780060392451,en,google_books,isbn_exact,CORRECT,no
MB-269,9780060392451,en,google_books,title,CORRECT,no
MB-269,9780060392451,en,google_books,subtitle,UNVERIFIABLE,no
MB-269,9780060392451,en,google_books,authors,CORRECT,no
MB-269,9780060392451,en,google_books,language,CORRECT,no
MB-269,9780060392451,en,google_books,publisher,INCORRECT,no
MB-269,9780060392451,en,google_books,publication_date,INCORRECT,no
MB-269,9780060392451,en,google_books,page_count,MISSING,no
MB-269,9780060392451,en,google_books,cover,CORRECT,no
MB-269,9780060392451,en,google_books,work_link,MISSING,no
MB-269,9780060392451,en,google_books,series,MISSING,no
MB-269,9780060392451,en,google_books,series_position,MISSING,no
MB-269,9780060392451,en,google_books,subjects,CORRECT,no
MB-269,9780060392451,en,wikidata,isbn_exact,MISSING,no
MB-269,9780060392451,en,wikidata,title,MISSING,no
MB-269,9780060392451,en,wikidata,subtitle,MISSING,no
MB-269,9780060392451,en,wikidata,authors,MISSING,no
MB-269,9780060392451,en,wikidata,language,MISSING,no
MB-269,9780060392451,en,wikidata,publisher,MISSING,no
MB-269,9780060392451,en,wikidata,publication_date,MISSING,no
MB-269,9780060392451,en,wikidata,page_count,MISSING,no
MB-269,9780060392451,en,wikidata,cover,MISSING,no
MB-269,9780060392451,en,wikidata,work_link,MISSING,no
MB-269,9780060392451,en,wikidata,series,MISSING,no
MB-269,9780060392451,en,wikidata,series_position,MISSING,no
MB-269,9780060392451,en,wikidata,subjects,MISSING,no
MB-269,9780060392451,en,bookbrainz,isbn_exact,MISSING,no
MB-269,9780060392451,en,bookbrainz,title,MISSING,no
MB-269,9780060392451,en,bookbrainz,subtitle,MISSING,no
MB-269,9780060392451,en,bookbrainz,authors,MISSING,no
MB-269,9780060392451,en,bookbrainz,language,MISSING,no
MB-269,9780060392451,en,bookbrainz,publisher,MISSING,no
MB-269,9780060392451,en,bookbrainz,publication_date,MISSING,no
MB-269,9780060392451,en,bookbrainz,page_count,MISSING,no
MB-269,9780060392451,en,bookbrainz,cover,MISSING,no
MB-269,9780060392451,en,bookbrainz,work_link,MISSING,no
MB-269,9780060392451,en,bookbrainz,series,MISSING,no
MB-269,9780060392451,en,bookbrainz,series_position,MISSING,no
MB-269,9780060392451,en,bookbrainz,subjects,MISSING,no
MB-270,9780385605335,en,open_library,isbn_exact,CORRECT,no
MB-270,9780385605335,en,open_library,title,CORRECT,no
MB-270,9780385605335,en,open_library,subtitle,MISSING,no
MB-270,9780385605335,en,open_library,authors,CORRECT,no
MB-270,9780385605335,en,open_library,language,CORRECT,no
MB-270,9780385605335,en,open_library,publisher,CORRECT,no
MB-270,9780385605335,en,open_library,publication_date,CORRECT,no
MB-270,9780385605335,en,open_library,page_count,CORRECT,no
MB-270,9780385605335,en,open_library,cover,CORRECT,no
MB-270,9780385605335,en,open_library,work_link,CORRECT,no
MB-270,9780385605335,en,open_library,series,UNVERIFIABLE,no
MB-270,9780385605335,en,open_library,series_position,MISSING,no
MB-270,9780385605335,en,open_library,subjects,CORRECT,no
MB-270,9780385605335,en,google_books,isbn_exact,CORRECT,no
MB-270,9780385605335,en,google_books,title,CORRECT,no
MB-270,9780385605335,en,google_books,subtitle,MISSING,no
MB-270,9780385605335,en,google_books,authors,CORRECT,no
MB-270,9780385605335,en,google_books,language,CORRECT,no
MB-270,9780385605335,en,google_books,publisher,CORRECT,no
MB-270,9780385605335,en,google_books,publication_date,CORRECT,no
MB-270,9780385605335,en,google_books,page_count,INCORRECT,no
MB-270,9780385605335,en,google_books,cover,CORRECT,no
MB-270,9780385605335,en,google_books,work_link,MISSING,no
MB-270,9780385605335,en,google_books,series,MISSING,no
MB-270,9780385605335,en,google_books,series_position,MISSING,no
MB-270,9780385605335,en,google_books,subjects,CORRECT,no
MB-270,9780385605335,en,wikidata,isbn_exact,CORRECT,no
MB-270,9780385605335,en,wikidata,title,CORRECT,no
MB-270,9780385605335,en,wikidata,subtitle,MISSING,no
MB-270,9780385605335,en,wikidata,authors,CORRECT,no
MB-270,9780385605335,en,wikidata,language,CORRECT,no
MB-270,9780385605335,en,wikidata,publisher,CORRECT,no
MB-270,9780385605335,en,wikidata,publication_date,CORRECT,no
MB-270,9780385605335,en,wikidata,page_count,MISSING,no
MB-270,9780385605335,en,wikidata,cover,MISSING,no
MB-270,9780385605335,en,wikidata,work_link,CORRECT,no
MB-270,9780385605335,en,wikidata,series,MISSING,no
MB-270,9780385605335,en,wikidata,series_position,MISSING,no
MB-270,9780385605335,en,wikidata,subjects,MISSING,no
MB-270,9780385605335,en,bookbrainz,isbn_exact,MISSING,no
MB-270,9780385605335,en,bookbrainz,title,MISSING,no
MB-270,9780385605335,en,bookbrainz,subtitle,MISSING,no
MB-270,9780385605335,en,bookbrainz,authors,MISSING,no
MB-270,9780385605335,en,bookbrainz,language,MISSING,no
MB-270,9780385605335,en,bookbrainz,publisher,MISSING,no
MB-270,9780385605335,en,bookbrainz,publication_date,MISSING,no
MB-270,9780385605335,en,bookbrainz,page_count,MISSING,no
MB-270,9780385605335,en,bookbrainz,cover,MISSING,no
MB-270,9780385605335,en,bookbrainz,work_link,MISSING,no
MB-270,9780385605335,en,bookbrainz,series,MISSING,no
MB-270,9780385605335,en,bookbrainz,series_position,MISSING,no
MB-270,9780385605335,en,bookbrainz,subjects,MISSING,no
MB-271,9780440221654,en,open_library,isbn_exact,CORRECT,no
MB-271,9780440221654,en,open_library,title,CORRECT,no
MB-271,9780440221654,en,open_library,subtitle,MISSING,no
MB-271,9780440221654,en,open_library,authors,MISSING,no
MB-271,9780440221654,en,open_library,language,CORRECT,no
MB-271,9780440221654,en,open_library,publisher,CORRECT,no
MB-271,9780440221654,en,open_library,publication_date,CORRECT,no
MB-271,9780440221654,en,open_library,page_count,MISSING,no
MB-271,9780440221654,en,open_library,cover,CORRECT,no
MB-271,9780440221654,en,open_library,work_link,CORRECT,no
MB-271,9780440221654,en,open_library,series,MISSING,no
MB-271,9780440221654,en,open_library,series_position,MISSING,no
MB-271,9780440221654,en,open_library,subjects,MISSING,no
MB-271,9780440221654,en,google_books,isbn_exact,CORRECT,no
MB-271,9780440221654,en,google_books,title,CORRECT,no
MB-271,9780440221654,en,google_books,subtitle,MISSING,no
MB-271,9780440221654,en,google_books,authors,UNVERIFIABLE,no
MB-271,9780440221654,en,google_books,language,CORRECT,no
MB-271,9780440221654,en,google_books,publisher,INCORRECT,no
MB-271,9780440221654,en,google_books,publication_date,INCORRECT,no
MB-271,9780440221654,en,google_books,page_count,UNVERIFIABLE,no
MB-271,9780440221654,en,google_books,cover,CORRECT,no
MB-271,9780440221654,en,google_books,work_link,MISSING,no
MB-271,9780440221654,en,google_books,series,MISSING,no
MB-271,9780440221654,en,google_books,series_position,MISSING,no
MB-271,9780440221654,en,google_books,subjects,CORRECT,no
MB-271,9780440221654,en,wikidata,isbn_exact,CORRECT,no
MB-271,9780440221654,en,wikidata,title,CORRECT,no
MB-271,9780440221654,en,wikidata,subtitle,MISSING,no
MB-271,9780440221654,en,wikidata,authors,MISSING,no
MB-271,9780440221654,en,wikidata,language,CORRECT,no
MB-271,9780440221654,en,wikidata,publisher,INCORRECT,no
MB-271,9780440221654,en,wikidata,publication_date,INCORRECT,no
MB-271,9780440221654,en,wikidata,page_count,MISSING,no
MB-271,9780440221654,en,wikidata,cover,MISSING,no
MB-271,9780440221654,en,wikidata,work_link,CORRECT,no
MB-271,9780440221654,en,wikidata,series,MISSING,no
MB-271,9780440221654,en,wikidata,series_position,MISSING,no
MB-271,9780440221654,en,wikidata,subjects,MISSING,no
MB-271,9780440221654,en,bookbrainz,isbn_exact,MISSING,no
MB-271,9780440221654,en,bookbrainz,title,MISSING,no
MB-271,9780440221654,en,bookbrainz,subtitle,MISSING,no
MB-271,9780440221654,en,bookbrainz,authors,MISSING,no
MB-271,9780440221654,en,bookbrainz,language,MISSING,no
MB-271,9780440221654,en,bookbrainz,publisher,MISSING,no
MB-271,9780440221654,en,bookbrainz,publication_date,MISSING,no
MB-271,9780440221654,en,bookbrainz,page_count,MISSING,no
MB-271,9780440221654,en,bookbrainz,cover,MISSING,no
MB-271,9780440221654,en,bookbrainz,work_link,MISSING,no
MB-271,9780440221654,en,bookbrainz,series,MISSING,no
MB-271,9780440221654,en,bookbrainz,series_position,MISSING,no
MB-271,9780440221654,en,bookbrainz,subjects,MISSING,no
MB-272,9780450392498,en,open_library,isbn_exact,CORRECT,no
MB-272,9780450392498,en,open_library,title,CORRECT,no
MB-272,9780450392498,en,open_library,subtitle,MISSING,no
MB-272,9780450392498,en,open_library,authors,CORRECT,no
MB-272,9780450392498,en,open_library,language,CORRECT,no
MB-272,9780450392498,en,open_library,publisher,CORRECT,no
MB-272,9780450392498,en,open_library,publication_date,CORRECT,no
MB-272,9780450392498,en,open_library,page_count,CORRECT,no
MB-272,9780450392498,en,open_library,cover,CORRECT,no
MB-272,9780450392498,en,open_library,work_link,CORRECT,no
MB-272,9780450392498,en,open_library,series,MISSING,no
MB-272,9780450392498,en,open_library,series_position,MISSING,no
MB-272,9780450392498,en,open_library,subjects,MISSING,no
MB-272,9780450392498,en,google_books,isbn_exact,CORRECT,no
MB-272,9780450392498,en,google_books,title,CORRECT,no
MB-272,9780450392498,en,google_books,subtitle,UNVERIFIABLE,no
MB-272,9780450392498,en,google_books,authors,CORRECT,no
MB-272,9780450392498,en,google_books,language,CORRECT,no
MB-272,9780450392498,en,google_books,publisher,MISSING,no
MB-272,9780450392498,en,google_books,publication_date,INCORRECT,no
MB-272,9780450392498,en,google_books,page_count,INCORRECT,no
MB-272,9780450392498,en,google_books,cover,CORRECT,no
MB-272,9780450392498,en,google_books,work_link,MISSING,no
MB-272,9780450392498,en,google_books,series,MISSING,no
MB-272,9780450392498,en,google_books,series_position,MISSING,no
MB-272,9780450392498,en,google_books,subjects,CORRECT,no
MB-272,9780450392498,en,wikidata,isbn_exact,MISSING,no
MB-272,9780450392498,en,wikidata,title,MISSING,no
MB-272,9780450392498,en,wikidata,subtitle,MISSING,no
MB-272,9780450392498,en,wikidata,authors,MISSING,no
MB-272,9780450392498,en,wikidata,language,MISSING,no
MB-272,9780450392498,en,wikidata,publisher,MISSING,no
MB-272,9780450392498,en,wikidata,publication_date,MISSING,no
MB-272,9780450392498,en,wikidata,page_count,MISSING,no
MB-272,9780450392498,en,wikidata,cover,MISSING,no
MB-272,9780450392498,en,wikidata,work_link,MISSING,no
MB-272,9780450392498,en,wikidata,series,MISSING,no
MB-272,9780450392498,en,wikidata,series_position,MISSING,no
MB-272,9780450392498,en,wikidata,subjects,MISSING,no
MB-272,9780450392498,en,bookbrainz,isbn_exact,MISSING,no
MB-272,9780450392498,en,bookbrainz,title,MISSING,no
MB-272,9780450392498,en,bookbrainz,subtitle,MISSING,no
MB-272,9780450392498,en,bookbrainz,authors,MISSING,no
MB-272,9780450392498,en,bookbrainz,language,MISSING,no
MB-272,9780450392498,en,bookbrainz,publisher,MISSING,no
MB-272,9780450392498,en,bookbrainz,publication_date,MISSING,no
MB-272,9780450392498,en,bookbrainz,page_count,MISSING,no
MB-272,9780450392498,en,bookbrainz,cover,MISSING,no
MB-272,9780450392498,en,bookbrainz,work_link,MISSING,no
MB-272,9780450392498,en,bookbrainz,series,MISSING,no
MB-272,9780450392498,en,bookbrainz,series_position,MISSING,no
MB-272,9780450392498,en,bookbrainz,subjects,MISSING,no
MB-273,9780450524684,en,open_library,isbn_exact,CORRECT,no
MB-273,9780450524684,en,open_library,title,CORRECT,no
MB-273,9780450524684,en,open_library,subtitle,MISSING,no
MB-273,9780450524684,en,open_library,authors,MISSING,no
MB-273,9780450524684,en,open_library,language,CORRECT,no
MB-273,9780450524684,en,open_library,publisher,CORRECT,no
MB-273,9780450524684,en,open_library,publication_date,CORRECT,no
MB-273,9780450524684,en,open_library,page_count,CORRECT,no
MB-273,9780450524684,en,open_library,cover,CORRECT,no
MB-273,9780450524684,en,open_library,work_link,CORRECT,no
MB-273,9780450524684,en,open_library,series,MISSING,no
MB-273,9780450524684,en,open_library,series_position,MISSING,no
MB-273,9780450524684,en,open_library,subjects,MISSING,no
MB-273,9780450524684,en,google_books,isbn_exact,CORRECT,no
MB-273,9780450524684,en,google_books,title,CORRECT,no
MB-273,9780450524684,en,google_books,subtitle,MISSING,no
MB-273,9780450524684,en,google_books,authors,UNVERIFIABLE,no
MB-273,9780450524684,en,google_books,language,CORRECT,no
MB-273,9780450524684,en,google_books,publisher,MISSING,no
MB-273,9780450524684,en,google_books,publication_date,CORRECT,no
MB-273,9780450524684,en,google_books,page_count,CORRECT,no
MB-273,9780450524684,en,google_books,cover,CORRECT,no
MB-273,9780450524684,en,google_books,work_link,MISSING,no
MB-273,9780450524684,en,google_books,series,MISSING,no
MB-273,9780450524684,en,google_books,series_position,MISSING,no
MB-273,9780450524684,en,google_books,subjects,CORRECT,no
MB-273,9780450524684,en,wikidata,isbn_exact,MISSING,no
MB-273,9780450524684,en,wikidata,title,MISSING,no
MB-273,9780450524684,en,wikidata,subtitle,MISSING,no
MB-273,9780450524684,en,wikidata,authors,MISSING,no
MB-273,9780450524684,en,wikidata,language,MISSING,no
MB-273,9780450524684,en,wikidata,publisher,MISSING,no
MB-273,9780450524684,en,wikidata,publication_date,MISSING,no
MB-273,9780450524684,en,wikidata,page_count,MISSING,no
MB-273,9780450524684,en,wikidata,cover,MISSING,no
MB-273,9780450524684,en,wikidata,work_link,MISSING,no
MB-273,9780450524684,en,wikidata,series,MISSING,no
MB-273,9780450524684,en,wikidata,series_position,MISSING,no
MB-273,9780450524684,en,wikidata,subjects,MISSING,no
MB-273,9780450524684,en,bookbrainz,isbn_exact,MISSING,no
MB-273,9780450524684,en,bookbrainz,title,MISSING,no
MB-273,9780450524684,en,bookbrainz,subtitle,MISSING,no
MB-273,9780450524684,en,bookbrainz,authors,MISSING,no
MB-273,9780450524684,en,bookbrainz,language,MISSING,no
MB-273,9780450524684,en,bookbrainz,publisher,MISSING,no
MB-273,9780450524684,en,bookbrainz,publication_date,MISSING,no
MB-273,9780450524684,en,bookbrainz,page_count,MISSING,no
MB-273,9780450524684,en,bookbrainz,cover,MISSING,no
MB-273,9780450524684,en,bookbrainz,work_link,MISSING,no
MB-273,9780450524684,en,bookbrainz,series,MISSING,no
MB-273,9780450524684,en,bookbrainz,series_position,MISSING,no
MB-273,9780450524684,en,bookbrainz,subjects,MISSING,no
MB-274,9780451163523,en,open_library,isbn_exact,CORRECT,no
MB-274,9780451163523,en,open_library,title,CORRECT,no
MB-274,9780451163523,en,open_library,subtitle,MISSING,no
MB-274,9780451163523,en,open_library,authors,MISSING,no
MB-274,9780451163523,en,open_library,language,CORRECT,no
MB-274,9780451163523,en,open_library,publisher,CORRECT,no
MB-274,9780451163523,en,open_library,publication_date,CORRECT,no
MB-274,9780451163523,en,open_library,page_count,MISSING,no
MB-274,9780451163523,en,open_library,cover,CORRECT,no
MB-274,9780451163523,en,open_library,work_link,CORRECT,no
MB-274,9780451163523,en,open_library,series,MISSING,no
MB-274,9780451163523,en,open_library,series_position,MISSING,no
MB-274,9780451163523,en,open_library,subjects,MISSING,no
MB-274,9780451163523,en,google_books,isbn_exact,CORRECT,no
MB-274,9780451163523,en,google_books,title,CORRECT,no
MB-274,9780451163523,en,google_books,subtitle,MISSING,no
MB-274,9780451163523,en,google_books,authors,CORRECT,no
MB-274,9780451163523,en,google_books,language,CORRECT,no
MB-274,9780451163523,en,google_books,publisher,INCORRECT,no
MB-274,9780451163523,en,google_books,publication_date,CORRECT,no
MB-274,9780451163523,en,google_books,page_count,UNVERIFIABLE,no
MB-274,9780451163523,en,google_books,cover,CORRECT,no
MB-274,9780451163523,en,google_books,work_link,MISSING,no
MB-274,9780451163523,en,google_books,series,MISSING,no
MB-274,9780451163523,en,google_books,series_position,MISSING,no
MB-274,9780451163523,en,google_books,subjects,CORRECT,no
MB-274,9780451163523,en,wikidata,isbn_exact,MISSING,no
MB-274,9780451163523,en,wikidata,title,MISSING,no
MB-274,9780451163523,en,wikidata,subtitle,MISSING,no
MB-274,9780451163523,en,wikidata,authors,MISSING,no
MB-274,9780451163523,en,wikidata,language,MISSING,no
MB-274,9780451163523,en,wikidata,publisher,MISSING,no
MB-274,9780451163523,en,wikidata,publication_date,MISSING,no
MB-274,9780451163523,en,wikidata,page_count,MISSING,no
MB-274,9780451163523,en,wikidata,cover,MISSING,no
MB-274,9780451163523,en,wikidata,work_link,MISSING,no
MB-274,9780451163523,en,wikidata,series,MISSING,no
MB-274,9780451163523,en,wikidata,series_position,MISSING,no
MB-274,9780451163523,en,wikidata,subjects,MISSING,no
MB-274,9780451163523,en,bookbrainz,isbn_exact,MISSING,no
MB-274,9780451163523,en,bookbrainz,title,MISSING,no
MB-274,9780451163523,en,bookbrainz,subtitle,MISSING,no
MB-274,9780451163523,en,bookbrainz,authors,MISSING,no
MB-274,9780451163523,en,bookbrainz,language,MISSING,no
MB-274,9780451163523,en,bookbrainz,publisher,MISSING,no
MB-274,9780451163523,en,bookbrainz,publication_date,MISSING,no
MB-274,9780451163523,en,bookbrainz,page_count,MISSING,no
MB-274,9780451163523,en,bookbrainz,cover,MISSING,no
MB-274,9780451163523,en,bookbrainz,work_link,MISSING,no
MB-274,9780451163523,en,bookbrainz,series,MISSING,no
MB-274,9780451163523,en,bookbrainz,series_position,MISSING,no
MB-274,9780451163523,en,bookbrainz,subjects,MISSING,no
MB-275,9780517149256,en,open_library,isbn_exact,CORRECT,no
MB-275,9780517149256,en,open_library,title,CORRECT,no
MB-275,9780517149256,en,open_library,subtitle,MISSING,no
MB-275,9780517149256,en,open_library,authors,CORRECT,no
MB-275,9780517149256,en,open_library,language,CORRECT,no
MB-275,9780517149256,en,open_library,publisher,CORRECT,no
MB-275,9780517149256,en,open_library,publication_date,CORRECT,no
MB-275,9780517149256,en,open_library,page_count,CORRECT,no
MB-275,9780517149256,en,open_library,cover,CORRECT,no
MB-275,9780517149256,en,open_library,work_link,CORRECT,no
MB-275,9780517149256,en,open_library,series,MISSING,no
MB-275,9780517149256,en,open_library,series_position,MISSING,no
MB-275,9780517149256,en,open_library,subjects,CORRECT,no
MB-275,9780517149256,en,google_books,isbn_exact,CORRECT,no
MB-275,9780517149256,en,google_books,title,CORRECT,no
MB-275,9780517149256,en,google_books,subtitle,MISSING,no
MB-275,9780517149256,en,google_books,authors,CORRECT,no
MB-275,9780517149256,en,google_books,language,CORRECT,no
MB-275,9780517149256,en,google_books,publisher,CORRECT,no
MB-275,9780517149256,en,google_books,publication_date,CORRECT,no
MB-275,9780517149256,en,google_books,page_count,INCORRECT,no
MB-275,9780517149256,en,google_books,cover,CORRECT,no
MB-275,9780517149256,en,google_books,work_link,MISSING,no
MB-275,9780517149256,en,google_books,series,MISSING,no
MB-275,9780517149256,en,google_books,series_position,MISSING,no
MB-275,9780517149256,en,google_books,subjects,CORRECT,no
MB-275,9780517149256,en,wikidata,isbn_exact,MISSING,no
MB-275,9780517149256,en,wikidata,title,MISSING,no
MB-275,9780517149256,en,wikidata,subtitle,MISSING,no
MB-275,9780517149256,en,wikidata,authors,MISSING,no
MB-275,9780517149256,en,wikidata,language,MISSING,no
MB-275,9780517149256,en,wikidata,publisher,MISSING,no
MB-275,9780517149256,en,wikidata,publication_date,MISSING,no
MB-275,9780517149256,en,wikidata,page_count,MISSING,no
MB-275,9780517149256,en,wikidata,cover,MISSING,no
MB-275,9780517149256,en,wikidata,work_link,MISSING,no
MB-275,9780517149256,en,wikidata,series,MISSING,no
MB-275,9780517149256,en,wikidata,series_position,MISSING,no
MB-275,9780517149256,en,wikidata,subjects,MISSING,no
MB-275,9780517149256,en,bookbrainz,isbn_exact,CORRECT,no
MB-275,9780517149256,en,bookbrainz,title,INCORRECT,no
MB-275,9780517149256,en,bookbrainz,subtitle,MISSING,no
MB-275,9780517149256,en,bookbrainz,authors,CORRECT,no
MB-275,9780517149256,en,bookbrainz,language,CORRECT,no
MB-275,9780517149256,en,bookbrainz,publisher,MISSING,no
MB-275,9780517149256,en,bookbrainz,publication_date,MISSING,no
MB-275,9780517149256,en,bookbrainz,page_count,MISSING,no
MB-275,9780517149256,en,bookbrainz,cover,MISSING,no
MB-275,9780517149256,en,bookbrainz,work_link,CORRECT,no
MB-275,9780517149256,en,bookbrainz,series,MISSING,no
MB-275,9780517149256,en,bookbrainz,series_position,MISSING,no
MB-275,9780517149256,en,bookbrainz,subjects,MISSING,no
MB-276,9780553106503,en,open_library,isbn_exact,CORRECT,no
MB-276,9780553106503,en,open_library,title,CORRECT,no
MB-276,9780553106503,en,open_library,subtitle,UNVERIFIABLE,no
MB-276,9780553106503,en,open_library,authors,CORRECT,no
MB-276,9780553106503,en,open_library,language,CORRECT,no
MB-276,9780553106503,en,open_library,publisher,CORRECT,no
MB-276,9780553106503,en,open_library,publication_date,CORRECT,no
MB-276,9780553106503,en,open_library,page_count,CORRECT,no
MB-276,9780553106503,en,open_library,cover,CORRECT,no
MB-276,9780553106503,en,open_library,work_link,CORRECT,no
MB-276,9780553106503,en,open_library,series,MISSING,no
MB-276,9780553106503,en,open_library,series_position,MISSING,no
MB-276,9780553106503,en,open_library,subjects,CORRECT,no
MB-276,9780553106503,en,google_books,isbn_exact,INCORRECT,no
MB-276,9780553106503,en,google_books,title,CORRECT,no
MB-276,9780553106503,en,google_books,subtitle,UNVERIFIABLE,no
MB-276,9780553106503,en,google_books,authors,CORRECT,no
MB-276,9780553106503,en,google_books,language,CORRECT,no
MB-276,9780553106503,en,google_books,publisher,CORRECT,no
MB-276,9780553106503,en,google_books,publication_date,CORRECT,no
MB-276,9780553106503,en,google_books,page_count,INCORRECT,no
MB-276,9780553106503,en,google_books,cover,CORRECT,no
MB-276,9780553106503,en,google_books,work_link,MISSING,no
MB-276,9780553106503,en,google_books,series,MISSING,no
MB-276,9780553106503,en,google_books,series_position,MISSING,no
MB-276,9780553106503,en,google_books,subjects,CORRECT,no
MB-276,9780553106503,en,wikidata,isbn_exact,MISSING,no
MB-276,9780553106503,en,wikidata,title,MISSING,no
MB-276,9780553106503,en,wikidata,subtitle,MISSING,no
MB-276,9780553106503,en,wikidata,authors,MISSING,no
MB-276,9780553106503,en,wikidata,language,MISSING,no
MB-276,9780553106503,en,wikidata,publisher,MISSING,no
MB-276,9780553106503,en,wikidata,publication_date,MISSING,no
MB-276,9780553106503,en,wikidata,page_count,MISSING,no
MB-276,9780553106503,en,wikidata,cover,MISSING,no
MB-276,9780553106503,en,wikidata,work_link,MISSING,no
MB-276,9780553106503,en,wikidata,series,MISSING,no
MB-276,9780553106503,en,wikidata,series_position,MISSING,no
MB-276,9780553106503,en,wikidata,subjects,MISSING,no
MB-276,9780553106503,en,bookbrainz,isbn_exact,MISSING,no
MB-276,9780553106503,en,bookbrainz,title,MISSING,no
MB-276,9780553106503,en,bookbrainz,subtitle,MISSING,no
MB-276,9780553106503,en,bookbrainz,authors,MISSING,no
MB-276,9780553106503,en,bookbrainz,language,MISSING,no
MB-276,9780553106503,en,bookbrainz,publisher,MISSING,no
MB-276,9780553106503,en,bookbrainz,publication_date,MISSING,no
MB-276,9780553106503,en,bookbrainz,page_count,MISSING,no
MB-276,9780553106503,en,bookbrainz,cover,MISSING,no
MB-276,9780553106503,en,bookbrainz,work_link,MISSING,no
MB-276,9780553106503,en,bookbrainz,series,MISSING,no
MB-276,9780553106503,en,bookbrainz,series_position,MISSING,no
MB-276,9780553106503,en,bookbrainz,subjects,MISSING,no
MB-277,9780671036607,en,open_library,isbn_exact,CORRECT,no
MB-277,9780671036607,en,open_library,title,CORRECT,no
MB-277,9780671036607,en,open_library,subtitle,MISSING,no
MB-277,9780671036607,en,open_library,authors,CORRECT,no
MB-277,9780671036607,en,open_library,language,CORRECT,no
MB-277,9780671036607,en,open_library,publisher,CORRECT,no
MB-277,9780671036607,en,open_library,publication_date,CORRECT,no
MB-277,9780671036607,en,open_library,page_count,CORRECT,no
MB-277,9780671036607,en,open_library,cover,CORRECT,no
MB-277,9780671036607,en,open_library,work_link,CORRECT,no
MB-277,9780671036607,en,open_library,series,MISSING,no
MB-277,9780671036607,en,open_library,series_position,MISSING,no
MB-277,9780671036607,en,open_library,subjects,MISSING,no
MB-277,9780671036607,en,google_books,isbn_exact,CORRECT,no
MB-277,9780671036607,en,google_books,title,CORRECT,no
MB-277,9780671036607,en,google_books,subtitle,MISSING,no
MB-277,9780671036607,en,google_books,authors,CORRECT,no
MB-277,9780671036607,en,google_books,language,CORRECT,no
MB-277,9780671036607,en,google_books,publisher,INCORRECT,no
MB-277,9780671036607,en,google_books,publication_date,CORRECT,no
MB-277,9780671036607,en,google_books,page_count,INCORRECT,no
MB-277,9780671036607,en,google_books,cover,CORRECT,no
MB-277,9780671036607,en,google_books,work_link,MISSING,no
MB-277,9780671036607,en,google_books,series,MISSING,no
MB-277,9780671036607,en,google_books,series_position,MISSING,no
MB-277,9780671036607,en,google_books,subjects,CORRECT,no
MB-277,9780671036607,en,wikidata,isbn_exact,MISSING,no
MB-277,9780671036607,en,wikidata,title,MISSING,no
MB-277,9780671036607,en,wikidata,subtitle,MISSING,no
MB-277,9780671036607,en,wikidata,authors,MISSING,no
MB-277,9780671036607,en,wikidata,language,MISSING,no
MB-277,9780671036607,en,wikidata,publisher,MISSING,no
MB-277,9780671036607,en,wikidata,publication_date,MISSING,no
MB-277,9780671036607,en,wikidata,page_count,MISSING,no
MB-277,9780671036607,en,wikidata,cover,MISSING,no
MB-277,9780671036607,en,wikidata,work_link,MISSING,no
MB-277,9780671036607,en,wikidata,series,MISSING,no
MB-277,9780671036607,en,wikidata,series_position,MISSING,no
MB-277,9780671036607,en,wikidata,subjects,MISSING,no
MB-277,9780671036607,en,bookbrainz,isbn_exact,MISSING,no
MB-277,9780671036607,en,bookbrainz,title,MISSING,no
MB-277,9780671036607,en,bookbrainz,subtitle,MISSING,no
MB-277,9780671036607,en,bookbrainz,authors,MISSING,no
MB-277,9780671036607,en,bookbrainz,language,MISSING,no
MB-277,9780671036607,en,bookbrainz,publisher,MISSING,no
MB-277,9780671036607,en,bookbrainz,publication_date,MISSING,no
MB-277,9780671036607,en,bookbrainz,page_count,MISSING,no
MB-277,9780671036607,en,bookbrainz,cover,MISSING,no
MB-277,9780671036607,en,bookbrainz,work_link,MISSING,no
MB-277,9780671036607,en,bookbrainz,series,MISSING,no
MB-277,9780671036607,en,bookbrainz,series_position,MISSING,no
MB-277,9780671036607,en,bookbrainz,subjects,MISSING,no
MB-278,9780671243722,en,open_library,isbn_exact,CORRECT,no
MB-278,9780671243722,en,open_library,title,CORRECT,no
MB-278,9780671243722,en,open_library,subtitle,MISSING,no
MB-278,9780671243722,en,open_library,authors,CORRECT,no
MB-278,9780671243722,en,open_library,language,CORRECT,no
MB-278,9780671243722,en,open_library,publisher,CORRECT,no
MB-278,9780671243722,en,open_library,publication_date,CORRECT,no
MB-278,9780671243722,en,open_library,page_count,CORRECT,no
MB-278,9780671243722,en,open_library,cover,CORRECT,no
MB-278,9780671243722,en,open_library,work_link,CORRECT,no
MB-278,9780671243722,en,open_library,series,MISSING,no
MB-278,9780671243722,en,open_library,series_position,MISSING,no
MB-278,9780671243722,en,open_library,subjects,CORRECT,no
MB-278,9780671243722,en,google_books,isbn_exact,INCORRECT,no
MB-278,9780671243722,en,google_books,title,CORRECT,no
MB-278,9780671243722,en,google_books,subtitle,MISSING,no
MB-278,9780671243722,en,google_books,authors,CORRECT,no
MB-278,9780671243722,en,google_books,language,CORRECT,no
MB-278,9780671243722,en,google_books,publisher,CORRECT,no
MB-278,9780671243722,en,google_books,publication_date,CORRECT,no
MB-278,9780671243722,en,google_books,page_count,INCORRECT,no
MB-278,9780671243722,en,google_books,cover,CORRECT,no
MB-278,9780671243722,en,google_books,work_link,MISSING,no
MB-278,9780671243722,en,google_books,series,MISSING,no
MB-278,9780671243722,en,google_books,series_position,MISSING,no
MB-278,9780671243722,en,google_books,subjects,CORRECT,no
MB-278,9780671243722,en,wikidata,isbn_exact,MISSING,no
MB-278,9780671243722,en,wikidata,title,MISSING,no
MB-278,9780671243722,en,wikidata,subtitle,MISSING,no
MB-278,9780671243722,en,wikidata,authors,MISSING,no
MB-278,9780671243722,en,wikidata,language,MISSING,no
MB-278,9780671243722,en,wikidata,publisher,MISSING,no
MB-278,9780671243722,en,wikidata,publication_date,MISSING,no
MB-278,9780671243722,en,wikidata,page_count,MISSING,no
MB-278,9780671243722,en,wikidata,cover,MISSING,no
MB-278,9780671243722,en,wikidata,work_link,MISSING,no
MB-278,9780671243722,en,wikidata,series,MISSING,no
MB-278,9780671243722,en,wikidata,series_position,MISSING,no
MB-278,9780671243722,en,wikidata,subjects,MISSING,no
MB-278,9780671243722,en,bookbrainz,isbn_exact,MISSING,no
MB-278,9780671243722,en,bookbrainz,title,MISSING,no
MB-278,9780671243722,en,bookbrainz,subtitle,MISSING,no
MB-278,9780671243722,en,bookbrainz,authors,MISSING,no
MB-278,9780671243722,en,bookbrainz,language,MISSING,no
MB-278,9780671243722,en,bookbrainz,publisher,MISSING,no
MB-278,9780671243722,en,bookbrainz,publication_date,MISSING,no
MB-278,9780671243722,en,bookbrainz,page_count,MISSING,no
MB-278,9780671243722,en,bookbrainz,cover,MISSING,no
MB-278,9780671243722,en,bookbrainz,work_link,MISSING,no
MB-278,9780671243722,en,bookbrainz,series,MISSING,no
MB-278,9780671243722,en,bookbrainz,series_position,MISSING,no
MB-278,9780671243722,en,bookbrainz,subjects,MISSING,no
MB-279,9780708836835,en,open_library,isbn_exact,CORRECT,no
MB-279,9780708836835,en,open_library,title,CORRECT,no
MB-279,9780708836835,en,open_library,subtitle,MISSING,no
MB-279,9780708836835,en,open_library,authors,CORRECT,no
MB-279,9780708836835,en,open_library,language,CORRECT,no
MB-279,9780708836835,en,open_library,publisher,CORRECT,no
MB-279,9780708836835,en,open_library,publication_date,CORRECT,no
MB-279,9780708836835,en,open_library,page_count,CORRECT,no
MB-279,9780708836835,en,open_library,cover,MISSING,no
MB-279,9780708836835,en,open_library,work_link,CORRECT,no
MB-279,9780708836835,en,open_library,series,MISSING,no
MB-279,9780708836835,en,open_library,series_position,MISSING,no
MB-279,9780708836835,en,open_library,subjects,MISSING,no
MB-279,9780708836835,en,google_books,isbn_exact,CORRECT,no
MB-279,9780708836835,en,google_books,title,CORRECT,no
MB-279,9780708836835,en,google_books,subtitle,MISSING,no
MB-279,9780708836835,en,google_books,authors,CORRECT,no
MB-279,9780708836835,en,google_books,language,CORRECT,no
MB-279,9780708836835,en,google_books,publisher,INCORRECT,no
MB-279,9780708836835,en,google_books,publication_date,CORRECT,no
MB-279,9780708836835,en,google_books,page_count,CORRECT,no
MB-279,9780708836835,en,google_books,cover,MISSING,no
MB-279,9780708836835,en,google_books,work_link,MISSING,no
MB-279,9780708836835,en,google_books,series,MISSING,no
MB-279,9780708836835,en,google_books,series_position,MISSING,no
MB-279,9780708836835,en,google_books,subjects,MISSING,no
MB-279,9780708836835,en,wikidata,isbn_exact,MISSING,no
MB-279,9780708836835,en,wikidata,title,MISSING,no
MB-279,9780708836835,en,wikidata,subtitle,MISSING,no
MB-279,9780708836835,en,wikidata,authors,MISSING,no
MB-279,9780708836835,en,wikidata,language,MISSING,no
MB-279,9780708836835,en,wikidata,publisher,MISSING,no
MB-279,9780708836835,en,wikidata,publication_date,MISSING,no
MB-279,9780708836835,en,wikidata,page_count,MISSING,no
MB-279,9780708836835,en,wikidata,cover,MISSING,no
MB-279,9780708836835,en,wikidata,work_link,MISSING,no
MB-279,9780708836835,en,wikidata,series,MISSING,no
MB-279,9780708836835,en,wikidata,series_position,MISSING,no
MB-279,9780708836835,en,wikidata,subjects,MISSING,no
MB-279,9780708836835,en,bookbrainz,isbn_exact,MISSING,no
MB-279,9780708836835,en,bookbrainz,title,MISSING,no
MB-279,9780708836835,en,bookbrainz,subtitle,MISSING,no
MB-279,9780708836835,en,bookbrainz,authors,MISSING,no
MB-279,9780708836835,en,bookbrainz,language,MISSING,no
MB-279,9780708836835,en,bookbrainz,publisher,MISSING,no
MB-279,9780708836835,en,bookbrainz,publication_date,MISSING,no
MB-279,9780708836835,en,bookbrainz,page_count,MISSING,no
MB-279,9780708836835,en,bookbrainz,cover,MISSING,no
MB-279,9780708836835,en,bookbrainz,work_link,MISSING,no
MB-279,9780708836835,en,bookbrainz,series,MISSING,no
MB-279,9780708836835,en,bookbrainz,series_position,MISSING,no
MB-279,9780708836835,en,bookbrainz,subjects,MISSING,no
MB-280,9780722163399,unknown,open_library,isbn_exact,CORRECT,no
MB-280,9780722163399,unknown,open_library,title,CORRECT,no
MB-280,9780722163399,unknown,open_library,subtitle,MISSING,no
MB-280,9780722163399,unknown,open_library,authors,CORRECT,no
MB-280,9780722163399,unknown,open_library,language,UNVERIFIABLE,no
MB-280,9780722163399,unknown,open_library,publisher,INCORRECT,no
MB-280,9780722163399,unknown,open_library,publication_date,INCORRECT,no
MB-280,9780722163399,unknown,open_library,page_count,INCORRECT,no
MB-280,9780722163399,unknown,open_library,cover,CORRECT,no
MB-280,9780722163399,unknown,open_library,work_link,CORRECT,no
MB-280,9780722163399,unknown,open_library,series,MISSING,no
MB-280,9780722163399,unknown,open_library,series_position,MISSING,no
MB-280,9780722163399,unknown,open_library,subjects,MISSING,no
MB-280,9780722163399,unknown,google_books,isbn_exact,CORRECT,no
MB-280,9780722163399,unknown,google_books,title,CORRECT,no
MB-280,9780722163399,unknown,google_books,subtitle,MISSING,no
MB-280,9780722163399,unknown,google_books,authors,CORRECT,no
MB-280,9780722163399,unknown,google_books,language,UNVERIFIABLE,no
MB-280,9780722163399,unknown,google_books,publisher,MISSING,no
MB-280,9780722163399,unknown,google_books,publication_date,INCORRECT,no
MB-280,9780722163399,unknown,google_books,page_count,INCORRECT,no
MB-280,9780722163399,unknown,google_books,cover,MISSING,no
MB-280,9780722163399,unknown,google_books,work_link,MISSING,no
MB-280,9780722163399,unknown,google_books,series,MISSING,no
MB-280,9780722163399,unknown,google_books,series_position,MISSING,no
MB-280,9780722163399,unknown,google_books,subjects,MISSING,no
MB-280,9780722163399,unknown,wikidata,isbn_exact,MISSING,no
MB-280,9780722163399,unknown,wikidata,title,MISSING,no
MB-280,9780722163399,unknown,wikidata,subtitle,MISSING,no
MB-280,9780722163399,unknown,wikidata,authors,MISSING,no
MB-280,9780722163399,unknown,wikidata,language,MISSING,no
MB-280,9780722163399,unknown,wikidata,publisher,MISSING,no
MB-280,9780722163399,unknown,wikidata,publication_date,MISSING,no
MB-280,9780722163399,unknown,wikidata,page_count,MISSING,no
MB-280,9780722163399,unknown,wikidata,cover,MISSING,no
MB-280,9780722163399,unknown,wikidata,work_link,MISSING,no
MB-280,9780722163399,unknown,wikidata,series,MISSING,no
MB-280,9780722163399,unknown,wikidata,series_position,MISSING,no
MB-280,9780722163399,unknown,wikidata,subjects,MISSING,no
MB-280,9780722163399,unknown,bookbrainz,isbn_exact,MISSING,no
MB-280,9780722163399,unknown,bookbrainz,title,MISSING,no
MB-280,9780722163399,unknown,bookbrainz,subtitle,MISSING,no
MB-280,9780722163399,unknown,bookbrainz,authors,MISSING,no
MB-280,9780722163399,unknown,bookbrainz,language,MISSING,no
MB-280,9780722163399,unknown,bookbrainz,publisher,MISSING,no
MB-280,9780722163399,unknown,bookbrainz,publication_date,MISSING,no
MB-280,9780722163399,unknown,bookbrainz,page_count,MISSING,no
MB-280,9780722163399,unknown,bookbrainz,cover,MISSING,no
MB-280,9780722163399,unknown,bookbrainz,work_link,MISSING,no
MB-280,9780722163399,unknown,bookbrainz,series,MISSING,no
MB-280,9780722163399,unknown,bookbrainz,series_position,MISSING,no
MB-280,9780722163399,unknown,bookbrainz,subjects,MISSING,no
MB-281,9780747541141,unknown,open_library,isbn_exact,CORRECT,no
MB-281,9780747541141,unknown,open_library,title,CORRECT,no
MB-281,9780747541141,unknown,open_library,subtitle,MISSING,no
MB-281,9780747541141,unknown,open_library,authors,CORRECT,no
MB-281,9780747541141,unknown,open_library,language,MISSING,no
MB-281,9780747541141,unknown,open_library,publisher,CORRECT,no
MB-281,9780747541141,unknown,open_library,publication_date,CORRECT,no
MB-281,9780747541141,unknown,open_library,page_count,CORRECT,no
MB-281,9780747541141,unknown,open_library,cover,CORRECT,no
MB-281,9780747541141,unknown,open_library,work_link,CORRECT,no
MB-281,9780747541141,unknown,open_library,series,MISSING,no
MB-281,9780747541141,unknown,open_library,series_position,MISSING,no
MB-281,9780747541141,unknown,open_library,subjects,CORRECT,no
MB-281,9780747541141,unknown,google_books,isbn_exact,CORRECT,no
MB-281,9780747541141,unknown,google_books,title,CORRECT,no
MB-281,9780747541141,unknown,google_books,subtitle,MISSING,no
MB-281,9780747541141,unknown,google_books,authors,CORRECT,no
MB-281,9780747541141,unknown,google_books,language,UNVERIFIABLE,no
MB-281,9780747541141,unknown,google_books,publisher,INCORRECT,no
MB-281,9780747541141,unknown,google_books,publication_date,CORRECT,no
MB-281,9780747541141,unknown,google_books,page_count,CORRECT,no
MB-281,9780747541141,unknown,google_books,cover,CORRECT,no
MB-281,9780747541141,unknown,google_books,work_link,MISSING,no
MB-281,9780747541141,unknown,google_books,series,MISSING,no
MB-281,9780747541141,unknown,google_books,series_position,MISSING,no
MB-281,9780747541141,unknown,google_books,subjects,CORRECT,no
MB-281,9780747541141,unknown,wikidata,isbn_exact,MISSING,no
MB-281,9780747541141,unknown,wikidata,title,MISSING,no
MB-281,9780747541141,unknown,wikidata,subtitle,MISSING,no
MB-281,9780747541141,unknown,wikidata,authors,MISSING,no
MB-281,9780747541141,unknown,wikidata,language,MISSING,no
MB-281,9780747541141,unknown,wikidata,publisher,MISSING,no
MB-281,9780747541141,unknown,wikidata,publication_date,MISSING,no
MB-281,9780747541141,unknown,wikidata,page_count,MISSING,no
MB-281,9780747541141,unknown,wikidata,cover,MISSING,no
MB-281,9780747541141,unknown,wikidata,work_link,MISSING,no
MB-281,9780747541141,unknown,wikidata,series,MISSING,no
MB-281,9780747541141,unknown,wikidata,series_position,MISSING,no
MB-281,9780747541141,unknown,wikidata,subjects,MISSING,no
MB-281,9780747541141,unknown,bookbrainz,isbn_exact,MISSING,no
MB-281,9780747541141,unknown,bookbrainz,title,MISSING,no
MB-281,9780747541141,unknown,bookbrainz,subtitle,MISSING,no
MB-281,9780747541141,unknown,bookbrainz,authors,MISSING,no
MB-281,9780747541141,unknown,bookbrainz,language,MISSING,no
MB-281,9780747541141,unknown,bookbrainz,publisher,MISSING,no
MB-281,9780747541141,unknown,bookbrainz,publication_date,MISSING,no
MB-281,9780747541141,unknown,bookbrainz,page_count,MISSING,no
MB-281,9780747541141,unknown,bookbrainz,cover,MISSING,no
MB-281,9780747541141,unknown,bookbrainz,work_link,MISSING,no
MB-281,9780747541141,unknown,bookbrainz,series,MISSING,no
MB-281,9780747541141,unknown,bookbrainz,series_position,MISSING,no
MB-281,9780747541141,unknown,bookbrainz,subjects,MISSING,no
MB-282,9780747574507,en,open_library,isbn_exact,CORRECT,no
MB-282,9780747574507,en,open_library,title,CORRECT,no
MB-282,9780747574507,en,open_library,subtitle,MISSING,no
MB-282,9780747574507,en,open_library,authors,MISSING,no
MB-282,9780747574507,en,open_library,language,CORRECT,no
MB-282,9780747574507,en,open_library,publisher,CORRECT,no
MB-282,9780747574507,en,open_library,publication_date,CORRECT,no
MB-282,9780747574507,en,open_library,page_count,CORRECT,no
MB-282,9780747574507,en,open_library,cover,CORRECT,no
MB-282,9780747574507,en,open_library,work_link,CORRECT,no
MB-282,9780747574507,en,open_library,series,UNVERIFIABLE,no
MB-282,9780747574507,en,open_library,series_position,MISSING,no
MB-282,9780747574507,en,open_library,subjects,MISSING,no
MB-282,9780747574507,en,google_books,isbn_exact,CORRECT,no
MB-282,9780747574507,en,google_books,title,CORRECT,no
MB-282,9780747574507,en,google_books,subtitle,MISSING,no
MB-282,9780747574507,en,google_books,authors,UNVERIFIABLE,no
MB-282,9780747574507,en,google_books,language,CORRECT,no
MB-282,9780747574507,en,google_books,publisher,INCORRECT,no
MB-282,9780747574507,en,google_books,publication_date,CORRECT,no
MB-282,9780747574507,en,google_books,page_count,CORRECT,no
MB-282,9780747574507,en,google_books,cover,CORRECT,no
MB-282,9780747574507,en,google_books,work_link,MISSING,no
MB-282,9780747574507,en,google_books,series,MISSING,no
MB-282,9780747574507,en,google_books,series_position,MISSING,no
MB-282,9780747574507,en,google_books,subjects,CORRECT,no
MB-282,9780747574507,en,wikidata,isbn_exact,MISSING,no
MB-282,9780747574507,en,wikidata,title,MISSING,no
MB-282,9780747574507,en,wikidata,subtitle,MISSING,no
MB-282,9780747574507,en,wikidata,authors,MISSING,no
MB-282,9780747574507,en,wikidata,language,MISSING,no
MB-282,9780747574507,en,wikidata,publisher,MISSING,no
MB-282,9780747574507,en,wikidata,publication_date,MISSING,no
MB-282,9780747574507,en,wikidata,page_count,MISSING,no
MB-282,9780747574507,en,wikidata,cover,MISSING,no
MB-282,9780747574507,en,wikidata,work_link,MISSING,no
MB-282,9780747574507,en,wikidata,series,MISSING,no
MB-282,9780747574507,en,wikidata,series_position,MISSING,no
MB-282,9780747574507,en,wikidata,subjects,MISSING,no
MB-282,9780747574507,en,bookbrainz,isbn_exact,CORRECT,no
MB-282,9780747574507,en,bookbrainz,title,CORRECT,no
MB-282,9780747574507,en,bookbrainz,subtitle,MISSING,no
MB-282,9780747574507,en,bookbrainz,authors,MISSING,no
MB-282,9780747574507,en,bookbrainz,language,CORRECT,no
MB-282,9780747574507,en,bookbrainz,publisher,CORRECT,no
MB-282,9780747574507,en,bookbrainz,publication_date,CORRECT,no
MB-282,9780747574507,en,bookbrainz,page_count,CORRECT,no
MB-282,9780747574507,en,bookbrainz,cover,MISSING,no
MB-282,9780747574507,en,bookbrainz,work_link,CORRECT,no
MB-282,9780747574507,en,bookbrainz,series,MISSING,no
MB-282,9780747574507,en,bookbrainz,series_position,MISSING,no
MB-282,9780747574507,en,bookbrainz,subjects,MISSING,no
MB-283,9780749301606,unknown,open_library,isbn_exact,CORRECT,no
MB-283,9780749301606,unknown,open_library,title,CORRECT,no
MB-283,9780749301606,unknown,open_library,subtitle,MISSING,no
MB-283,9780749301606,unknown,open_library,authors,CORRECT,no
MB-283,9780749301606,unknown,open_library,language,MISSING,no
MB-283,9780749301606,unknown,open_library,publisher,CORRECT,no
MB-283,9780749301606,unknown,open_library,publication_date,CORRECT,no
MB-283,9780749301606,unknown,open_library,page_count,CORRECT,no
MB-283,9780749301606,unknown,open_library,cover,MISSING,no
MB-283,9780749301606,unknown,open_library,work_link,CORRECT,no
MB-283,9780749301606,unknown,open_library,series,MISSING,no
MB-283,9780749301606,unknown,open_library,series_position,MISSING,no
MB-283,9780749301606,unknown,open_library,subjects,CORRECT,no
MB-283,9780749301606,unknown,google_books,isbn_exact,CORRECT,no
MB-283,9780749301606,unknown,google_books,title,CORRECT,no
MB-283,9780749301606,unknown,google_books,subtitle,MISSING,no
MB-283,9780749301606,unknown,google_books,authors,CORRECT,no
MB-283,9780749301606,unknown,google_books,language,UNVERIFIABLE,no
MB-283,9780749301606,unknown,google_books,publisher,INCORRECT,no
MB-283,9780749301606,unknown,google_books,publication_date,CORRECT,no
MB-283,9780749301606,unknown,google_books,page_count,INCORRECT,no
MB-283,9780749301606,unknown,google_books,cover,MISSING,no
MB-283,9780749301606,unknown,google_books,work_link,MISSING,no
MB-283,9780749301606,unknown,google_books,series,MISSING,no
MB-283,9780749301606,unknown,google_books,series_position,MISSING,no
MB-283,9780749301606,unknown,google_books,subjects,MISSING,no
MB-283,9780749301606,unknown,wikidata,isbn_exact,MISSING,no
MB-283,9780749301606,unknown,wikidata,title,MISSING,no
MB-283,9780749301606,unknown,wikidata,subtitle,MISSING,no
MB-283,9780749301606,unknown,wikidata,authors,MISSING,no
MB-283,9780749301606,unknown,wikidata,language,MISSING,no
MB-283,9780749301606,unknown,wikidata,publisher,MISSING,no
MB-283,9780749301606,unknown,wikidata,publication_date,MISSING,no
MB-283,9780749301606,unknown,wikidata,page_count,MISSING,no
MB-283,9780749301606,unknown,wikidata,cover,MISSING,no
MB-283,9780749301606,unknown,wikidata,work_link,MISSING,no
MB-283,9780749301606,unknown,wikidata,series,MISSING,no
MB-283,9780749301606,unknown,wikidata,series_position,MISSING,no
MB-283,9780749301606,unknown,wikidata,subjects,MISSING,no
MB-283,9780749301606,unknown,bookbrainz,isbn_exact,MISSING,no
MB-283,9780749301606,unknown,bookbrainz,title,MISSING,no
MB-283,9780749301606,unknown,bookbrainz,subtitle,MISSING,no
MB-283,9780749301606,unknown,bookbrainz,authors,MISSING,no
MB-283,9780749301606,unknown,bookbrainz,language,MISSING,no
MB-283,9780749301606,unknown,bookbrainz,publisher,MISSING,no
MB-283,9780749301606,unknown,bookbrainz,publication_date,MISSING,no
MB-283,9780749301606,unknown,bookbrainz,page_count,MISSING,no
MB-283,9780749301606,unknown,bookbrainz,cover,MISSING,no
MB-283,9780749301606,unknown,bookbrainz,work_link,MISSING,no
MB-283,9780749301606,unknown,bookbrainz,series,MISSING,no
MB-283,9780749301606,unknown,bookbrainz,series_position,MISSING,no
MB-283,9780749301606,unknown,bookbrainz,subjects,MISSING,no
MB-284,9780786276363,en,open_library,isbn_exact,CORRECT,no
MB-284,9780786276363,en,open_library,title,CORRECT,no
MB-284,9780786276363,en,open_library,subtitle,UNVERIFIABLE,no
MB-284,9780786276363,en,open_library,authors,MISSING,no
MB-284,9780786276363,en,open_library,language,CORRECT,no
MB-284,9780786276363,en,open_library,publisher,CORRECT,no
MB-284,9780786276363,en,open_library,publication_date,CORRECT,no
MB-284,9780786276363,en,open_library,page_count,CORRECT,no
MB-284,9780786276363,en,open_library,cover,CORRECT,no
MB-284,9780786276363,en,open_library,work_link,CORRECT,no
MB-284,9780786276363,en,open_library,series,INCORRECT,yes
MB-284,9780786276363,en,open_library,series_position,MISSING,yes
MB-284,9780786276363,en,open_library,subjects,CORRECT,no
MB-284,9780786276363,en,google_books,isbn_exact,CORRECT,no
MB-284,9780786276363,en,google_books,title,CORRECT,no
MB-284,9780786276363,en,google_books,subtitle,UNVERIFIABLE,no
MB-284,9780786276363,en,google_books,authors,CORRECT,no
MB-284,9780786276363,en,google_books,language,CORRECT,no
MB-284,9780786276363,en,google_books,publisher,INCORRECT,no
MB-284,9780786276363,en,google_books,publication_date,INCORRECT,no
MB-284,9780786276363,en,google_books,page_count,MISSING,no
MB-284,9780786276363,en,google_books,cover,CORRECT,no
MB-284,9780786276363,en,google_books,work_link,MISSING,no
MB-284,9780786276363,en,google_books,series,MISSING,yes
MB-284,9780786276363,en,google_books,series_position,MISSING,yes
MB-284,9780786276363,en,google_books,subjects,CORRECT,no
MB-284,9780786276363,en,wikidata,isbn_exact,MISSING,no
MB-284,9780786276363,en,wikidata,title,MISSING,no
MB-284,9780786276363,en,wikidata,subtitle,MISSING,no
MB-284,9780786276363,en,wikidata,authors,MISSING,no
MB-284,9780786276363,en,wikidata,language,MISSING,no
MB-284,9780786276363,en,wikidata,publisher,MISSING,no
MB-284,9780786276363,en,wikidata,publication_date,MISSING,no
MB-284,9780786276363,en,wikidata,page_count,MISSING,no
MB-284,9780786276363,en,wikidata,cover,MISSING,no
MB-284,9780786276363,en,wikidata,work_link,MISSING,no
MB-284,9780786276363,en,wikidata,series,MISSING,yes
MB-284,9780786276363,en,wikidata,series_position,MISSING,yes
MB-284,9780786276363,en,wikidata,subjects,MISSING,no
MB-284,9780786276363,en,bookbrainz,isbn_exact,MISSING,no
MB-284,9780786276363,en,bookbrainz,title,MISSING,no
MB-284,9780786276363,en,bookbrainz,subtitle,MISSING,no
MB-284,9780786276363,en,bookbrainz,authors,MISSING,no
MB-284,9780786276363,en,bookbrainz,language,MISSING,no
MB-284,9780786276363,en,bookbrainz,publisher,MISSING,no
MB-284,9780786276363,en,bookbrainz,publication_date,MISSING,no
MB-284,9780786276363,en,bookbrainz,page_count,MISSING,no
MB-284,9780786276363,en,bookbrainz,cover,MISSING,no
MB-284,9780786276363,en,bookbrainz,work_link,MISSING,no
MB-284,9780786276363,en,bookbrainz,series,MISSING,yes
MB-284,9780786276363,en,bookbrainz,series_position,MISSING,yes
MB-284,9780786276363,en,bookbrainz,subjects,MISSING,no
MB-285,9780786916573,en,open_library,isbn_exact,CORRECT,no
MB-285,9780786916573,en,open_library,title,CORRECT,no
MB-285,9780786916573,en,open_library,subtitle,MISSING,no
MB-285,9780786916573,en,open_library,authors,CORRECT,no
MB-285,9780786916573,en,open_library,language,CORRECT,no
MB-285,9780786916573,en,open_library,publisher,CORRECT,no
MB-285,9780786916573,en,open_library,publication_date,CORRECT,no
MB-285,9780786916573,en,open_library,page_count,CORRECT,no
MB-285,9780786916573,en,open_library,cover,CORRECT,no
MB-285,9780786916573,en,open_library,work_link,CORRECT,no
MB-285,9780786916573,en,open_library,series,MISSING,no
MB-285,9780786916573,en,open_library,series_position,MISSING,no
MB-285,9780786916573,en,open_library,subjects,CORRECT,no
MB-285,9780786916573,en,google_books,isbn_exact,CORRECT,no
MB-285,9780786916573,en,google_books,title,CORRECT,no
MB-285,9780786916573,en,google_books,subtitle,MISSING,no
MB-285,9780786916573,en,google_books,authors,CORRECT,no
MB-285,9780786916573,en,google_books,language,CORRECT,no
MB-285,9780786916573,en,google_books,publisher,MISSING,no
MB-285,9780786916573,en,google_books,publication_date,CORRECT,no
MB-285,9780786916573,en,google_books,page_count,CORRECT,no
MB-285,9780786916573,en,google_books,cover,CORRECT,no
MB-285,9780786916573,en,google_books,work_link,MISSING,no
MB-285,9780786916573,en,google_books,series,MISSING,no
MB-285,9780786916573,en,google_books,series_position,MISSING,no
MB-285,9780786916573,en,google_books,subjects,CORRECT,no
MB-285,9780786916573,en,wikidata,isbn_exact,MISSING,no
MB-285,9780786916573,en,wikidata,title,MISSING,no
MB-285,9780786916573,en,wikidata,subtitle,MISSING,no
MB-285,9780786916573,en,wikidata,authors,MISSING,no
MB-285,9780786916573,en,wikidata,language,MISSING,no
MB-285,9780786916573,en,wikidata,publisher,MISSING,no
MB-285,9780786916573,en,wikidata,publication_date,MISSING,no
MB-285,9780786916573,en,wikidata,page_count,MISSING,no
MB-285,9780786916573,en,wikidata,cover,MISSING,no
MB-285,9780786916573,en,wikidata,work_link,MISSING,no
MB-285,9780786916573,en,wikidata,series,MISSING,no
MB-285,9780786916573,en,wikidata,series_position,MISSING,no
MB-285,9780786916573,en,wikidata,subjects,MISSING,no
MB-285,9780786916573,en,bookbrainz,isbn_exact,MISSING,no
MB-285,9780786916573,en,bookbrainz,title,MISSING,no
MB-285,9780786916573,en,bookbrainz,subtitle,MISSING,no
MB-285,9780786916573,en,bookbrainz,authors,MISSING,no
MB-285,9780786916573,en,bookbrainz,language,MISSING,no
MB-285,9780786916573,en,bookbrainz,publisher,MISSING,no
MB-285,9780786916573,en,bookbrainz,publication_date,MISSING,no
MB-285,9780786916573,en,bookbrainz,page_count,MISSING,no
MB-285,9780786916573,en,bookbrainz,cover,MISSING,no
MB-285,9780786916573,en,bookbrainz,work_link,MISSING,no
MB-285,9780786916573,en,bookbrainz,series,MISSING,no
MB-285,9780786916573,en,bookbrainz,series_position,MISSING,no
MB-285,9780786916573,en,bookbrainz,subjects,MISSING,no
MB-286,9781035033980,en,open_library,isbn_exact,MISSING,no
MB-286,9781035033980,en,open_library,title,MISSING,no
MB-286,9781035033980,en,open_library,subtitle,MISSING,no
MB-286,9781035033980,en,open_library,authors,MISSING,no
MB-286,9781035033980,en,open_library,language,MISSING,no
MB-286,9781035033980,en,open_library,publisher,MISSING,no
MB-286,9781035033980,en,open_library,publication_date,MISSING,no
MB-286,9781035033980,en,open_library,page_count,MISSING,no
MB-286,9781035033980,en,open_library,cover,MISSING,no
MB-286,9781035033980,en,open_library,work_link,MISSING,no
MB-286,9781035033980,en,open_library,series,MISSING,no
MB-286,9781035033980,en,open_library,series_position,MISSING,no
MB-286,9781035033980,en,open_library,subjects,MISSING,no
MB-286,9781035033980,en,google_books,isbn_exact,CORRECT,no
MB-286,9781035033980,en,google_books,title,INCORRECT,no
MB-286,9781035033980,en,google_books,subtitle,MISSING,no
MB-286,9781035033980,en,google_books,authors,CORRECT,no
MB-286,9781035033980,en,google_books,language,CORRECT,no
MB-286,9781035033980,en,google_books,publisher,CORRECT,no
MB-286,9781035033980,en,google_books,publication_date,CORRECT,no
MB-286,9781035033980,en,google_books,page_count,MISSING,no
MB-286,9781035033980,en,google_books,cover,CORRECT,no
MB-286,9781035033980,en,google_books,work_link,MISSING,no
MB-286,9781035033980,en,google_books,series,MISSING,no
MB-286,9781035033980,en,google_books,series_position,MISSING,no
MB-286,9781035033980,en,google_books,subjects,CORRECT,no
MB-286,9781035033980,en,wikidata,isbn_exact,MISSING,no
MB-286,9781035033980,en,wikidata,title,MISSING,no
MB-286,9781035033980,en,wikidata,subtitle,MISSING,no
MB-286,9781035033980,en,wikidata,authors,MISSING,no
MB-286,9781035033980,en,wikidata,language,MISSING,no
MB-286,9781035033980,en,wikidata,publisher,MISSING,no
MB-286,9781035033980,en,wikidata,publication_date,MISSING,no
MB-286,9781035033980,en,wikidata,page_count,MISSING,no
MB-286,9781035033980,en,wikidata,cover,MISSING,no
MB-286,9781035033980,en,wikidata,work_link,MISSING,no
MB-286,9781035033980,en,wikidata,series,MISSING,no
MB-286,9781035033980,en,wikidata,series_position,MISSING,no
MB-286,9781035033980,en,wikidata,subjects,MISSING,no
MB-286,9781035033980,en,bookbrainz,isbn_exact,MISSING,no
MB-286,9781035033980,en,bookbrainz,title,MISSING,no
MB-286,9781035033980,en,bookbrainz,subtitle,MISSING,no
MB-286,9781035033980,en,bookbrainz,authors,MISSING,no
MB-286,9781035033980,en,bookbrainz,language,MISSING,no
MB-286,9781035033980,en,bookbrainz,publisher,MISSING,no
MB-286,9781035033980,en,bookbrainz,publication_date,MISSING,no
MB-286,9781035033980,en,bookbrainz,page_count,MISSING,no
MB-286,9781035033980,en,bookbrainz,cover,MISSING,no
MB-286,9781035033980,en,bookbrainz,work_link,MISSING,no
MB-286,9781035033980,en,bookbrainz,series,MISSING,no
MB-286,9781035033980,en,bookbrainz,series_position,MISSING,no
MB-286,9781035033980,en,bookbrainz,subjects,MISSING,no
MB-287,9789020232523,nl,open_library,isbn_exact,CORRECT,no
MB-287,9789020232523,nl,open_library,title,CORRECT,no
MB-287,9789020232523,nl,open_library,subtitle,UNVERIFIABLE,no
MB-287,9789020232523,nl,open_library,authors,CORRECT,no
MB-287,9789020232523,nl,open_library,language,CORRECT,no
MB-287,9789020232523,nl,open_library,publisher,CORRECT,no
MB-287,9789020232523,nl,open_library,publication_date,CORRECT,no
MB-287,9789020232523,nl,open_library,page_count,CORRECT,no
MB-287,9789020232523,nl,open_library,cover,CORRECT,no
MB-287,9789020232523,nl,open_library,work_link,CORRECT,no
MB-287,9789020232523,nl,open_library,series,MISSING,no
MB-287,9789020232523,nl,open_library,series_position,MISSING,no
MB-287,9789020232523,nl,open_library,subjects,MISSING,no
MB-287,9789020232523,nl,google_books,isbn_exact,CORRECT,no
MB-287,9789020232523,nl,google_books,title,CORRECT,no
MB-287,9789020232523,nl,google_books,subtitle,UNVERIFIABLE,no
MB-287,9789020232523,nl,google_books,authors,CORRECT,no
MB-287,9789020232523,nl,google_books,language,CORRECT,no
MB-287,9789020232523,nl,google_books,publisher,MISSING,no
MB-287,9789020232523,nl,google_books,publication_date,INCORRECT,no
MB-287,9789020232523,nl,google_books,page_count,INCORRECT,no
MB-287,9789020232523,nl,google_books,cover,CORRECT,no
MB-287,9789020232523,nl,google_books,work_link,MISSING,no
MB-287,9789020232523,nl,google_books,series,MISSING,no
MB-287,9789020232523,nl,google_books,series_position,MISSING,no
MB-287,9789020232523,nl,google_books,subjects,MISSING,no
MB-287,9789020232523,nl,wikidata,isbn_exact,MISSING,no
MB-287,9789020232523,nl,wikidata,title,MISSING,no
MB-287,9789020232523,nl,wikidata,subtitle,MISSING,no
MB-287,9789020232523,nl,wikidata,authors,MISSING,no
MB-287,9789020232523,nl,wikidata,language,MISSING,no
MB-287,9789020232523,nl,wikidata,publisher,MISSING,no
MB-287,9789020232523,nl,wikidata,publication_date,MISSING,no
MB-287,9789020232523,nl,wikidata,page_count,MISSING,no
MB-287,9789020232523,nl,wikidata,cover,MISSING,no
MB-287,9789020232523,nl,wikidata,work_link,MISSING,no
MB-287,9789020232523,nl,wikidata,series,MISSING,no
MB-287,9789020232523,nl,wikidata,series_position,MISSING,no
MB-287,9789020232523,nl,wikidata,subjects,MISSING,no
MB-287,9789020232523,nl,bookbrainz,isbn_exact,MISSING,no
MB-287,9789020232523,nl,bookbrainz,title,MISSING,no
MB-287,9789020232523,nl,bookbrainz,subtitle,MISSING,no
MB-287,9789020232523,nl,bookbrainz,authors,MISSING,no
MB-287,9789020232523,nl,bookbrainz,language,MISSING,no
MB-287,9789020232523,nl,bookbrainz,publisher,MISSING,no
MB-287,9789020232523,nl,bookbrainz,publication_date,MISSING,no
MB-287,9789020232523,nl,bookbrainz,page_count,MISSING,no
MB-287,9789020232523,nl,bookbrainz,cover,MISSING,no
MB-287,9789020232523,nl,bookbrainz,work_link,MISSING,no
MB-287,9789020232523,nl,bookbrainz,series,MISSING,no
MB-287,9789020232523,nl,bookbrainz,series_position,MISSING,no
MB-287,9789020232523,nl,bookbrainz,subjects,MISSING,no
MB-288,9789023406747,nl,open_library,isbn_exact,MISSING,no
MB-288,9789023406747,nl,open_library,title,MISSING,no
MB-288,9789023406747,nl,open_library,subtitle,MISSING,no
MB-288,9789023406747,nl,open_library,authors,MISSING,no
MB-288,9789023406747,nl,open_library,language,MISSING,no
MB-288,9789023406747,nl,open_library,publisher,MISSING,no
MB-288,9789023406747,nl,open_library,publication_date,MISSING,no
MB-288,9789023406747,nl,open_library,page_count,MISSING,no
MB-288,9789023406747,nl,open_library,cover,MISSING,no
MB-288,9789023406747,nl,open_library,work_link,MISSING,no
MB-288,9789023406747,nl,open_library,series,MISSING,no
MB-288,9789023406747,nl,open_library,series_position,MISSING,no
MB-288,9789023406747,nl,open_library,subjects,MISSING,no
MB-288,9789023406747,nl,google_books,isbn_exact,CORRECT,no
MB-288,9789023406747,nl,google_books,title,CORRECT,no
MB-288,9789023406747,nl,google_books,subtitle,UNVERIFIABLE,no
MB-288,9789023406747,nl,google_books,authors,CORRECT,no
MB-288,9789023406747,nl,google_books,language,CORRECT,no
MB-288,9789023406747,nl,google_books,publisher,MISSING,no
MB-288,9789023406747,nl,google_books,publication_date,CORRECT,no
MB-288,9789023406747,nl,google_books,page_count,CORRECT,no
MB-288,9789023406747,nl,google_books,cover,MISSING,no
MB-288,9789023406747,nl,google_books,work_link,MISSING,no
MB-288,9789023406747,nl,google_books,series,MISSING,no
MB-288,9789023406747,nl,google_books,series_position,MISSING,no
MB-288,9789023406747,nl,google_books,subjects,MISSING,no
MB-288,9789023406747,nl,wikidata,isbn_exact,MISSING,no
MB-288,9789023406747,nl,wikidata,title,MISSING,no
MB-288,9789023406747,nl,wikidata,subtitle,MISSING,no
MB-288,9789023406747,nl,wikidata,authors,MISSING,no
MB-288,9789023406747,nl,wikidata,language,MISSING,no
MB-288,9789023406747,nl,wikidata,publisher,MISSING,no
MB-288,9789023406747,nl,wikidata,publication_date,MISSING,no
MB-288,9789023406747,nl,wikidata,page_count,MISSING,no
MB-288,9789023406747,nl,wikidata,cover,MISSING,no
MB-288,9789023406747,nl,wikidata,work_link,MISSING,no
MB-288,9789023406747,nl,wikidata,series,MISSING,no
MB-288,9789023406747,nl,wikidata,series_position,MISSING,no
MB-288,9789023406747,nl,wikidata,subjects,MISSING,no
MB-288,9789023406747,nl,bookbrainz,isbn_exact,MISSING,no
MB-288,9789023406747,nl,bookbrainz,title,MISSING,no
MB-288,9789023406747,nl,bookbrainz,subtitle,MISSING,no
MB-288,9789023406747,nl,bookbrainz,authors,MISSING,no
MB-288,9789023406747,nl,bookbrainz,language,MISSING,no
MB-288,9789023406747,nl,bookbrainz,publisher,MISSING,no
MB-288,9789023406747,nl,bookbrainz,publication_date,MISSING,no
MB-288,9789023406747,nl,bookbrainz,page_count,MISSING,no
MB-288,9789023406747,nl,bookbrainz,cover,MISSING,no
MB-288,9789023406747,nl,bookbrainz,work_link,MISSING,no
MB-288,9789023406747,nl,bookbrainz,series,MISSING,no
MB-288,9789023406747,nl,bookbrainz,series_position,MISSING,no
MB-288,9789023406747,nl,bookbrainz,subjects,MISSING,no
MB-289,9789024538164,unknown,open_library,isbn_exact,CORRECT,no
MB-289,9789024538164,unknown,open_library,title,CORRECT,no
MB-289,9789024538164,unknown,open_library,subtitle,MISSING,no
MB-289,9789024538164,unknown,open_library,authors,CORRECT,no
MB-289,9789024538164,unknown,open_library,language,MISSING,no
MB-289,9789024538164,unknown,open_library,publisher,CORRECT,no
MB-289,9789024538164,unknown,open_library,publication_date,CORRECT,no
MB-289,9789024538164,unknown,open_library,page_count,MISSING,no
MB-289,9789024538164,unknown,open_library,cover,CORRECT,no
MB-289,9789024538164,unknown,open_library,work_link,CORRECT,no
MB-289,9789024538164,unknown,open_library,series,MISSING,no
MB-289,9789024538164,unknown,open_library,series_position,MISSING,no
MB-289,9789024538164,unknown,open_library,subjects,MISSING,no
MB-289,9789024538164,unknown,google_books,isbn_exact,CORRECT,no
MB-289,9789024538164,unknown,google_books,title,CORRECT,no
MB-289,9789024538164,unknown,google_books,subtitle,MISSING,no
MB-289,9789024538164,unknown,google_books,authors,INCORRECT,no
MB-289,9789024538164,unknown,google_books,language,UNVERIFIABLE,no
MB-289,9789024538164,unknown,google_books,publisher,MISSING,no
MB-289,9789024538164,unknown,google_books,publication_date,CORRECT,no
MB-289,9789024538164,unknown,google_books,page_count,UNVERIFIABLE,no
MB-289,9789024538164,unknown,google_books,cover,MISSING,no
MB-289,9789024538164,unknown,google_books,work_link,MISSING,no
MB-289,9789024538164,unknown,google_books,series,MISSING,no
MB-289,9789024538164,unknown,google_books,series_position,MISSING,no
MB-289,9789024538164,unknown,google_books,subjects,MISSING,no
MB-289,9789024538164,unknown,wikidata,isbn_exact,MISSING,no
MB-289,9789024538164,unknown,wikidata,title,MISSING,no
MB-289,9789024538164,unknown,wikidata,subtitle,MISSING,no
MB-289,9789024538164,unknown,wikidata,authors,MISSING,no
MB-289,9789024538164,unknown,wikidata,language,MISSING,no
MB-289,9789024538164,unknown,wikidata,publisher,MISSING,no
MB-289,9789024538164,unknown,wikidata,publication_date,MISSING,no
MB-289,9789024538164,unknown,wikidata,page_count,MISSING,no
MB-289,9789024538164,unknown,wikidata,cover,MISSING,no
MB-289,9789024538164,unknown,wikidata,work_link,MISSING,no
MB-289,9789024538164,unknown,wikidata,series,MISSING,no
MB-289,9789024538164,unknown,wikidata,series_position,MISSING,no
MB-289,9789024538164,unknown,wikidata,subjects,MISSING,no
MB-289,9789024538164,unknown,bookbrainz,isbn_exact,MISSING,no
MB-289,9789024538164,unknown,bookbrainz,title,MISSING,no
MB-289,9789024538164,unknown,bookbrainz,subtitle,MISSING,no
MB-289,9789024538164,unknown,bookbrainz,authors,MISSING,no
MB-289,9789024538164,unknown,bookbrainz,language,MISSING,no
MB-289,9789024538164,unknown,bookbrainz,publisher,MISSING,no
MB-289,9789024538164,unknown,bookbrainz,publication_date,MISSING,no
MB-289,9789024538164,unknown,bookbrainz,page_count,MISSING,no
MB-289,9789024538164,unknown,bookbrainz,cover,MISSING,no
MB-289,9789024538164,unknown,bookbrainz,work_link,MISSING,no
MB-289,9789024538164,unknown,bookbrainz,series,MISSING,no
MB-289,9789024538164,unknown,bookbrainz,series_position,MISSING,no
MB-289,9789024538164,unknown,bookbrainz,subjects,MISSING,no
MB-290,9789029019637,nl,open_library,isbn_exact,MISSING,no
MB-290,9789029019637,nl,open_library,title,MISSING,no
MB-290,9789029019637,nl,open_library,subtitle,MISSING,no
MB-290,9789029019637,nl,open_library,authors,MISSING,no
MB-290,9789029019637,nl,open_library,language,MISSING,no
MB-290,9789029019637,nl,open_library,publisher,MISSING,no
MB-290,9789029019637,nl,open_library,publication_date,MISSING,no
MB-290,9789029019637,nl,open_library,page_count,MISSING,no
MB-290,9789029019637,nl,open_library,cover,MISSING,no
MB-290,9789029019637,nl,open_library,work_link,MISSING,no
MB-290,9789029019637,nl,open_library,series,MISSING,no
MB-290,9789029019637,nl,open_library,series_position,MISSING,no
MB-290,9789029019637,nl,open_library,subjects,MISSING,no
MB-290,9789029019637,nl,google_books,isbn_exact,CORRECT,no
MB-290,9789029019637,nl,google_books,title,CORRECT,no
MB-290,9789029019637,nl,google_books,subtitle,MISSING,no
MB-290,9789029019637,nl,google_books,authors,CORRECT,no
MB-290,9789029019637,nl,google_books,language,CORRECT,no
MB-290,9789029019637,nl,google_books,publisher,MISSING,no
MB-290,9789029019637,nl,google_books,publication_date,CORRECT,no
MB-290,9789029019637,nl,google_books,page_count,CORRECT,no
MB-290,9789029019637,nl,google_books,cover,MISSING,no
MB-290,9789029019637,nl,google_books,work_link,MISSING,no
MB-290,9789029019637,nl,google_books,series,MISSING,no
MB-290,9789029019637,nl,google_books,series_position,MISSING,no
MB-290,9789029019637,nl,google_books,subjects,MISSING,no
MB-290,9789029019637,nl,wikidata,isbn_exact,MISSING,no
MB-290,9789029019637,nl,wikidata,title,MISSING,no
MB-290,9789029019637,nl,wikidata,subtitle,MISSING,no
MB-290,9789029019637,nl,wikidata,authors,MISSING,no
MB-290,9789029019637,nl,wikidata,language,MISSING,no
MB-290,9789029019637,nl,wikidata,publisher,MISSING,no
MB-290,9789029019637,nl,wikidata,publication_date,MISSING,no
MB-290,9789029019637,nl,wikidata,page_count,MISSING,no
MB-290,9789029019637,nl,wikidata,cover,MISSING,no
MB-290,9789029019637,nl,wikidata,work_link,MISSING,no
MB-290,9789029019637,nl,wikidata,series,MISSING,no
MB-290,9789029019637,nl,wikidata,series_position,MISSING,no
MB-290,9789029019637,nl,wikidata,subjects,MISSING,no
MB-290,9789029019637,nl,bookbrainz,isbn_exact,MISSING,no
MB-290,9789029019637,nl,bookbrainz,title,MISSING,no
MB-290,9789029019637,nl,bookbrainz,subtitle,MISSING,no
MB-290,9789029019637,nl,bookbrainz,authors,MISSING,no
MB-290,9789029019637,nl,bookbrainz,language,MISSING,no
MB-290,9789029019637,nl,bookbrainz,publisher,MISSING,no
MB-290,9789029019637,nl,bookbrainz,publication_date,MISSING,no
MB-290,9789029019637,nl,bookbrainz,page_count,MISSING,no
MB-290,9789029019637,nl,bookbrainz,cover,MISSING,no
MB-290,9789029019637,nl,bookbrainz,work_link,MISSING,no
MB-290,9789029019637,nl,bookbrainz,series,MISSING,no
MB-290,9789029019637,nl,bookbrainz,series_position,MISSING,no
MB-290,9789029019637,nl,bookbrainz,subjects,MISSING,no
MB-291,9789029029322,unknown,open_library,isbn_exact,CORRECT,no
MB-291,9789029029322,unknown,open_library,title,CORRECT,no
MB-291,9789029029322,unknown,open_library,subtitle,MISSING,no
MB-291,9789029029322,unknown,open_library,authors,MISSING,no
MB-291,9789029029322,unknown,open_library,language,MISSING,no
MB-291,9789029029322,unknown,open_library,publisher,CORRECT,no
MB-291,9789029029322,unknown,open_library,publication_date,MISSING,no
MB-291,9789029029322,unknown,open_library,page_count,MISSING,no
MB-291,9789029029322,unknown,open_library,cover,CORRECT,no
MB-291,9789029029322,unknown,open_library,work_link,CORRECT,no
MB-291,9789029029322,unknown,open_library,series,MISSING,no
MB-291,9789029029322,unknown,open_library,series_position,MISSING,no
MB-291,9789029029322,unknown,open_library,subjects,MISSING,no
MB-291,9789029029322,unknown,google_books,isbn_exact,CORRECT,no
MB-291,9789029029322,unknown,google_books,title,CORRECT,no
MB-291,9789029029322,unknown,google_books,subtitle,UNVERIFIABLE,no
MB-291,9789029029322,unknown,google_books,authors,UNVERIFIABLE,no
MB-291,9789029029322,unknown,google_books,language,UNVERIFIABLE,no
MB-291,9789029029322,unknown,google_books,publisher,MISSING,no
MB-291,9789029029322,unknown,google_books,publication_date,UNVERIFIABLE,no
MB-291,9789029029322,unknown,google_books,page_count,UNVERIFIABLE,no
MB-291,9789029029322,unknown,google_books,cover,MISSING,no
MB-291,9789029029322,unknown,google_books,work_link,MISSING,no
MB-291,9789029029322,unknown,google_books,series,MISSING,no
MB-291,9789029029322,unknown,google_books,series_position,MISSING,no
MB-291,9789029029322,unknown,google_books,subjects,MISSING,no
MB-291,9789029029322,unknown,wikidata,isbn_exact,MISSING,no
MB-291,9789029029322,unknown,wikidata,title,MISSING,no
MB-291,9789029029322,unknown,wikidata,subtitle,MISSING,no
MB-291,9789029029322,unknown,wikidata,authors,MISSING,no
MB-291,9789029029322,unknown,wikidata,language,MISSING,no
MB-291,9789029029322,unknown,wikidata,publisher,MISSING,no
MB-291,9789029029322,unknown,wikidata,publication_date,MISSING,no
MB-291,9789029029322,unknown,wikidata,page_count,MISSING,no
MB-291,9789029029322,unknown,wikidata,cover,MISSING,no
MB-291,9789029029322,unknown,wikidata,work_link,MISSING,no
MB-291,9789029029322,unknown,wikidata,series,MISSING,no
MB-291,9789029029322,unknown,wikidata,series_position,MISSING,no
MB-291,9789029029322,unknown,wikidata,subjects,MISSING,no
MB-291,9789029029322,unknown,bookbrainz,isbn_exact,MISSING,no
MB-291,9789029029322,unknown,bookbrainz,title,MISSING,no
MB-291,9789029029322,unknown,bookbrainz,subtitle,MISSING,no
MB-291,9789029029322,unknown,bookbrainz,authors,MISSING,no
MB-291,9789029029322,unknown,bookbrainz,language,MISSING,no
MB-291,9789029029322,unknown,bookbrainz,publisher,MISSING,no
MB-291,9789029029322,unknown,bookbrainz,publication_date,MISSING,no
MB-291,9789029029322,unknown,bookbrainz,page_count,MISSING,no
MB-291,9789029029322,unknown,bookbrainz,cover,MISSING,no
MB-291,9789029029322,unknown,bookbrainz,work_link,MISSING,no
MB-291,9789029029322,unknown,bookbrainz,series,MISSING,no
MB-291,9789029029322,unknown,bookbrainz,series_position,MISSING,no
MB-291,9789029029322,unknown,bookbrainz,subjects,MISSING,no
MB-292,9789029044974,unknown,open_library,isbn_exact,CORRECT,no
MB-292,9789029044974,unknown,open_library,title,CORRECT,no
MB-292,9789029044974,unknown,open_library,subtitle,MISSING,no
MB-292,9789029044974,unknown,open_library,authors,MISSING,no
MB-292,9789029044974,unknown,open_library,language,MISSING,no
MB-292,9789029044974,unknown,open_library,publisher,CORRECT,no
MB-292,9789029044974,unknown,open_library,publication_date,MISSING,no
MB-292,9789029044974,unknown,open_library,page_count,MISSING,no
MB-292,9789029044974,unknown,open_library,cover,CORRECT,no
MB-292,9789029044974,unknown,open_library,work_link,CORRECT,no
MB-292,9789029044974,unknown,open_library,series,MISSING,no
MB-292,9789029044974,unknown,open_library,series_position,MISSING,no
MB-292,9789029044974,unknown,open_library,subjects,MISSING,no
MB-292,9789029044974,unknown,google_books,isbn_exact,CORRECT,no
MB-292,9789029044974,unknown,google_books,title,INCORRECT,no
MB-292,9789029044974,unknown,google_books,subtitle,MISSING,no
MB-292,9789029044974,unknown,google_books,authors,CORRECT,no
MB-292,9789029044974,unknown,google_books,language,UNVERIFIABLE,no
MB-292,9789029044974,unknown,google_books,publisher,MISSING,no
MB-292,9789029044974,unknown,google_books,publication_date,UNVERIFIABLE,no
MB-292,9789029044974,unknown,google_books,page_count,UNVERIFIABLE,no
MB-292,9789029044974,unknown,google_books,cover,MISSING,no
MB-292,9789029044974,unknown,google_books,work_link,MISSING,no
MB-292,9789029044974,unknown,google_books,series,MISSING,no
MB-292,9789029044974,unknown,google_books,series_position,MISSING,no
MB-292,9789029044974,unknown,google_books,subjects,MISSING,no
MB-292,9789029044974,unknown,wikidata,isbn_exact,MISSING,no
MB-292,9789029044974,unknown,wikidata,title,MISSING,no
MB-292,9789029044974,unknown,wikidata,subtitle,MISSING,no
MB-292,9789029044974,unknown,wikidata,authors,MISSING,no
MB-292,9789029044974,unknown,wikidata,language,MISSING,no
MB-292,9789029044974,unknown,wikidata,publisher,MISSING,no
MB-292,9789029044974,unknown,wikidata,publication_date,MISSING,no
MB-292,9789029044974,unknown,wikidata,page_count,MISSING,no
MB-292,9789029044974,unknown,wikidata,cover,MISSING,no
MB-292,9789029044974,unknown,wikidata,work_link,MISSING,no
MB-292,9789029044974,unknown,wikidata,series,MISSING,no
MB-292,9789029044974,unknown,wikidata,series_position,MISSING,no
MB-292,9789029044974,unknown,wikidata,subjects,MISSING,no
MB-292,9789029044974,unknown,bookbrainz,isbn_exact,MISSING,no
MB-292,9789029044974,unknown,bookbrainz,title,MISSING,no
MB-292,9789029044974,unknown,bookbrainz,subtitle,MISSING,no
MB-292,9789029044974,unknown,bookbrainz,authors,MISSING,no
MB-292,9789029044974,unknown,bookbrainz,language,MISSING,no
MB-292,9789029044974,unknown,bookbrainz,publisher,MISSING,no
MB-292,9789029044974,unknown,bookbrainz,publication_date,MISSING,no
MB-292,9789029044974,unknown,bookbrainz,page_count,MISSING,no
MB-292,9789029044974,unknown,bookbrainz,cover,MISSING,no
MB-292,9789029044974,unknown,bookbrainz,work_link,MISSING,no
MB-292,9789029044974,unknown,bookbrainz,series,MISSING,no
MB-292,9789029044974,unknown,bookbrainz,series_position,MISSING,no
MB-292,9789029044974,unknown,bookbrainz,subjects,MISSING,no
MB-293,9789029562744,unknown,open_library,isbn_exact,CORRECT,no
MB-293,9789029562744,unknown,open_library,title,CORRECT,no
MB-293,9789029562744,unknown,open_library,subtitle,MISSING,no
MB-293,9789029562744,unknown,open_library,authors,MISSING,no
MB-293,9789029562744,unknown,open_library,language,MISSING,no
MB-293,9789029562744,unknown,open_library,publisher,CORRECT,no
MB-293,9789029562744,unknown,open_library,publication_date,MISSING,no
MB-293,9789029562744,unknown,open_library,page_count,MISSING,no
MB-293,9789029562744,unknown,open_library,cover,CORRECT,no
MB-293,9789029562744,unknown,open_library,work_link,CORRECT,no
MB-293,9789029562744,unknown,open_library,series,MISSING,no
MB-293,9789029562744,unknown,open_library,series_position,MISSING,no
MB-293,9789029562744,unknown,open_library,subjects,MISSING,no
MB-293,9789029562744,unknown,google_books,isbn_exact,CORRECT,no
MB-293,9789029562744,unknown,google_books,title,CORRECT,no
MB-293,9789029562744,unknown,google_books,subtitle,UNVERIFIABLE,no
MB-293,9789029562744,unknown,google_books,authors,CORRECT,no
MB-293,9789029562744,unknown,google_books,language,UNVERIFIABLE,no
MB-293,9789029562744,unknown,google_books,publisher,MISSING,no
MB-293,9789029562744,unknown,google_books,publication_date,UNVERIFIABLE,no
MB-293,9789029562744,unknown,google_books,page_count,UNVERIFIABLE,no
MB-293,9789029562744,unknown,google_books,cover,MISSING,no
MB-293,9789029562744,unknown,google_books,work_link,MISSING,no
MB-293,9789029562744,unknown,google_books,series,MISSING,no
MB-293,9789029562744,unknown,google_books,series_position,MISSING,no
MB-293,9789029562744,unknown,google_books,subjects,MISSING,no
MB-293,9789029562744,unknown,wikidata,isbn_exact,MISSING,no
MB-293,9789029562744,unknown,wikidata,title,MISSING,no
MB-293,9789029562744,unknown,wikidata,subtitle,MISSING,no
MB-293,9789029562744,unknown,wikidata,authors,MISSING,no
MB-293,9789029562744,unknown,wikidata,language,MISSING,no
MB-293,9789029562744,unknown,wikidata,publisher,MISSING,no
MB-293,9789029562744,unknown,wikidata,publication_date,MISSING,no
MB-293,9789029562744,unknown,wikidata,page_count,MISSING,no
MB-293,9789029562744,unknown,wikidata,cover,MISSING,no
MB-293,9789029562744,unknown,wikidata,work_link,MISSING,no
MB-293,9789029562744,unknown,wikidata,series,MISSING,no
MB-293,9789029562744,unknown,wikidata,series_position,MISSING,no
MB-293,9789029562744,unknown,wikidata,subjects,MISSING,no
MB-293,9789029562744,unknown,bookbrainz,isbn_exact,MISSING,no
MB-293,9789029562744,unknown,bookbrainz,title,MISSING,no
MB-293,9789029562744,unknown,bookbrainz,subtitle,MISSING,no
MB-293,9789029562744,unknown,bookbrainz,authors,MISSING,no
MB-293,9789029562744,unknown,bookbrainz,language,MISSING,no
MB-293,9789029562744,unknown,bookbrainz,publisher,MISSING,no
MB-293,9789029562744,unknown,bookbrainz,publication_date,MISSING,no
MB-293,9789029562744,unknown,bookbrainz,page_count,MISSING,no
MB-293,9789029562744,unknown,bookbrainz,cover,MISSING,no
MB-293,9789029562744,unknown,bookbrainz,work_link,MISSING,no
MB-293,9789029562744,unknown,bookbrainz,series,MISSING,no
MB-293,9789029562744,unknown,bookbrainz,series_position,MISSING,no
MB-293,9789029562744,unknown,bookbrainz,subjects,MISSING,no
MB-294,9789060136317,unknown,open_library,isbn_exact,MISSING,no
MB-294,9789060136317,unknown,open_library,title,MISSING,no
MB-294,9789060136317,unknown,open_library,subtitle,MISSING,no
MB-294,9789060136317,unknown,open_library,authors,MISSING,no
MB-294,9789060136317,unknown,open_library,language,MISSING,no
MB-294,9789060136317,unknown,open_library,publisher,MISSING,no
MB-294,9789060136317,unknown,open_library,publication_date,MISSING,no
MB-294,9789060136317,unknown,open_library,page_count,MISSING,no
MB-294,9789060136317,unknown,open_library,cover,MISSING,no
MB-294,9789060136317,unknown,open_library,work_link,MISSING,no
MB-294,9789060136317,unknown,open_library,series,MISSING,no
MB-294,9789060136317,unknown,open_library,series_position,MISSING,no
MB-294,9789060136317,unknown,open_library,subjects,MISSING,no
MB-294,9789060136317,unknown,google_books,isbn_exact,INCORRECT,no
MB-294,9789060136317,unknown,google_books,title,CORRECT,no
MB-294,9789060136317,unknown,google_books,subtitle,UNVERIFIABLE,no
MB-294,9789060136317,unknown,google_books,authors,CORRECT,no
MB-294,9789060136317,unknown,google_books,language,UNVERIFIABLE,no
MB-294,9789060136317,unknown,google_books,publisher,MISSING,no
MB-294,9789060136317,unknown,google_books,publication_date,CORRECT,no
MB-294,9789060136317,unknown,google_books,page_count,CORRECT,no
MB-294,9789060136317,unknown,google_books,cover,CORRECT,no
MB-294,9789060136317,unknown,google_books,work_link,MISSING,no
MB-294,9789060136317,unknown,google_books,series,MISSING,no
MB-294,9789060136317,unknown,google_books,series_position,MISSING,no
MB-294,9789060136317,unknown,google_books,subjects,CORRECT,no
MB-294,9789060136317,unknown,wikidata,isbn_exact,MISSING,no
MB-294,9789060136317,unknown,wikidata,title,MISSING,no
MB-294,9789060136317,unknown,wikidata,subtitle,MISSING,no
MB-294,9789060136317,unknown,wikidata,authors,MISSING,no
MB-294,9789060136317,unknown,wikidata,language,MISSING,no
MB-294,9789060136317,unknown,wikidata,publisher,MISSING,no
MB-294,9789060136317,unknown,wikidata,publication_date,MISSING,no
MB-294,9789060136317,unknown,wikidata,page_count,MISSING,no
MB-294,9789060136317,unknown,wikidata,cover,MISSING,no
MB-294,9789060136317,unknown,wikidata,work_link,MISSING,no
MB-294,9789060136317,unknown,wikidata,series,MISSING,no
MB-294,9789060136317,unknown,wikidata,series_position,MISSING,no
MB-294,9789060136317,unknown,wikidata,subjects,MISSING,no
MB-294,9789060136317,unknown,bookbrainz,isbn_exact,MISSING,no
MB-294,9789060136317,unknown,bookbrainz,title,MISSING,no
MB-294,9789060136317,unknown,bookbrainz,subtitle,MISSING,no
MB-294,9789060136317,unknown,bookbrainz,authors,MISSING,no
MB-294,9789060136317,unknown,bookbrainz,language,MISSING,no
MB-294,9789060136317,unknown,bookbrainz,publisher,MISSING,no
MB-294,9789060136317,unknown,bookbrainz,publication_date,MISSING,no
MB-294,9789060136317,unknown,bookbrainz,page_count,MISSING,no
MB-294,9789060136317,unknown,bookbrainz,cover,MISSING,no
MB-294,9789060136317,unknown,bookbrainz,work_link,MISSING,no
MB-294,9789060136317,unknown,bookbrainz,series,MISSING,no
MB-294,9789060136317,unknown,bookbrainz,series_position,MISSING,no
MB-294,9789060136317,unknown,bookbrainz,subjects,MISSING,no
MB-295,9789060910818,unknown,open_library,isbn_exact,MISSING,no
MB-295,9789060910818,unknown,open_library,title,MISSING,no
MB-295,9789060910818,unknown,open_library,subtitle,MISSING,no
MB-295,9789060910818,unknown,open_library,authors,MISSING,no
MB-295,9789060910818,unknown,open_library,language,MISSING,no
MB-295,9789060910818,unknown,open_library,publisher,MISSING,no
MB-295,9789060910818,unknown,open_library,publication_date,MISSING,no
MB-295,9789060910818,unknown,open_library,page_count,MISSING,no
MB-295,9789060910818,unknown,open_library,cover,MISSING,no
MB-295,9789060910818,unknown,open_library,work_link,MISSING,no
MB-295,9789060910818,unknown,open_library,series,MISSING,no
MB-295,9789060910818,unknown,open_library,series_position,MISSING,no
MB-295,9789060910818,unknown,open_library,subjects,MISSING,no
MB-295,9789060910818,unknown,google_books,isbn_exact,CORRECT,no
MB-295,9789060910818,unknown,google_books,title,CORRECT,no
MB-295,9789060910818,unknown,google_books,subtitle,MISSING,no
MB-295,9789060910818,unknown,google_books,authors,CORRECT,no
MB-295,9789060910818,unknown,google_books,language,UNVERIFIABLE,no
MB-295,9789060910818,unknown,google_books,publisher,MISSING,no
MB-295,9789060910818,unknown,google_books,publication_date,CORRECT,no
MB-295,9789060910818,unknown,google_books,page_count,UNVERIFIABLE,no
MB-295,9789060910818,unknown,google_books,cover,MISSING,no
MB-295,9789060910818,unknown,google_books,work_link,MISSING,no
MB-295,9789060910818,unknown,google_books,series,MISSING,no
MB-295,9789060910818,unknown,google_books,series_position,MISSING,no
MB-295,9789060910818,unknown,google_books,subjects,MISSING,no
MB-295,9789060910818,unknown,wikidata,isbn_exact,MISSING,no
MB-295,9789060910818,unknown,wikidata,title,MISSING,no
MB-295,9789060910818,unknown,wikidata,subtitle,MISSING,no
MB-295,9789060910818,unknown,wikidata,authors,MISSING,no
MB-295,9789060910818,unknown,wikidata,language,MISSING,no
MB-295,9789060910818,unknown,wikidata,publisher,MISSING,no
MB-295,9789060910818,unknown,wikidata,publication_date,MISSING,no
MB-295,9789060910818,unknown,wikidata,page_count,MISSING,no
MB-295,9789060910818,unknown,wikidata,cover,MISSING,no
MB-295,9789060910818,unknown,wikidata,work_link,MISSING,no
MB-295,9789060910818,unknown,wikidata,series,MISSING,no
MB-295,9789060910818,unknown,wikidata,series_position,MISSING,no
MB-295,9789060910818,unknown,wikidata,subjects,MISSING,no
MB-295,9789060910818,unknown,bookbrainz,isbn_exact,MISSING,no
MB-295,9789060910818,unknown,bookbrainz,title,MISSING,no
MB-295,9789060910818,unknown,bookbrainz,subtitle,MISSING,no
MB-295,9789060910818,unknown,bookbrainz,authors,MISSING,no
MB-295,9789060910818,unknown,bookbrainz,language,MISSING,no
MB-295,9789060910818,unknown,bookbrainz,publisher,MISSING,no
MB-295,9789060910818,unknown,bookbrainz,publication_date,MISSING,no
MB-295,9789060910818,unknown,bookbrainz,page_count,MISSING,no
MB-295,9789060910818,unknown,bookbrainz,cover,MISSING,no
MB-295,9789060910818,unknown,bookbrainz,work_link,MISSING,no
MB-295,9789060910818,unknown,bookbrainz,series,MISSING,no
MB-295,9789060910818,unknown,bookbrainz,series_position,MISSING,no
MB-295,9789060910818,unknown,bookbrainz,subjects,MISSING,no
MB-296,9789061203858,nl,open_library,isbn_exact,MISSING,no
MB-296,9789061203858,nl,open_library,title,MISSING,no
MB-296,9789061203858,nl,open_library,subtitle,MISSING,no
MB-296,9789061203858,nl,open_library,authors,MISSING,no
MB-296,9789061203858,nl,open_library,language,MISSING,no
MB-296,9789061203858,nl,open_library,publisher,MISSING,no
MB-296,9789061203858,nl,open_library,publication_date,MISSING,no
MB-296,9789061203858,nl,open_library,page_count,MISSING,no
MB-296,9789061203858,nl,open_library,cover,MISSING,no
MB-296,9789061203858,nl,open_library,work_link,MISSING,no
MB-296,9789061203858,nl,open_library,series,MISSING,no
MB-296,9789061203858,nl,open_library,series_position,MISSING,no
MB-296,9789061203858,nl,open_library,subjects,MISSING,no
MB-296,9789061203858,nl,google_books,isbn_exact,CORRECT,no
MB-296,9789061203858,nl,google_books,title,CORRECT,no
MB-296,9789061203858,nl,google_books,subtitle,MISSING,no
MB-296,9789061203858,nl,google_books,authors,CORRECT,no
MB-296,9789061203858,nl,google_books,language,CORRECT,no
MB-296,9789061203858,nl,google_books,publisher,MISSING,no
MB-296,9789061203858,nl,google_books,publication_date,CORRECT,no
MB-296,9789061203858,nl,google_books,page_count,CORRECT,no
MB-296,9789061203858,nl,google_books,cover,MISSING,no
MB-296,9789061203858,nl,google_books,work_link,MISSING,no
MB-296,9789061203858,nl,google_books,series,MISSING,no
MB-296,9789061203858,nl,google_books,series_position,MISSING,no
MB-296,9789061203858,nl,google_books,subjects,CORRECT,no
MB-296,9789061203858,nl,wikidata,isbn_exact,MISSING,no
MB-296,9789061203858,nl,wikidata,title,MISSING,no
MB-296,9789061203858,nl,wikidata,subtitle,MISSING,no
MB-296,9789061203858,nl,wikidata,authors,MISSING,no
MB-296,9789061203858,nl,wikidata,language,MISSING,no
MB-296,9789061203858,nl,wikidata,publisher,MISSING,no
MB-296,9789061203858,nl,wikidata,publication_date,MISSING,no
MB-296,9789061203858,nl,wikidata,page_count,MISSING,no
MB-296,9789061203858,nl,wikidata,cover,MISSING,no
MB-296,9789061203858,nl,wikidata,work_link,MISSING,no
MB-296,9789061203858,nl,wikidata,series,MISSING,no
MB-296,9789061203858,nl,wikidata,series_position,MISSING,no
MB-296,9789061203858,nl,wikidata,subjects,MISSING,no
MB-296,9789061203858,nl,bookbrainz,isbn_exact,MISSING,no
MB-296,9789061203858,nl,bookbrainz,title,MISSING,no
MB-296,9789061203858,nl,bookbrainz,subtitle,MISSING,no
MB-296,9789061203858,nl,bookbrainz,authors,MISSING,no
MB-296,9789061203858,nl,bookbrainz,language,MISSING,no
MB-296,9789061203858,nl,bookbrainz,publisher,MISSING,no
MB-296,9789061203858,nl,bookbrainz,publication_date,MISSING,no
MB-296,9789061203858,nl,bookbrainz,page_count,MISSING,no
MB-296,9789061203858,nl,bookbrainz,cover,MISSING,no
MB-296,9789061203858,nl,bookbrainz,work_link,MISSING,no
MB-296,9789061203858,nl,bookbrainz,series,MISSING,no
MB-296,9789061203858,nl,bookbrainz,series_position,MISSING,no
MB-296,9789061203858,nl,bookbrainz,subjects,MISSING,no
MB-297,9789070135089,nl,open_library,isbn_exact,CORRECT,no
MB-297,9789070135089,nl,open_library,title,CORRECT,no
MB-297,9789070135089,nl,open_library,subtitle,UNVERIFIABLE,no
MB-297,9789070135089,nl,open_library,authors,CORRECT,no
MB-297,9789070135089,nl,open_library,language,CORRECT,no
MB-297,9789070135089,nl,open_library,publisher,CORRECT,no
MB-297,9789070135089,nl,open_library,publication_date,CORRECT,no
MB-297,9789070135089,nl,open_library,page_count,CORRECT,no
MB-297,9789070135089,nl,open_library,cover,MISSING,no
MB-297,9789070135089,nl,open_library,work_link,CORRECT,no
MB-297,9789070135089,nl,open_library,series,MISSING,no
MB-297,9789070135089,nl,open_library,series_position,MISSING,no
MB-297,9789070135089,nl,open_library,subjects,MISSING,no
MB-297,9789070135089,nl,google_books,isbn_exact,CORRECT,no
MB-297,9789070135089,nl,google_books,title,CORRECT,no
MB-297,9789070135089,nl,google_books,subtitle,UNVERIFIABLE,no
MB-297,9789070135089,nl,google_books,authors,INCORRECT,no
MB-297,9789070135089,nl,google_books,language,CORRECT,no
MB-297,9789070135089,nl,google_books,publisher,MISSING,no
MB-297,9789070135089,nl,google_books,publication_date,CORRECT,no
MB-297,9789070135089,nl,google_books,page_count,CORRECT,no
MB-297,9789070135089,nl,google_books,cover,MISSING,no
MB-297,9789070135089,nl,google_books,work_link,MISSING,no
MB-297,9789070135089,nl,google_books,series,MISSING,no
MB-297,9789070135089,nl,google_books,series_position,MISSING,no
MB-297,9789070135089,nl,google_books,subjects,MISSING,no
MB-297,9789070135089,nl,wikidata,isbn_exact,MISSING,no
MB-297,9789070135089,nl,wikidata,title,MISSING,no
MB-297,9789070135089,nl,wikidata,subtitle,MISSING,no
MB-297,9789070135089,nl,wikidata,authors,MISSING,no
MB-297,9789070135089,nl,wikidata,language,MISSING,no
MB-297,9789070135089,nl,wikidata,publisher,MISSING,no
MB-297,9789070135089,nl,wikidata,publication_date,MISSING,no
MB-297,9789070135089,nl,wikidata,page_count,MISSING,no
MB-297,9789070135089,nl,wikidata,cover,MISSING,no
MB-297,9789070135089,nl,wikidata,work_link,MISSING,no
MB-297,9789070135089,nl,wikidata,series,MISSING,no
MB-297,9789070135089,nl,wikidata,series_position,MISSING,no
MB-297,9789070135089,nl,wikidata,subjects,MISSING,no
MB-297,9789070135089,nl,bookbrainz,isbn_exact,MISSING,no
MB-297,9789070135089,nl,bookbrainz,title,MISSING,no
MB-297,9789070135089,nl,bookbrainz,subtitle,MISSING,no
MB-297,9789070135089,nl,bookbrainz,authors,MISSING,no
MB-297,9789070135089,nl,bookbrainz,language,MISSING,no
MB-297,9789070135089,nl,bookbrainz,publisher,MISSING,no
MB-297,9789070135089,nl,bookbrainz,publication_date,MISSING,no
MB-297,9789070135089,nl,bookbrainz,page_count,MISSING,no
MB-297,9789070135089,nl,bookbrainz,cover,MISSING,no
MB-297,9789070135089,nl,bookbrainz,work_link,MISSING,no
MB-297,9789070135089,nl,bookbrainz,series,MISSING,no
MB-297,9789070135089,nl,bookbrainz,series_position,MISSING,no
MB-297,9789070135089,nl,bookbrainz,subjects,MISSING,no
MB-298,9780006177302,en,open_library,isbn_exact,CORRECT,no
MB-298,9780006177302,en,open_library,title,CORRECT,no
MB-298,9780006177302,en,open_library,subtitle,MISSING,no
MB-298,9780006177302,en,open_library,authors,CORRECT,no
MB-298,9780006177302,en,open_library,language,CORRECT,no
MB-298,9780006177302,en,open_library,publisher,CORRECT,no
MB-298,9780006177302,en,open_library,publication_date,CORRECT,no
MB-298,9780006177302,en,open_library,page_count,CORRECT,no
MB-298,9780006177302,en,open_library,cover,CORRECT,no
MB-298,9780006177302,en,open_library,work_link,CORRECT,no
MB-298,9780006177302,en,open_library,series,MISSING,no
MB-298,9780006177302,en,open_library,series_position,MISSING,no
MB-298,9780006177302,en,open_library,subjects,MISSING,no
MB-298,9780006177302,en,google_books,isbn_exact,CORRECT,no
MB-298,9780006177302,en,google_books,title,CORRECT,no
MB-298,9780006177302,en,google_books,subtitle,MISSING,no
MB-298,9780006177302,en,google_books,authors,CORRECT,no
MB-298,9780006177302,en,google_books,language,CORRECT,no
MB-298,9780006177302,en,google_books,publisher,CORRECT,no
MB-298,9780006177302,en,google_books,publication_date,INCORRECT,no
MB-298,9780006177302,en,google_books,page_count,INCORRECT,no
MB-298,9780006177302,en,google_books,cover,CORRECT,no
MB-298,9780006177302,en,google_books,work_link,MISSING,no
MB-298,9780006177302,en,google_books,series,MISSING,no
MB-298,9780006177302,en,google_books,series_position,MISSING,no
MB-298,9780006177302,en,google_books,subjects,CORRECT,no
MB-298,9780006177302,en,wikidata,isbn_exact,MISSING,no
MB-298,9780006177302,en,wikidata,title,MISSING,no
MB-298,9780006177302,en,wikidata,subtitle,MISSING,no
MB-298,9780006177302,en,wikidata,authors,MISSING,no
MB-298,9780006177302,en,wikidata,language,MISSING,no
MB-298,9780006177302,en,wikidata,publisher,MISSING,no
MB-298,9780006177302,en,wikidata,publication_date,MISSING,no
MB-298,9780006177302,en,wikidata,page_count,MISSING,no
MB-298,9780006177302,en,wikidata,cover,MISSING,no
MB-298,9780006177302,en,wikidata,work_link,MISSING,no
MB-298,9780006177302,en,wikidata,series,MISSING,no
MB-298,9780006177302,en,wikidata,series_position,MISSING,no
MB-298,9780006177302,en,wikidata,subjects,MISSING,no
MB-298,9780006177302,en,bookbrainz,isbn_exact,MISSING,no
MB-298,9780006177302,en,bookbrainz,title,MISSING,no
MB-298,9780006177302,en,bookbrainz,subtitle,MISSING,no
MB-298,9780006177302,en,bookbrainz,authors,MISSING,no
MB-298,9780006177302,en,bookbrainz,language,MISSING,no
MB-298,9780006177302,en,bookbrainz,publisher,MISSING,no
MB-298,9780006177302,en,bookbrainz,publication_date,MISSING,no
MB-298,9780006177302,en,bookbrainz,page_count,MISSING,no
MB-298,9780006177302,en,bookbrainz,cover,MISSING,no
MB-298,9780006177302,en,bookbrainz,work_link,MISSING,no
MB-298,9780006177302,en,bookbrainz,series,MISSING,no
MB-298,9780006177302,en,bookbrainz,series_position,MISSING,no
MB-298,9780006177302,en,bookbrainz,subjects,MISSING,no
MB-299,9780446697972,en,open_library,isbn_exact,CORRECT,no
MB-299,9780446697972,en,open_library,title,CORRECT,no
MB-299,9780446697972,en,open_library,subtitle,MISSING,no
MB-299,9780446697972,en,open_library,authors,CORRECT,no
MB-299,9780446697972,en,open_library,language,CORRECT,no
MB-299,9780446697972,en,open_library,publisher,CORRECT,no
MB-299,9780446697972,en,open_library,publication_date,CORRECT,no
MB-299,9780446697972,en,open_library,page_count,CORRECT,no
MB-299,9780446697972,en,open_library,cover,CORRECT,no
MB-299,9780446697972,en,open_library,work_link,CORRECT,no
MB-299,9780446697972,en,open_library,series,MISSING,no
MB-299,9780446697972,en,open_library,series_position,MISSING,no
MB-299,9780446697972,en,open_library,subjects,CORRECT,no
MB-299,9780446697972,en,google_books,isbn_exact,CORRECT,no
MB-299,9780446697972,en,google_books,title,CORRECT,no
MB-299,9780446697972,en,google_books,subtitle,MISSING,no
MB-299,9780446697972,en,google_books,authors,CORRECT,no
MB-299,9780446697972,en,google_books,language,CORRECT,no
MB-299,9780446697972,en,google_books,publisher,CORRECT,no
MB-299,9780446697972,en,google_books,publication_date,CORRECT,no
MB-299,9780446697972,en,google_books,page_count,CORRECT,no
MB-299,9780446697972,en,google_books,cover,CORRECT,no
MB-299,9780446697972,en,google_books,work_link,MISSING,no
MB-299,9780446697972,en,google_books,series,MISSING,no
MB-299,9780446697972,en,google_books,series_position,MISSING,no
MB-299,9780446697972,en,google_books,subjects,CORRECT,no
MB-299,9780446697972,en,wikidata,isbn_exact,MISSING,no
MB-299,9780446697972,en,wikidata,title,MISSING,no
MB-299,9780446697972,en,wikidata,subtitle,MISSING,no
MB-299,9780446697972,en,wikidata,authors,MISSING,no
MB-299,9780446697972,en,wikidata,language,MISSING,no
MB-299,9780446697972,en,wikidata,publisher,MISSING,no
MB-299,9780446697972,en,wikidata,publication_date,MISSING,no
MB-299,9780446697972,en,wikidata,page_count,MISSING,no
MB-299,9780446697972,en,wikidata,cover,MISSING,no
MB-299,9780446697972,en,wikidata,work_link,MISSING,no
MB-299,9780446697972,en,wikidata,series,MISSING,no
MB-299,9780446697972,en,wikidata,series_position,MISSING,no
MB-299,9780446697972,en,wikidata,subjects,MISSING,no
MB-299,9780446697972,en,bookbrainz,isbn_exact,MISSING,no
MB-299,9780446697972,en,bookbrainz,title,MISSING,no
MB-299,9780446697972,en,bookbrainz,subtitle,MISSING,no
MB-299,9780446697972,en,bookbrainz,authors,MISSING,no
MB-299,9780446697972,en,bookbrainz,language,MISSING,no
MB-299,9780446697972,en,bookbrainz,publisher,MISSING,no
MB-299,9780446697972,en,bookbrainz,publication_date,MISSING,no
MB-299,9780446697972,en,bookbrainz,page_count,MISSING,no
MB-299,9780446697972,en,bookbrainz,cover,MISSING,no
MB-299,9780446697972,en,bookbrainz,work_link,MISSING,no
MB-299,9780446697972,en,bookbrainz,series,MISSING,no
MB-299,9780446697972,en,bookbrainz,series_position,MISSING,no
MB-299,9780446697972,en,bookbrainz,subjects,MISSING,no
MB-300,9781529101249,en,open_library,isbn_exact,CORRECT,no
MB-300,9781529101249,en,open_library,title,CORRECT,no
MB-300,9781529101249,en,open_library,subtitle,UNVERIFIABLE,no
MB-300,9781529101249,en,open_library,authors,CORRECT,no
MB-300,9781529101249,en,open_library,language,CORRECT,no
MB-300,9781529101249,en,open_library,publisher,CORRECT,no
MB-300,9781529101249,en,open_library,publication_date,CORRECT,no
MB-300,9781529101249,en,open_library,page_count,CORRECT,no
MB-300,9781529101249,en,open_library,cover,CORRECT,no
MB-300,9781529101249,en,open_library,work_link,CORRECT,no
MB-300,9781529101249,en,open_library,series,MISSING,no
MB-300,9781529101249,en,open_library,series_position,MISSING,no
MB-300,9781529101249,en,open_library,subjects,CORRECT,no
MB-300,9781529101249,en,google_books,isbn_exact,CORRECT,no
MB-300,9781529101249,en,google_books,title,INCORRECT,no
MB-300,9781529101249,en,google_books,subtitle,MISSING,no
MB-300,9781529101249,en,google_books,authors,CORRECT,no
MB-300,9781529101249,en,google_books,language,CORRECT,no
MB-300,9781529101249,en,google_books,publisher,CORRECT,no
MB-300,9781529101249,en,google_books,publication_date,INCORRECT,no
MB-300,9781529101249,en,google_books,page_count,INCORRECT,no
MB-300,9781529101249,en,google_books,cover,CORRECT,no
MB-300,9781529101249,en,google_books,work_link,MISSING,no
MB-300,9781529101249,en,google_books,series,MISSING,no
MB-300,9781529101249,en,google_books,series_position,MISSING,no
MB-300,9781529101249,en,google_books,subjects,MISSING,no
MB-300,9781529101249,en,wikidata,isbn_exact,MISSING,no
MB-300,9781529101249,en,wikidata,title,MISSING,no
MB-300,9781529101249,en,wikidata,subtitle,MISSING,no
MB-300,9781529101249,en,wikidata,authors,MISSING,no
MB-300,9781529101249,en,wikidata,language,MISSING,no
MB-300,9781529101249,en,wikidata,publisher,MISSING,no
MB-300,9781529101249,en,wikidata,publication_date,MISSING,no
MB-300,9781529101249,en,wikidata,page_count,MISSING,no
MB-300,9781529101249,en,wikidata,cover,MISSING,no
MB-300,9781529101249,en,wikidata,work_link,MISSING,no
MB-300,9781529101249,en,wikidata,series,MISSING,no
MB-300,9781529101249,en,wikidata,series_position,MISSING,no
MB-300,9781529101249,en,wikidata,subjects,MISSING,no
MB-300,9781529101249,en,bookbrainz,isbn_exact,MISSING,no
MB-300,9781529101249,en,bookbrainz,title,MISSING,no
MB-300,9781529101249,en,bookbrainz,subtitle,MISSING,no
MB-300,9781529101249,en,bookbrainz,authors,MISSING,no
MB-300,9781529101249,en,bookbrainz,language,MISSING,no
MB-300,9781529101249,en,bookbrainz,publisher,MISSING,no
MB-300,9781529101249,en,bookbrainz,publication_date,MISSING,no
MB-300,9781529101249,en,bookbrainz,page_count,MISSING,no
MB-300,9781529101249,en,bookbrainz,cover,MISSING,no
MB-300,9781529101249,en,bookbrainz,work_link,MISSING,no
MB-300,9781529101249,en,bookbrainz,series,MISSING,no
MB-300,9781529101249,en,bookbrainz,series_position,MISSING,no
MB-300,9781529101249,en,bookbrainz,subjects,MISSING,no
