sample_id,isbn13,language,stratum,provider,classification,rationale,provider_record_id,http_status,response_ms,error_category,normalized_title,normalized_authors,normalized_publisher,normalized_publication_date,normalized_page_count,normalized_language,normalized_series,normalized_series_position
MB-001,9780061474101,unknown,difficult_edge,open_library,EXACT,exact ISBN with compatible title/author,/books/OL24087232M,200,3161.12,,Anathem,Neal Stephenson,Harper,"August 25, 2009",1008,,,
MB-001,9780061474101,unknown,difficult_edge,google_books,EXACT,exact ISBN with compatible title/author,CgeHW-geducC,200,512.88,,Anathem,Neal Stephenson,Harper Collins,2009-08-25,1013,en,,
MB-001,9780061474101,unknown,difficult_edge,wikidata,MISS,no provider record,,200,223.4,,,,,,,,,
MB-001,9780061474101,unknown,difficult_edge,bookbrainz,MISS,no provider record,,200,,,,,,,,,,
MB-002,9780230732544,unknown,difficult_edge,open_library,PROBABLE,exact ISBN but incomplete or divergent local/provider metadata,/books/OL27691491M,200,3161.12,,Business Gram Builder Student's Book Pack New Edition,Paul Emmerson,Macmillan Education,2010,1,,,
MB-002,9780230732544,unknown,difficult_edge,google_books,EXACT,exact ISBN with compatible title/author,6FBuAQAACAAJ,200,888.98,,Business grammar builder : intermediate to upper-intermediate ; clear explanations for real situations,,,2010,271,en,,
MB-002,9780230732544,unknown,difficult_edge,wikidata,MISS,no provider record,,200,223.4,,,,,,,,,
MB-002,9780230732544,unknown,difficult_edge,bookbrainz,MISS,no provider record,,200,,,,,,,,,,
MB-003,9780373285754,en,difficult_edge,open_library,EXACT,exact ISBN with compatible title/author,/books/OL26338355M,200,3161.12,,The MacKade brothers,Nora Roberts,Silhouette,2009,473,eng,The MacKade brothers,
MB-003,9780373285754,en,difficult_edge,google_books,EXACT,exact ISBN with compatible title/author,oYQaOgAACAAJ,200,492.77,,The MacKade Brothers: Rafe And Jared,Nora Roberts,Silhouette,2009-03-01,480,en,,
MB-003,9780373285754,en,difficult_edge,wikidata,MISS,no provider record,,200,223.4,,,,,,,,,
MB-003,9780373285754,en,difficult_edge,bookbrainz,MISS,no provider record,,200,,,,,,,,,,
MB-004,9780718100575,unknown,difficult_edge,open_library,EXACT,exact ISBN with compatible title/author,/books/OL7837813M,200,3161.12,,Excalibur,Bernard Cornwell,Book Club Associates,1997,448,,Warlord Chronicles (3),
MB-004,9780718100575,unknown,difficult_edge,google_books,EXACT,exact ISBN with compatible title/author,sRazQgAACAAJ,200,473.16,,Excalibur,Bernard Cornwell,,1997,435,en,,
MB-004,9780718100575,unknown,difficult_edge,wikidata,EXACT,exact ISBN with compatible title/author,Q117455785,200,223.4,,Excalibur,,Michael Joseph,1997-10-01T00:00:00Z,436,Engels,,
MB-004,9780718100575,unknown,difficult_edge,bookbrainz,MISS,no provider record,,200,,,,,,,,,,
MB-005,9780718185510,unknown,difficult_edge,open_library,EXACT,exact ISBN with compatible title/author,/books/OL45639825M,200,3161.12,,Into the Fire,Gregg Hurwitz,Michael Joseph,,,,,
MB-005,9780718185510,unknown,difficult_edge,google_books,EXACT,exact ISBN with compatible title/author,KOkIygEACAAJ,200,898.15,,Into the Fire,Gregg Hurwitz,Michael Joseph,2020-02-20,480,en,,
MB-005,9780718185510,unknown,difficult_edge,wikidata,MISS,no provider record,,200,223.4,,,,,,,,,
MB-005,9780718185510,unknown,difficult_edge,bookbrainz,MISS,no provider record,,200,,,,,,,,,,
MB-006,9780765385253,unknown,difficult_edge,open_library,EXACT,exact ISBN with compatible title/author,/books/OL26788681M,200,3161.12,,Binti,,Tor.com,2015,,,,
MB-006,9780765385253,unknown,difficult_edge,google_books,EXACT,exact ISBN with compatible title/author,p01LDwAAQBAJ,200,1075.28,,Binti,Nnedi Okorafor,Tordotcom,2015-09-22,96,en,,
MB-006,9780765385253,unknown,difficult_edge,wikidata,MISS,no provider record,,200,223.4,,,,,,,,,
MB-006,9780765385253,unknown,difficult_edge,bookbrainz,EXACT,exact ISBN with compatible title/author,39f2d650-f95c-4d0b-a3df-c09363c77862,200,,,Binti,Nnedi Okorafor,Tordotcom,2015-9-22,96,en,,
MB-007,9780802170910,unknown,difficult_edge,open_library,EXACT,exact ISBN with compatible title/author,/books/OL25154723M,200,3161.12,,Blueprints of the Afterlife,,Black Cat,2012,,,,
MB-007,9780802170910,unknown,difficult_edge,google_books,EXACT,exact ISBN with compatible title/author,QeXyAAAAQBAJ,200,924.14,,Blueprints of the Afterlife,Ryan Boudinot,Black Cat,2012,450,en,,
MB-007,9780802170910,unknown,difficult_edge,wikidata,MISS,no provider record,,200,223.4,,,,,,,,,
MB-007,9780802170910,unknown,difficult_edge,bookbrainz,MISS,no provider record,,200,,,,,,,,,,
MB-008,9781509800339,unknown,difficult_edge,open_library,EXACT,exact ISBN with compatible title/author,/books/OL28223948M,200,3161.12,,Right Time,,,,,,,
MB-008,9781509800339,unknown,difficult_edge,google_books,EXACT,exact ISBN with compatible title/author,ZBiqswEACAAJ,200,428.28,,The Right Time,Danielle Steel,,2018-04-05,0,en,,
MB-008,9781509800339,unknown,difficult_edge,wikidata,MISS,no provider record,,200,223.4,,,,,,,,,
MB-008,9781509800339,unknown,difficult_edge,bookbrainz,MISS,no provider record,,200,,,,,,,,,,
MB-009,9781718502321,unknown,difficult_edge,open_library,EXACT,exact ISBN with compatible title/author,/books/OL37783137M,200,3161.12,,Engineering in Plain Sight,Grady Hillhouse,No Starch Press,"Sep 27, 2022",224,,,
MB-009,9781718502321,unknown,difficult_edge,google_books,EXACT,exact ISBN with compatible title/author,LoxlEAAAQBAJ,200,731.71,,Engineering in Plain Sight,Grady Hillhouse,No Starch Press,2022-11-01,265,en,,
MB-009,9781718502321,unknown,difficult_edge,wikidata,MISS,no provider record,,200,223.4,,,,,,,,,
MB-009,9781718502321,unknown,difficult_edge,bookbrainz,MISS,no provider record,,200,,,,,,,,,,
MB-010,9781905654291,unknown,difficult_edge,open_library,EXACT,exact ISBN with compatible title/author,/books/OL27876952M,200,3161.12,,Breaking Dawn,,Atom,2008,,,"Twilight, Part IV",
MB-010,9781905654291,unknown,difficult_edge,google_books,MISS,no provider record,,200,872.34,,,,,,,,,
MB-010,9781905654291,unknown,difficult_edge,wikidata,MISS,no provider record,,200,223.4,,,,,,,,,
MB-010,9781905654291,unknown,difficult_edge,bookbrainz,MISS,no provider record,,200,,,,,,,,,,
MB-011,9783625123408,unknown,difficult_edge,open_library,PROBABLE,exact ISBN but incomplete or divergent local/provider metadata,/books/OL49901691M,200,3161.12,,SALSAS PARA PASTA (MINILIBROS DE COCINA),Naumann & Göbel Verlag,Naumann & Göbel Verlag,2012-10-16,,,,
MB-011,9783625123408,unknown,difficult_edge,google_books,WRONG_WORK,exact identifier assertion conflicts strongly with title/author,kBHsQgAACAAJ,200,866.07,,Nudelsaucen,,,2010,240,de,,
MB-011,9783625123408,unknown,difficult_edge,wikidata,MISS,no provider record,,200,223.4,,,,,,,,,
MB-011,9783625123408,unknown,difficult_edge,bookbrainz,MISS,no provider record,,200,,,,,,,,,,
MB-012,9789024528943,unknown,difficult_edge,open_library,EXACT,exact ISBN with compatible title/author,/books/OL47216398M,200,3161.12,,Infectie,,Luitingh,,,,,
MB-012,9789024528943,unknown,difficult_edge,google_books,EXACT,exact ISBN with compatible title/author,N_ytPAAACAAJ,200,466.23,,Infectie,Herman van der Ploeg | Scott Sigler,,2009,383,nl,,
MB-012,9789024528943,unknown,difficult_edge,wikidata,MISS,no provider record,,200,223.4,,,,,,,,,
MB-012,9789024528943,unknown,difficult_edge,bookbrainz,MISS,no provider record,,200,,,,,,,,,,
MB-013,9789029015264,unknown,difficult_edge,open_library,EXACT,exact ISBN with compatible title/author,/books/OL47146634M,200,3161.12,,De kat in de boekenkast,,Meulenhoff,"Mar 17, 1984",149,,,
MB-013,9789029015264,unknown,difficult_edge,google_books,EXACT,exact ISBN with compatible title/author,eKN8NwAACAAJ,200,868.96,,De kat in de boekenkast,Tilly Hermans,,1985,149,nl,,
MB-013,9789029015264,unknown,difficult_edge,wikidata,MISS,no provider record,,200,223.4,,,,,,,,,
MB-013,9789029015264,unknown,difficult_edge,bookbrainz,MISS,no provider record,,200,,,,,,,,,,
MB-014,9789036616430,unknown,difficult_edge,open_library,MISS,no provider record,,200,3161.12,,,,,,,,,
MB-014,9789036616430,unknown,difficult_edge,google_books,PROBABLE,exact ISBN but incomplete or divergent local/provider metadata,4Ak3AAAACAAJ,200,381.81,,Vijfhonderd mooiste tuinplanten,Ammerins Moss-de Boer | Annette Timmermann | Klaas T. Noordhuis,,2005,408,nl,,
MB-014,9789036616430,unknown,difficult_edge,wikidata,MISS,no provider record,,200,223.4,,,,,,,,,
MB-014,9789036616430,unknown,difficult_edge,bookbrainz,MISS,no provider record,,200,,,,,,,,,,
MB-015,9789056722692,unknown,difficult_edge,open_library,EXACT,exact ISBN with compatible title/author,/books/OL47229617M,200,3161.12,,Brug der zuchten,Richard Russo,Signatuur,"Mar 19, 2008",,,,
MB-015,9789056722692,unknown,difficult_edge,google_books,EXACT,exact ISBN with compatible title/author,18OXKwAACAAJ,200,589.34,,Brug der zuchten / druk 1,Richard Russo,,2008-02,733,nl,,
MB-015,9789056722692,unknown,difficult_edge,wikidata,MISS,no provider record,,200,223.4,,,,,,,,,
MB-015,9789056722692,unknown,difficult_edge,bookbrainz,MISS,no provider record,,200,,,,,,,,,,
MB-016,9789059651081,unknown,difficult_edge,open_library,EXACT,exact ISBN with compatible title/author,/books/OL28120663M,200,3161.12,,Onmacht,Charles den Tex,Charles Den Tex,"May 21, 2010",,,,
MB-016,9789059651081,unknown,difficult_edge,google_books,EXACT,exact ISBN with compatible title/author,Q1L9SAAACAAJ,200,978.85,,Onmacht,Charles den Tex,,2010,92,nl,,
MB-016,9789059651081,unknown,difficult_edge,wikidata,MISS,no provider record,,200,223.4,,,,,,,,,
MB-016,9789059651081,unknown,difficult_edge,bookbrainz,MISS,no provider record,,200,,,,,,,,,,
MB-017,9789059657328,unknown,difficult_edge,open_library,EXACT,exact ISBN with compatible title/author,/books/OL47508314M,200,3161.12,,De eerlijke vinder,,,,,,,
MB-017,9789059657328,unknown,difficult_edge,google_books,EXACT,exact ISBN with compatible title/author,OAGkzwEACAAJ,200,952.87,,De eerlijke vinder,Lize Spit,,2023,0,nl,,
MB-017,9789059657328,unknown,difficult_edge,wikidata,MISS,no provider record,,200,223.4,,,,,,,,,
MB-017,9789059657328,unknown,difficult_edge,bookbrainz,MISS,no provider record,,200,,,,,,,,,,
MB-018,9789060123447,unknown,difficult_edge,open_library,EXACT,exact ISBN with compatible title/author,/books/OL46847088M,200,3161.12,,Bij Ons in Het Dorp,Peter,Van Gennep,"Feb 24, 1977",,,,
MB-018,9789060123447,unknown,difficult_edge,google_books,PROBABLE,exact ISBN but incomplete or divergent local/provider metadata,eqYvAAAACAAJ,200,429.75,,Bij ons in het dorp,Peter van Straaten,,1977,111,nl,,
MB-018,9789060123447,unknown,difficult_edge,wikidata,MISS,no provider record,,200,223.4,,,,,,,,,
MB-018,9789060123447,unknown,difficult_edge,bookbrainz,MISS,no provider record,,200,,,,,,,,,,
MB-019,9789492790095,unknown,difficult_edge,open_library,MISS,no provider record,,200,3161.12,,,,,,,,,
MB-019,9789492790095,unknown,difficult_edge,google_books,EXACT,exact ISBN with compatible title/author,3ReaswEACAAJ,200,920.25,,Kanban in de praktijk,Karen Greaves | Sam Laing,,2018-02-05,96,nl,,
MB-019,9789492790095,unknown,difficult_edge,wikidata,MISS,no provider record,,200,223.4,,,,,,,,,
MB-019,9789492790095,unknown,difficult_edge,bookbrainz,MISS,no provider record,,200,,,,,,,,,,
MB-020,9789608386761,other,difficult_edge,open_library,MISS,no provider record,,200,3161.12,,,,,,,,,
MB-020,9789608386761,other,difficult_edge,google_books,EXACT,exact ISBN with compatible title/author,P8j_QQAACAAJ,200,520.77,,Magical Greece,Andreas Smaragdēs | Eleni N. Gage,,2008,0,el,,
MB-020,9789608386761,other,difficult_edge,wikidata,MISS,no provider record,,200,223.4,,,,,,,,,
MB-020,9789608386761,other,difficult_edge,bookbrainz,MISS,no provider record,,200,,,,,,,,,,
MB-021,9780007279371,en,en_fiction,open_library,EXACT,exact ISBN with compatible title/author,/books/OL26464573M,200,3161.12,,My favourite wife,Tony Parsons,HarperCollins | Harper Collins | Harper,2008,374,eng,,
MB-021,9780007279371,en,en_fiction,google_books,EXACT,exact ISBN with compatible title/author,M4JPX0ImntcC,200,929.01,,My Favourite Wife,Tony Parsons,HarperCollins UK,2008,436,en,,
MB-021,9780007279371,en,en_fiction,wikidata,MISS,no provider record,,200,223.4,,,,,,,,,
MB-021,9780007279371,en,en_fiction,bookbrainz,MISS,no provider record,,200,,,,,,,,,,
MB-022,9780099410218,en,en_fiction,open_library,EXACT,exact ISBN with compatible title/author,/books/OL32027029M,200,3161.12,,The Runaway Jury,,Arrow Books,2007,,eng,,
MB-022,9780099410218,en,en_fiction,google_books,EXACT,exact ISBN with compatible title/author,DxnT1m9XHDgC,200,841.58,,The Runaway Jury,John Grisham,Random House,1997,498,en,,
MB-022,9780099410218,en,en_fiction,wikidata,EXACT,exact ISBN with compatible title/author,Q125705600,200,223.4,,The Runaway Jury,,Arrow Books,1997-01-01T00:00:00Z,,Engels,,
MB-022,9780099410218,en,en_fiction,bookbrainz,MISS,no provider record,,200,,,,,,,,,,
MB-023,9780141021737,en,en_fiction,open_library,EXACT,exact ISBN with compatible title/author,/books/OL28436564M,200,3161.12,,Second Chance,Jane Green,"Penguin Books, Limited",2017,448,eng,,
MB-023,9780141021737,en,en_fiction,google_books,EXACT,exact ISBN with compatible title/author,X1-3PVN_cRwC,200,441.32,,Second Chance,Jane Green,Penguin UK,2008-06-12,411,en,,
MB-023,9780141021737,en,en_fiction,wikidata,MISS,no provider record,,200,223.4,,,,,,,,,
MB-023,9780141021737,en,en_fiction,bookbrainz,MISS,no provider record,,200,,,,,,,,,,
MB-024,9780263872316,en,en_fiction,open_library,EXACT,exact ISBN with compatible title/author,/books/OL29019199M,200,3161.12,,Captivated,Nora Roberts,"Harlequin Mills & Boon, Limited | Silhouette Books",2009,331,eng,,
MB-024,9780263872316,en,en_fiction,google_books,EXACT,exact ISBN with compatible title/author,ypQvPwAACAAJ,200,410.17,,Captivated,Nora Roberts,Silhouette Books,2010-05,0,en,,
MB-024,9780263872316,en,en_fiction,wikidata,MISS,no provider record,,200,223.4,,,,,,,,,
MB-024,9780263872316,en,en_fiction,bookbrainz,MISS,no provider record,,200,,,,,,,,,,
MB-025,9780307275554,en,en_fiction,open_library,EXACT,exact ISBN with compatible title/author,/books/OL24205099M,200,3161.12,,The Devil wears Prada,Lauren Weisberger,Anchor Books | Anchor,2006,432,eng,,
MB-025,9780307275554,en,en_fiction,google_books,EXACT,exact ISBN with compatible title/author,jgnS-R9qNU8C,200,858.23,,The Devil Wears Prada,Lauren Weisberger,Anchor,2006,450,en,,
MB-025,9780307275554,en,en_fiction,wikidata,MISS,no provider record,,200,223.4,,,,,,,,,
MB-025,9780307275554,en,en_fiction,bookbrainz,MISS,no provider record,,200,,,,,,,,,,
MB-026,9780312330538,en,en_fiction,open_library,EXACT,exact ISBN with compatible title/author,/books/OL24219497M,200,3161.12,,Shantaram,Gregory David Roberts,St. Martin's Griffin,2003,936,eng,,
MB-026,9780312330538,en,en_fiction,google_books,EXACT,exact ISBN with compatible title/author,VdMFmq92Fa8C,200,838.25,,Shantaram,Gregory David Roberts,Macmillan,2005-10,948,en,,
MB-026,9780312330538,en,en_fiction,wikidata,MISS,no provider record,,200,223.4,,,,,,,,,
MB-026,9780312330538,en,en_fiction,bookbrainz,MISS,no provider record,,200,,,,,,,,,,
MB-027,9780316067812,en,en_fiction,open_library,EXACT,exact ISBN with compatible title/author,/books/OL9701427M,200,3161.12,,"The Awakened Mage (Kingmaker, Kingbreaker)",Karen Miller,Orbit,"October 1, 2007",736,eng,,
MB-027,9780316067812,en,en_fiction,google_books,PROBABLE,exact ISBN but incomplete or divergent local/provider metadata,KlAmGQAACAAJ,200,953.66,,The Awakened Mage,Karen Miller,Orbit,2007-10-01,0,en,,
MB-027,9780316067812,en,en_fiction,wikidata,MISS,no provider record,,200,223.4,,,,,,,,,
MB-027,9780316067812,en,en_fiction,bookbrainz,MISS,no provider record,,200,,,,,,,,,,
MB-028,9780345359797,en,en_fiction,open_library,EXACT,exact ISBN with compatible title/author,/books/OL22354963M,200,3161.12,,Washington goes to war,David Brinkley,Ballantine Books,1989,287,eng,,
MB-028,9780345359797,en,en_fiction,google_books,MISS,no provider record,,200,409.22,,,,,,,,,
MB-028,9780345359797,en,en_fiction,wikidata,MISS,no provider record,,200,223.4,,,,,,,,,
MB-028,9780345359797,en,en_fiction,bookbrainz,MISS,no provider record,,200,,,,,,,,,,
MB-029,9780349114033,en,en_fiction,open_library,EXACT,exact ISBN with compatible title/author,/books/OL28952464M,200,3161.12,,Four Blondes,Candace Bushnell,"Little, Brown Book Group Limited",2001,320,eng,,
MB-029,9780349114033,en,en_fiction,google_books,EXACT,exact ISBN with compatible title/author,CvmUAAAACAAJ,200,1002.77,,Four Blondes,Candace Bushnell,Abacus (UK),2001,307,en,,
MB-029,9780349114033,en,en_fiction,wikidata,MISS,no provider record,,200,223.4,,,,,,,,,
MB-029,9780349114033,en,en_fiction,bookbrainz,MISS,no provider record,,200,,,,,,,,,,
MB-030,9780349415000,en,en_fiction,open_library,PROBABLE,exact ISBN but incomplete or divergent local/provider metadata,/books/OL27272969M,200,3161.12,,Of Blood and Bone (Chronicles of The One),Nora Roberts,Piatkus,"Oct 08, 2019",544,eng,,
MB-030,9780349415000,en,en_fiction,google_books,EXACT,exact ISBN with compatible title/author,gTA-vgEACAAJ,200,861.01,,Of Blood and Bone,Nora Roberts,Piatkus Books,2019-10-08,0,en,,
MB-030,9780349415000,en,en_fiction,wikidata,MISS,no provider record,,200,223.4,,,,,,,,,
MB-030,9780349415000,en,en_fiction,bookbrainz,MISS,no provider record,,200,,,,,,,,,,
MB-031,9780349424170,en,en_fiction,open_library,EXACT,exact ISBN with compatible title/author,/books/OL28730001M,200,3161.12,,No Judgments,Meg Cabot,"Little, Brown Book Group Limited",2019,384,eng,,
MB-031,9780349424170,en,en_fiction,google_books,EXACT,exact ISBN with compatible title/author,4K1PxAEACAAJ,200,837.14,,No Judgments,Meg Cabot,Piatkus Books,2019,384,en,,
MB-031,9780349424170,en,en_fiction,wikidata,MISS,no provider record,,200,223.4,,,,,,,,,
MB-031,9780349424170,en,en_fiction,bookbrainz,MISS,no provider record,,200,,,,,,,,,,
MB-032,9780349426365,en,en_fiction,open_library,EXACT,exact ISBN with compatible title/author,/books/OL29514417M,200,3161.12,,Awakening,Nora Roberts,"Little, Brown Book Group Limited",2020,400,eng,,
MB-032,9780349426365,en,en_fiction,google_books,EXACT,exact ISBN with compatible title/author,JNU8zQEACAAJ,200,476.85,,The Awakening,Nora Roberts,Piatkus Books,2020-11-24,400,en,,
MB-032,9780349426365,en,en_fiction,wikidata,MISS,no provider record,,200,223.4,,,,,,,,,
MB-032,9780349426365,en,en_fiction,bookbrainz,MISS,no provider record,,200,,,,,,,,,,
MB-033,9780349427058,en,en_fiction,open_library,EXACT,exact ISBN with compatible title/author,/books/OL29495720M,200,3161.12,,Blithe Images,Nora Roberts,"Little, Brown Book Group Limited",2021,288,eng,,
MB-033,9780349427058,en,en_fiction,google_books,EXACT,exact ISBN with compatible title/author,5bJSzQEACAAJ,200,483.92,,Blithe Images,Nora Roberts,Piatkus Books,2021-03-04,0,en,,
MB-033,9780349427058,en,en_fiction,wikidata,MISS,no provider record,,200,223.4,,,,,,,,,
MB-033,9780349427058,en,en_fiction,bookbrainz,MISS,no provider record,,200,,,,,,,,,,
MB-034,9780349437507,en,en_fiction,open_library,EXACT,exact ISBN with compatible title/author,/books/OL50659815M,200,3161.12,,Inheritance,Nora Roberts,"Little, Brown Book Group Limited",2024,,eng,,
MB-034,9780349437507,en,en_fiction,google_books,EXACT,exact ISBN with compatible title/author,J7xB0AEACAAJ,200,492.81,,Inheritance,Nora Roberts,Piatkus Books,2024-10-22,0,en,,
MB-034,9780349437507,en,en_fiction,wikidata,MISS,no provider record,,200,223.4,,,,,,,,,
MB-034,9780349437507,en,en_fiction,bookbrainz,MISS,no provider record,,200,,,,,,,,,,
MB-035,9780385543910,en,en_fiction,open_library,EXACT,exact ISBN with compatible title/author,/books/OL29777257M,200,3161.12,,Darker,E. L. James,Vintage Books,2017,560,eng,,
MB-035,9780385543910,en,en_fiction,google_books,EXACT,exact ISBN with compatible title/author,msBcswEACAAJ,200,1004.06,,Darker,E. L. James,Bloom Books,2017,0,en,,
MB-035,9780385543910,en,en_fiction,wikidata,MISS,no provider record,,200,223.4,,,,,,,,,
MB-035,9780385543910,en,en_fiction,bookbrainz,MISS,no provider record,,200,,,,,,,,,,
MB-036,9780425155189,en,en_fiction,open_library,EXACT,exact ISBN with compatible title/author,/books/OL32947907M,200,3161.12,,Rapture in Death,,Berkley Books,1996-10,,eng,,
MB-036,9780425155189,en,en_fiction,google_books,PROBABLE,exact ISBN but incomplete or divergent local/provider metadata,XmulEpD4OBwC,200,894.38,,Rapture in Death,J. D. Robb,Penguin,1996-10-01,324,en,,
MB-036,9780425155189,en,en_fiction,wikidata,MISS,no provider record,,200,223.4,,,,,,,,,
MB-036,9780425155189,en,en_fiction,bookbrainz,MISS,no provider record,,200,,,,,,,,,,
MB-037,9780425183977,en,en_fiction,open_library,EXACT,exact ISBN with compatible title/author,/books/OL24704030M,200,3161.12,,Reunion in death,Nora Roberts,Berkley Books,2002,371,eng,,
MB-037,9780425183977,en,en_fiction,google_books,PROBABLE,exact ISBN but incomplete or divergent local/provider metadata,g368Tftjg7UC,200,452.97,,Reunion in Death,J. D. Robb,Berkley,2002,388,en,,
MB-037,9780425183977,en,en_fiction,wikidata,MISS,no provider record,,200,223.4,,,,,,,,,
MB-037,9780425183977,en,en_fiction,bookbrainz,MISS,no provider record,,200,,,,,,,,,,
MB-038,9780425208816,en,en_fiction,open_library,EXACT,exact ISBN with compatible title/author,/books/OL7505367M,200,3161.12,,Midnight in Death (In Death),Nora Roberts,Berkley,"September 27, 2005",96,eng,In Death (8),
MB-038,9780425208816,en,en_fiction,google_books,PROBABLE,exact ISBN but incomplete or divergent local/provider metadata,evkYoOnV-yMC,200,878.72,,Midnight in Death,J. D. Robb,Penguin,2005,100,en,,
MB-038,9780425208816,en,en_fiction,wikidata,MISS,no provider record,,200,223.4,,,,,,,,,
MB-038,9780425208816,en,en_fiction,bookbrainz,MISS,no provider record,,200,,,,,,,,,,
MB-039,9780440220299,en,en_fiction,open_library,PROBABLE,exact ISBN but incomplete or divergent local/provider metadata,/books/OL24950893M,200,3161.12,,Life in the fat lane,Cherie Bennett,Dell/Laurel-Leaf,1999,260,eng,,
MB-039,9780440220299,en,en_fiction,google_books,PROBABLE,exact ISBN but incomplete or divergent local/provider metadata,JVZC--kw3aMC,200,541.41,,Life in the Fat Lane,Cherie Bennett,Laurel Leaf,1999,276,en,,
MB-039,9780440220299,en,en_fiction,wikidata,MISS,no provider record,,200,223.4,,,,,,,,,
MB-039,9780440220299,en,en_fiction,bookbrainz,MISS,no provider record,,200,,,,,,,,,,
MB-040,9780441003709,en,en_fiction,open_library,EXACT,exact ISBN with compatible title/author,/books/OL719616M,200,3161.12,,Schismatrix Plus,Bruce Sterling,Ace Books,1996,319,eng,,
MB-040,9780441003709,en,en_fiction,google_books,WRONG_EDITION,work-like match without returned queried ISBN,O09bAAAAMAAJ,200,423.43,,Schismatrix plus : includes Schismatrix and selected stories from Crystal Express,Bruce Sterling,Ace,1996-12,340,en,,
MB-040,9780441003709,en,en_fiction,wikidata,MISS,no provider record,,200,223.4,,,,,,,,,
MB-040,9780441003709,en,en_fiction,bookbrainz,EXACT,exact ISBN with compatible title/author,d3816d71-95d7-45dc-8563-e7bc60995d45,200,,,Schismatrix Plus,Bruce Sterling,Ace,1996-12-1,319,en,,
MB-041,9780441006601,en,en_fiction,open_library,PROBABLE,exact ISBN but incomplete or divergent local/provider metadata,/books/OL7524113M,200,2830.82,,"The Hunt (Laws of the Blood, Book 1)",Susan Sizemore,Ace,"October 1, 1999",288,eng,,
MB-041,9780441006601,en,en_fiction,google_books,PROBABLE,exact ISBN but incomplete or divergent local/provider metadata,giJUF7JyV6MC,200,457.57,,Laws of the Blood 1: the Hunt,Susan Sizemore,Penguin,1999-10-01,292,en,,
MB-041,9780441006601,en,en_fiction,wikidata,MISS,no provider record,,200,223.4,,,,,,,,,
MB-041,9780441006601,en,en_fiction,bookbrainz,MISS,no provider record,,200,,,,,,,,,,
MB-042,9780450574580,en,en_fiction,open_library,EXACT,exact ISBN with compatible title/author,/books/OL29110113M,200,2830.82,,Needful Things,,New English Library / Hodder and Stoughton,1992,790,eng,,
MB-042,9780450574580,en,en_fiction,google_books,EXACT,exact ISBN with compatible title/author,9VhhQgAACAAJ,200,890.37,,Needful Things,Stephen King,,1992,790,en,,
MB-042,9780450574580,en,en_fiction,wikidata,MISS,no provider record,,200,223.4,,,,,,,,,
MB-042,9780450574580,en,en_fiction,bookbrainz,MISS,no provider record,,200,,,,,,,,,,
MB-043,9780451211149,en,en_fiction,open_library,EXACT,exact ISBN with compatible title/author,/books/OL3678515M,200,2830.82,,What a girl wants,Liz Maverick,New American Library,2004,264,eng,,
MB-043,9780451211149,en,en_fiction,google_books,EXACT,exact ISBN with compatible title/author,ilGYDAEACAAJ,200,501.4,,What a Girl Wants,Liz Maverick,Penguin,2004,264,en,,
MB-043,9780451211149,en,en_fiction,wikidata,MISS,no provider record,,200,223.4,,,,,,,,,
MB-043,9780451211149,en,en_fiction,bookbrainz,MISS,no provider record,,200,,,,,,,,,,
MB-044,9780515114690,en,en_fiction,open_library,EXACT,exact ISBN with compatible title/author,/books/OL20931692M,200,2830.82,,Born in fire,,Jove Books | Jove,1994,385,eng,Born in trilogy | Irish trilogy,
MB-044,9780515114690,en,en_fiction,google_books,EXACT,exact ISBN with compatible title/author,EKKJ0AEACAAJ,200,487.17,,Born in Fire,Nora Roberts,Berkley,1994-10-01,0,en,,
MB-044,9780515114690,en,en_fiction,wikidata,MISS,no provider record,,200,223.4,,,,,,,,,
MB-044,9780515114690,en,en_fiction,bookbrainz,MISS,no provider record,,200,,,,,,,,,,
MB-045,9780552134620,en,en_fiction,open_library,EXACT,exact ISBN with compatible title/author,/books/OL61173788M,200,2830.82,,Guards! Guards!,,Corgi Books,1990,412,eng,Discworld,
MB-045,9780552134620,en,en_fiction,google_books,EXACT,exact ISBN with compatible title/author,FfeNEAAAQBAJ,200,920.21,,Guards! Guards!,Terry Pratchett,National Geographic Books,1998-12-23,0,en,,
MB-045,9780552134620,en,en_fiction,wikidata,EXACT,exact ISBN with compatible title/author,Q109907291,200,223.4,,Guards! Guards!,,Corgi Books,1990-01-01T00:00:00Z,317,Engels,,
MB-045,9780552134620,en,en_fiction,bookbrainz,MISS,no provider record,,200,,,,,,,,,,
MB-046,9780552150736,en,en_fiction,open_library,EXACT,exact ISBN with compatible title/author,/books/OL24853166M,200,2830.82,,Angels and Demons,Dan Brown,Corgi,2003?,620,eng,,
MB-046,9780552150736,en,en_fiction,google_books,EXACT,exact ISBN with compatible title/author,Xp3gF3yxDg0C,200,870.1,,Angels and Demons,Dan Brown,Random House,2001,628,en,,
MB-046,9780552150736,en,en_fiction,wikidata,MISS,no provider record,,200,223.4,,,,,,,,,
MB-046,9780552150736,en,en_fiction,bookbrainz,MISS,no provider record,,200,,,,,,,,,,
MB-047,9780552166607,en,en_fiction,open_library,EXACT,exact ISBN with compatible title/author,/books/OL27604686M,200,2830.82,,The Light Fantastic,Terry Pratchett,Corgi Books,"Jul 09, 2012",285,eng,"Discworld, Book 2",
MB-047,9780552166607,en,en_fiction,google_books,EXACT,exact ISBN with compatible title/author,j_eNEAAAQBAJ,200,997.48,,The Light Fantastic,Terry Pratchett,National Geographic Books,2012-07-09,0,en,,
MB-047,9780552166607,en,en_fiction,wikidata,MISS,no provider record,,200,223.4,,,,,,,,,
MB-047,9780552166607,en,en_fiction,bookbrainz,MISS,no provider record,,200,,,,,,,,,,
MB-048,9780552546935,en,en_fiction,open_library,EXACT,exact ISBN with compatible title/author,/books/OL52684200M,200,2830.82,,The Amazing Maurice and His Educated Rodents,,Corgi Books,2002,,eng,,
MB-048,9780552546935,en,en_fiction,google_books,EXACT,exact ISBN with compatible title/author,Z7rDQgAACAAJ,200,904.55,,The Amazing Maurice and His Educated Rodents,Terry Pratchett,Corgi,2002,272,en,,
MB-048,9780552546935,en,en_fiction,wikidata,MISS,no provider record,,200,223.4,,,,,,,,,
MB-048,9780552546935,en,en_fiction,bookbrainz,MISS,no provider record,,200,,,,,,,,,,
MB-049,9780552552127,en,en_fiction,open_library,EXACT,exact ISBN with compatible title/author,/books/OL28433035M,200,2830.82,,Brisingr,Christopher Paolini,Penguin Random House,2009,784,eng,,
MB-049,9780552552127,en,en_fiction,google_books,PROBABLE,exact ISBN but incomplete or divergent local/provider metadata,IxZUyQx3eKIC,200,472.61,,"Brisingr, Or, The Seven Promises of Eragon Shadeslayer and Saphira Bjartskular",Christopher Paolini,Random House,2009,790,en,,
MB-049,9780552552127,en,en_fiction,wikidata,MISS,no provider record,,200,223.4,,,,,,,,,
MB-049,9780552552127,en,en_fiction,bookbrainz,MISS,no provider record,,200,,,,,,,,,,
MB-050,9780552774390,en,en_fiction,open_library,EXACT,exact ISBN with compatible title/author,/books/OL28267344M,200,2830.82,,"Mini Shopaholic (Shopaholic Series, Book 6)",Sophie Kinsella,Black Swan,2011,457,eng,Shopaholic Series,
MB-050,9780552774390,en,en_fiction,google_books,PROBABLE,exact ISBN but incomplete or divergent local/provider metadata,_XBti2BBd8MC,200,419.79,,Mini Shopaholic,Sophie Kinsella,Random House,2011,466,en,,
MB-050,9780552774390,en,en_fiction,wikidata,MISS,no provider record,,200,223.4,,,,,,,,,
MB-050,9780552774390,en,en_fiction,bookbrainz,MISS,no provider record,,200,,,,,,,,,,
MB-051,9780553573404,en,en_fiction,open_library,EXACT,exact ISBN with compatible title/author,/books/OL60288606M,200,2830.82,,A Game of Thrones,,Bantam Books,2011,835,eng,,
MB-051,9780553573404,en,en_fiction,google_books,WRONG_EDITION,work-like match without returned queried ISBN,bIZiAAAAMAAJ,200,959.64,,A Game of Thrones,George R. R. Martin,Random House Worlds,1997-08-04,876,en,,
MB-051,9780553573404,en,en_fiction,wikidata,EXACT,exact ISBN with compatible title/author,Q105357235,200,316.99,,A Game of Thrones,,Bantam Books,1997-09-01T00:00:00Z,,Engels,,
MB-051,9780553573404,en,en_fiction,bookbrainz,EXACT,exact ISBN with compatible title/author,0cbae6f7-337f-404e-b92c-b01ce67a8f7d,200,,,A Game of Thrones,George R. R. Martin,Bantam Books,2011,835,en,,
MB-052,9780749928902,en,en_fiction,open_library,EXACT,exact ISBN with compatible title/author,/books/OL28272063M,200,2830.82,,Born in ice,Nora Roberts,Piatkus,2009,386,eng,Concannon sisters trilogy -- bk. 2,
MB-052,9780749928902,en,en_fiction,google_books,EXACT,exact ISBN with compatible title/author,EgBjPAAACAAJ,200,892.73,,Born in Ice,Nora Roberts,Piatkus Books,2009,416,en,,
MB-052,9780749928902,en,en_fiction,wikidata,MISS,no provider record,,200,316.99,,,,,,,,,
MB-052,9780749928902,en,en_fiction,bookbrainz,MISS,no provider record,,200,,,,,,,,,,
MB-053,9780749942083,en,en_fiction,open_library,EXACT,exact ISBN with compatible title/author,/books/OL34598879M,200,2830.82,,The Search,Nora Roberts,"Little, Brown Book Group Limited",2011,,eng,,
MB-053,9780749942083,en,en_fiction,google_books,EXACT,exact ISBN with compatible title/author,UjpaGwAACAAJ,200,452.53,,The Search,Nora Roberts,"Little, Brown Young Readers",2011,520,en,,
MB-053,9780749942083,en,en_fiction,wikidata,MISS,no provider record,,200,316.99,,,,,,,,,
MB-053,9780749942083,en,en_fiction,bookbrainz,MISS,no provider record,,200,,,,,,,,,,
MB-054,9780749954161,en,en_fiction,open_library,EXACT,exact ISBN with compatible title/author,/books/OL34595542M,200,2830.82,,Naked in Death,Nora Roberts,"Little, Brown Book Group Limited",2010,,eng,,
MB-054,9780749954161,en,en_fiction,google_books,PROBABLE,exact ISBN but incomplete or divergent local/provider metadata,zkT7RgAACAAJ,200,824.95,,Naked in Death,J. D. Robb,Piatkus Books,2010,0,en,,
MB-054,9780749954161,en,en_fiction,wikidata,MISS,no provider record,,200,316.99,,,,,,,,,
MB-054,9780749954161,en,en_fiction,bookbrainz,MISS,no provider record,,200,,,,,,,,,,
MB-055,9780751565355,en,en_fiction,open_library,EXACT,exact ISBN with compatible title/author,/books/OL27254095M,200,2830.82,,Harry Potter and the Cursed Child,J. K. Rowling,Levine/Scholastic,"Aug 01, 2016",352,eng,,
MB-055,9780751565355,en,en_fiction,google_books,PROBABLE,exact ISBN but incomplete or divergent local/provider metadata,K1lqjwEACAAJ,200,876.79,,Harry Potter and the Cursed Child - Parts I & II (Special Rehearsal Edition),Jack Thorne | Joanne K. Rowling | John Tiffany,,2016-07-31,320,en,,
MB-055,9780751565355,en,en_fiction,wikidata,PROBABLE,exact ISBN but incomplete or divergent local/provider metadata,Q20711488,200,316.99,,Harry Potter en het vervloekte kind,Jack Thorne | Joanne Rowling | John Tiffany,,2016-07-31T00:00:00Z,416,Engels,Q8337,
MB-055,9780751565355,en,en_fiction,bookbrainz,MISS,no provider record,,200,,,,,,,,,,
MB-056,9780778326687,en,en_fiction,open_library,EXACT,exact ISBN with compatible title/author,/books/OL23877626M,200,2830.82,,4 bodies and a funeral,Stephanie Bond,MIRA,2009,347,eng,MIRA novel | Body movers series,
MB-056,9780778326687,en,en_fiction,google_books,EXACT,exact ISBN with compatible title/author,ePqYmAEACAAJ,200,378.66,,4 Bodies And A Funeral,Stephanie Bond,Mira,2009-03-24,0,en,,
MB-056,9780778326687,en,en_fiction,wikidata,MISS,no provider record,,200,316.99,,,,,,,,,
MB-056,9780778326687,en,en_fiction,bookbrainz,MISS,no provider record,,200,,,,,,,,,,
MB-057,9780887331251,en,en_fiction,open_library,PROBABLE,exact ISBN but incomplete or divergent local/provider metadata,/books/OL24966239M,200,2830.82,,"Madouc, Lyonesse III",Jack Vance,Underwood-Miller,1989,358,eng,Lyonesse,
MB-057,9780887331251,en,en_fiction,google_books,EXACT,exact ISBN with compatible title/author,jH3LPAAACAAJ,200,519.27,,Madouc,Jack Vance,Underwood Books,1989,358,en,,
MB-057,9780887331251,en,en_fiction,wikidata,MISS,no provider record,,200,316.99,,,,,,,,,
MB-057,9780887331251,en,en_fiction,bookbrainz,MISS,no provider record,,200,,,,,,,,,,
MB-058,9781250211101,en,en_fiction,open_library,EXACT,exact ISBN with compatible title/author,/books/OL27096937M,200,2830.82,,"Six of Crows Boxed Set: Six of Crows, Crooked Kingdom",Leigh Bardugo,Square Fish,2018-10-16,,eng,,
MB-058,9781250211101,en,en_fiction,google_books,PROBABLE,exact ISBN but incomplete or divergent local/provider metadata,Fun4twEACAAJ,200,412.76,,Six of Crows Boxed Set,Leigh Bardugo,Six of Crows,2018-10-16,0,en,,
MB-058,9781250211101,en,en_fiction,wikidata,MISS,no provider record,,200,316.99,,,,,,,,,
MB-058,9781250211101,en,en_fiction,bookbrainz,MISS,no provider record,,200,,,,,,,,,,
MB-059,9781399624046,en,en_fiction,open_library,MISS,no provider record,,200,2830.82,,,,,,,,,
MB-059,9781399624046,en,en_fiction,google_books,EXACT,exact ISBN with compatible title/author,ffVX0QEACAAJ,200,883.99,,The Names,Florence Knapp,Phoenix,2026-03-26,0,en,,
MB-059,9781399624046,en,en_fiction,wikidata,MISS,no provider record,,200,316.99,,,,,,,,,
MB-059,9781399624046,en,en_fiction,bookbrainz,MISS,no provider record,,200,,,,,,,,,,
MB-060,9781405911429,en,en_fiction,open_library,EXACT,exact ISBN with compatible title/author,/books/OL28422560M,200,2830.82,,Blue Monday,Nicci French,Penguin Books,2012,412,eng,,
MB-060,9781405911429,en,en_fiction,google_books,EXACT,exact ISBN with compatible title/author,K6BIMQEACAAJ,200,963.54,,Blue Monday,Nicci French,Penguin Books,2012-12-01,432,en,,
MB-060,9781405911429,en,en_fiction,wikidata,MISS,no provider record,,200,316.99,,,,,,,,,
MB-060,9781405911429,en,en_fiction,bookbrainz,MISS,no provider record,,200,,,,,,,,,,
MB-061,9781405936552,en,en_fiction,open_library,EXACT,exact ISBN with compatible title/author,/books/OL29368242M,200,2830.82,,Sunday Morning Coming Down,Nicci French,"Penguin Books, Limited",2018,416,eng,,
MB-061,9781405936552,en,en_fiction,google_books,EXACT,exact ISBN with compatible title/author,FoqMswEACAAJ,200,470.29,,Sunday Morning Coming Down,Nicci French,Michael Joseph,2018-02,416,en,,
MB-061,9781405936552,en,en_fiction,wikidata,MISS,no provider record,,200,316.99,,,,,,,,,
MB-061,9781405936552,en,en_fiction,bookbrainz,MISS,no provider record,,200,,,,,,,,,,
MB-062,9781471136726,en,en_fiction,open_library,EXACT,exact ISBN with compatible title/author,/books/OL35782686M,200,2830.82,,Ugly Love,Colleen Hoover,"Simon & Schuster, Limited",2014,,eng,,
MB-062,9781471136726,en,en_fiction,google_books,EXACT,exact ISBN with compatible title/author,yrX3ngEACAAJ,200,423.93,,Ugly Love,Colleen Hoover,Simon & Schuster Limited,2014,0,en,,
MB-062,9781471136726,en,en_fiction,wikidata,MISS,no provider record,,200,316.99,,,,,,,,,
MB-062,9781471136726,en,en_fiction,bookbrainz,MISS,no provider record,,200,,,,,,,,,,
MB-063,9781471156267,en,en_fiction,open_library,EXACT,exact ISBN with compatible title/author,/books/OL27213498M,200,2830.82,,It Ends With Us,Colleen Hoover,Simon & Schuster UK Ltd. | Simon & Schuster Ltd,"August 2nd, 2016",384,eng,Part 1,
MB-063,9781471156267,en,en_fiction,google_books,EXACT,exact ISBN with compatible title/author,j0zpjgEACAAJ,200,894.0,,It Ends with Us,Colleen Hoover,Simon & Schuster Limited,2016,0,en,,
MB-063,9781471156267,en,en_fiction,wikidata,MISS,no provider record,,200,316.99,,,,,,,,,
MB-063,9781471156267,en,en_fiction,bookbrainz,MISS,no provider record,,200,,,,,,,,,,
MB-064,9781471167614,en,en_fiction,open_library,EXACT,exact ISBN with compatible title/author,/books/OL35536076M,200,2830.82,,Every Breath You Take,Alafair Burke | Mary Higgins Clark,"Simon & Schuster, Limited",2018,,eng,,
MB-064,9781471167614,en,en_fiction,google_books,EXACT,exact ISBN with compatible title/author,2bFXtAEACAAJ,200,874.59,,Every Breath You Take,Alafair Burke | Mary Higgins Clark,,2018-10-04,400,en,,
MB-064,9781471167614,en,en_fiction,wikidata,MISS,no provider record,,200,316.99,,,,,,,,,
MB-064,9781471167614,en,en_fiction,bookbrainz,MISS,no provider record,,200,,,,,,,,,,
MB-065,9781473227989,en,en_fiction,open_library,EXACT,exact ISBN with compatible title/author,/books/OL29509377M,200,2830.82,,Ninth House,Leigh Bardugo,"Orion Publishing Group, Limited",2020,480,eng,,
MB-065,9781473227989,en,en_fiction,google_books,EXACT,exact ISBN with compatible title/author,CjhAzQEACAAJ,200,420.9,,Ninth House,Leigh Bardugo,Gollancz,2020-10-20,480,en,,
MB-065,9781473227989,en,en_fiction,wikidata,MISS,no provider record,,200,316.99,,,,,,,,,
MB-065,9781473227989,en,en_fiction,bookbrainz,MISS,no provider record,,200,,,,,,,,,,
MB-066,9781473231061,en,en_fiction,open_library,EXACT,exact ISBN with compatible title/author,/books/OL29485067M,200,2830.82,,Last Wish,Andrzej Sapkowski | Danusia Stok,"Orion Publishing Group, Limited",2020,288,eng,,
MB-066,9781473231061,en,en_fiction,google_books,EXACT,exact ISBN with compatible title/author,TBjIzAEACAAJ,200,973.29,,The Last Wish,Andrzej Sapkowski,Gollancz,2020-01-28,288,en,,
MB-066,9781473231061,en,en_fiction,wikidata,MISS,no provider record,,200,316.99,,,,,,,,,
MB-066,9781473231061,en,en_fiction,bookbrainz,MISS,no provider record,,200,,,,,,,,,,
MB-067,9781473231078,en,en_fiction,open_library,EXACT,exact ISBN with compatible title/author,/books/OL29485070M,200,2830.82,,Blood of Elves,Andrzej Sapkowski | Danusia Stok,Orion Publishing Group,2020,320,eng,The Witcher,
MB-067,9781473231078,en,en_fiction,google_books,EXACT,exact ISBN with compatible title/author,BJiazAEACAAJ,200,384.18,,Blood of Elves,Andrzej Sapkowski,The Witcher,2020-02-11,0,en,,
MB-067,9781473231078,en,en_fiction,wikidata,MISS,no provider record,,200,316.99,,,,,,,,,
MB-067,9781473231078,en,en_fiction,bookbrainz,EXACT,exact ISBN with compatible title/author,30573a0e-4a19-46c1-b207-98612fd6c01e,200,,,Blood of Elves,Andrzej Sapkowski,,2020,315,en,,
MB-068,9781510104495,en,en_fiction,open_library,EXACT,exact ISBN with compatible title/author,/books/OL38010499M,200,2830.82,,Rule of Wolves (King of Scars Book 2),Leigh Bardugo,Hachette Children's Group,2022,,eng,,
MB-068,9781510104495,en,en_fiction,google_books,PROBABLE,exact ISBN but incomplete or divergent local/provider metadata,mTjrzgEACAAJ,200,893.2,,Rule of Wolves,Leigh Bardugo,Orion Children's Books,2022-08-04,0,en,,
MB-068,9781510104495,en,en_fiction,wikidata,MISS,no provider record,,200,316.99,,,,,,,,,
MB-068,9781510104495,en,en_fiction,bookbrainz,MISS,no provider record,,200,,,,,,,,,,
MB-069,9781529084382,en,en_fiction,open_library,EXACT,exact ISBN with compatible title/author,/books/OL34791202M,200,2830.82,,Last Summer,Karen Swan,Pan Macmillan,2023,,eng,,
MB-069,9781529084382,en,en_fiction,google_books,EXACT,exact ISBN with compatible title/author,p06mEAAAQBAJ,200,415.96,,The Last Summer,Karen Swan,Pan,2023-07-11,0,en,,
MB-069,9781529084382,en,en_fiction,wikidata,MISS,no provider record,,200,316.99,,,,,,,,,
MB-069,9781529084382,en,en_fiction,bookbrainz,MISS,no provider record,,200,,,,,,,,,,
MB-070,9781529158564,en,en_fiction,open_library,EXACT,exact ISBN with compatible title/author,/books/OL38330344M,200,2830.82,,Family Remains,Lisa Jewell,"Penguin Books, Limited",2023,,eng,,
MB-070,9781529158564,en,en_fiction,google_books,EXACT,exact ISBN with compatible title/author,kC8rzwEACAAJ,200,900.55,,The Family Remains,Lisa Jewell,Century,2023-04-25,0,en,,
MB-070,9781529158564,en,en_fiction,wikidata,MISS,no provider record,,200,316.99,,,,,,,,,
MB-070,9781529158564,en,en_fiction,bookbrainz,MISS,no provider record,,200,,,,,,,,,,
MB-071,9781529920505,en,en_fiction,open_library,EXACT,exact ISBN with compatible title/author,/books/OL50651895M,200,2830.82,,Killing Moon,Jo Nesbo | Seán Kinsella,Penguin Random House,2024,,eng,,
MB-071,9781529920505,en,en_fiction,google_books,EXACT,exact ISBN with compatible title/author,jI_xzwEACAAJ,200,528.4,,Killing Moon,Jo Nesbo,Vintage,2024-01-18,0,en,,
MB-071,9781529920505,en,en_fiction,wikidata,MISS,no provider record,,200,316.99,,,,,,,,,
MB-071,9781529920505,en,en_fiction,bookbrainz,MISS,no provider record,,200,,,,,,,,,,
MB-072,9781599214542,en,en_fiction,open_library,EXACT,exact ISBN with compatible title/author,/books/OL16992862M,200,2830.82,,Preggatinis,Natalie Bovis-Nelsen,GPP Life,2009,,eng,,
MB-072,9781599214542,en,en_fiction,google_books,EXACT,exact ISBN with compatible title/author,IqjBmwEACAAJ,200,901.42,,Preggatinis,Natalie Bovis-Nelsen,,2008-12-30,0,en,,
MB-072,9781599214542,en,en_fiction,wikidata,MISS,no provider record,,200,316.99,,,,,,,,,
MB-072,9781599214542,en,en_fiction,bookbrainz,MISS,no provider record,,200,,,,,,,,,,
MB-073,9781784161101,en,en_fiction,open_library,EXACT,exact ISBN with compatible title/author,/books/OL35512570M,200,2830.82,,Girl on the Train,Paula Hawkins,Transworld Publishers Limited,2018,,eng,,
MB-073,9781784161101,en,en_fiction,google_books,EXACT,exact ISBN with compatible title/author,nfziDAAAQBAJ,200,999.85,,The Girl on the Train,Paula Hawkins,Random House,2016,417,en,,
MB-073,9781784161101,en,en_fiction,wikidata,EXACT,exact ISBN with compatible title/author,Q32860423,200,316.99,,The Girl on the Train,Paula Hawkins,Transworld Publishers,2016-01-01T00:00:00Z,408,Engels,,
MB-073,9781784161101,en,en_fiction,bookbrainz,MISS,no provider record,,200,,,,,,,,,,
MB-074,9781784709112,en,en_fiction,open_library,EXACT,exact ISBN with compatible title/author,/books/OL33930767M,200,2830.82,,Kingdom,Jo Nesbø,Penguin Random House,2021,656,eng,,
MB-074,9781784709112,en,en_fiction,google_books,EXACT,exact ISBN with compatible title/author,OVfHzQEACAAJ,200,899.5,,The Kingdom,Jo Nesbo,Vintage Books,2021-04-29,0,en,,
MB-074,9781784709112,en,en_fiction,wikidata,MISS,no provider record,,200,316.99,,,,,,,,,
MB-074,9781784709112,en,en_fiction,bookbrainz,MISS,no provider record,,200,,,,,,,,,,
MB-075,9781786541086,en,en_fiction,open_library,EXACT,exact ISBN with compatible title/author,/books/OL33924191M,200,2830.82,,Stay Another Day,Juno Dawson,Quercus | Quercus Children's Books,2021,400,eng,,
MB-075,9781786541086,en,en_fiction,google_books,EXACT,exact ISBN with compatible title/author,4ZhpzgEACAAJ,200,424.15,,Stay Another Day,Juno Dawson,Quercus Children's Books,2021-10-12,0,en,,
MB-075,9781786541086,en,en_fiction,wikidata,MISS,no provider record,,200,316.99,,,,,,,,,
MB-075,9781786541086,en,en_fiction,bookbrainz,MISS,no provider record,,200,,,,,,,,,,
MB-076,9781786691736,en,en_fiction,open_library,EXACT,exact ISBN with compatible title/author,/books/OL28714523M,200,2830.82,,Siege of Stone,Terry Goodkind,Head of Zeus,2019,560,eng,,
MB-076,9781786691736,en,en_fiction,google_books,EXACT,exact ISBN with compatible title/author,tXwXvgEACAAJ,200,543.09,,Siege of Stone,Terry Goodkind,,2019-09-05,608,en,,
MB-076,9781786691736,en,en_fiction,wikidata,MISS,no provider record,,200,316.99,,,,,,,,,
MB-076,9781786691736,en,en_fiction,bookbrainz,MISS,no provider record,,200,,,,,,,,,,
MB-077,9781787303133,en,en_fiction,open_library,EXACT,exact ISBN with compatible title/author,/books/OL33905479M,200,2830.82,,Jealousy Man and Other Stories,Jo Nesbø,Penguin Random House,2021,544,eng,,
MB-077,9781787303133,en,en_fiction,google_books,EXACT,exact ISBN with compatible title/author,hsJHzgEACAAJ,200,495.4,,The Jealousy Man and Other Stories,Jo Nesbo,Harvill Secker,2021-09-28,544,en,,
MB-077,9781787303133,en,en_fiction,wikidata,MISS,no provider record,,200,316.99,,,,,,,,,
MB-077,9781787303133,en,en_fiction,bookbrainz,MISS,no provider record,,200,,,,,,,,,,
MB-078,9781800812437,en,en_fiction,open_library,EXACT,exact ISBN with compatible title/author,/books/OL40329483M,200,2830.82,,Remainders of the Day,Shaun Bythell,Profile Books Limited,2023,,eng,,
MB-078,9781800812437,en,en_fiction,google_books,EXACT,exact ISBN with compatible title/author,iWXAzgEACAAJ,200,485.16,,Remainders of the Day,Shaun Bythell,,2023-08-03,0,en,,
MB-078,9781800812437,en,en_fiction,wikidata,MISS,no provider record,,200,316.99,,,,,,,,,
MB-078,9781800812437,en,en_fiction,bookbrainz,MISS,no provider record,,200,,,,,,,,,,
MB-079,9781804990032,en,en_fiction,open_library,EXACT,exact ISBN with compatible title/author,/books/OL46064274M,200,2830.82,,Cloisters,Katy Hays,"Penguin Books, Limited",2023,,eng,,
MB-079,9781804990032,en,en_fiction,google_books,EXACT,exact ISBN with compatible title/author,rRGczwEACAAJ,200,388.86,,The Cloisters,Katy Hays,Penguin,2024-01-04,0,en,,
MB-079,9781804990032,en,en_fiction,wikidata,MISS,no provider record,,200,316.99,,,,,,,,,
MB-079,9781804990032,en,en_fiction,bookbrainz,MISS,no provider record,,200,,,,,,,,,,
MB-080,9798217007868,en,en_fiction,open_library,EXACT,exact ISBN with compatible title/author,/books/OL60890551M,200,2830.82,,L. A. Confidential,James Ellroy,Knopf Doubleday Publishing Group,2025,400,eng,,
MB-080,9798217007868,en,en_fiction,google_books,EXACT,exact ISBN with compatible title/author,_uZNEQAAQBAJ,200,376.37,,L.A. Confidential,James Ellroy,Random House,2025-12-02,401,en,,
MB-080,9798217007868,en,en_fiction,wikidata,MISS,no provider record,,200,316.99,,,,,,,,,
MB-080,9798217007868,en,en_fiction,bookbrainz,MISS,no provider record,,200,,,,,,,,,,
MB-081,9780007538065,en,en_nonfiction_knowledge,open_library,EXACT,exact ISBN with compatible title/author,/books/OL26223598M,200,2702.56,,Divergent,,HarperCollinsPublishers | HarperCollins Children's Books,2014,,eng,Divergent Trilogy,
MB-081,9780007538065,en,en_nonfiction_knowledge,google_books,EXACT,exact ISBN with compatible title/author,i80JnwEACAAJ,200,866.33,,Divergent,Veronica Roth,HarperCollins Children's Books,2014,0,en,,
MB-081,9780007538065,en,en_nonfiction_knowledge,wikidata,EXACT,exact ISBN with compatible title/author,Q115224122,200,316.99,,Divergent,Veronica Roth,HarperCollins UK,2014-02-11T00:00:00Z,487,Engels,,
MB-081,9780007538065,en,en_nonfiction_knowledge,bookbrainz,MISS,no provider record,,200,,,,,,,,,,
MB-082,9780008715786,en,en_nonfiction_knowledge,open_library,EXACT,exact ISBN with compatible title/author,/books/OL51590642M,200,2702.56,,Diana Wynne Jones Box Set,Diana Wynne Jones,HarperCollins Publishers Limited,2024,,eng,,
MB-082,9780008715786,en,en_nonfiction_knowledge,google_books,MISS,no provider record,,200,831.58,,,,,,,,,
MB-082,9780008715786,en,en_nonfiction_knowledge,wikidata,MISS,no provider record,,200,316.99,,,,,,,,,
MB-082,9780008715786,en,en_nonfiction_knowledge,bookbrainz,MISS,no provider record,,200,,,,,,,,,,
MB-083,9780099532958,en,en_nonfiction_knowledge,open_library,EXACT,exact ISBN with compatible title/author,/books/OL28456072M,200,2702.56,,Hannibal Rising,Thomas Harris,Penguin Random House,2009,400,eng,,
MB-083,9780099532958,en,en_nonfiction_knowledge,google_books,EXACT,exact ISBN with compatible title/author,ES1mPgAACAAJ,200,479.12,,Hannibal Rising,Thomas Harris,Arrow,2009,0,en,,
MB-083,9780099532958,en,en_nonfiction_knowledge,wikidata,MISS,no provider record,,200,316.99,,,,,,,,,
MB-083,9780099532958,en,en_nonfiction_knowledge,bookbrainz,MISS,no provider record,,200,,,,,,,,,,
MB-084,9780141021621,en,en_nonfiction_knowledge,open_library,EXACT,exact ISBN with compatible title/author,/books/OL40368607M,200,2702.56,,Skeleton Coast,Clive Cussler | Jack du Brul,"Penguin Books, Limited",2008,,eng,,
MB-084,9780141021621,en,en_nonfiction_knowledge,google_books,EXACT,exact ISBN with compatible title/author,aXVGPgAACAAJ,200,481.53,,Skeleton Coast,Clive Cussler | Jack Du Brul,Penguin Books,2008,569,en,,
MB-084,9780141021621,en,en_nonfiction_knowledge,wikidata,MISS,no provider record,,200,316.99,,,,,,,,,
MB-084,9780141021621,en,en_nonfiction_knowledge,bookbrainz,MISS,no provider record,,200,,,,,,,,,,
MB-085,9780142437247,en,en_nonfiction_knowledge,open_library,EXACT,exact ISBN with compatible title/author,/books/OL3704476M,200,2702.56,,"Moby-Dick, or, The whale",Herman Melville,Penguin Books,2003,654,eng,Penguin classics,
MB-085,9780142437247,en,en_nonfiction_knowledge,google_books,PROBABLE,exact ISBN but incomplete or divergent local/provider metadata,Mo5PEAAAQBAJ,200,1005.91,,Moby-Dick,Herman Melville,Penguin,2002-12-31,721,en,,
MB-085,9780142437247,en,en_nonfiction_knowledge,wikidata,MISS,no provider record,,200,316.99,,,,,,,,,
MB-085,9780142437247,en,en_nonfiction_knowledge,bookbrainz,MISS,no provider record,,200,,,,,,,,,,
MB-086,9780241425428,en,en_nonfiction_knowledge,open_library,EXACT,exact ISBN with compatible title/author,/books/OL33891091M,200,2702.56,,The Man Who Died Twice,,Viking,2021,423,eng,The Thursday Murder Club,
MB-086,9780241425428,en,en_nonfiction_knowledge,google_books,EXACT,exact ISBN with compatible title/author,b8_GzQEACAAJ,200,486.68,,The Man Who Died Twice,Richard Osman,Viking,2021-09-16,432,en,,
MB-086,9780241425428,en,en_nonfiction_knowledge,wikidata,MISS,no provider record,,200,316.99,,,,,,,,,
MB-086,9780241425428,en,en_nonfiction_knowledge,bookbrainz,MISS,no provider record,,200,,,,,,,,,,
MB-087,9780241961001,en,en_nonfiction_knowledge,open_library,EXACT,exact ISBN with compatible title/author,/books/OL28564104M,200,2702.56,,Peripheral,William Gibson,"Penguin Books, Limited",2015,496,eng,,
MB-087,9780241961001,en,en_nonfiction_knowledge,google_books,EXACT,exact ISBN with compatible title/author,RD7IrQEACAAJ,200,842.99,,The Peripheral,William Gibson,,2015-04-23,512,en,,
MB-087,9780241961001,en,en_nonfiction_knowledge,wikidata,EXACT,exact ISBN with compatible title/author,Q116175728,200,316.99,,The Peripheral,William Gibson,Penguin Books,2015-04-23T00:00:00Z,492,Engels,,
MB-087,9780241961001,en,en_nonfiction_knowledge,bookbrainz,MISS,no provider record,,200,,,,,,,,,,
MB-088,9780273769248,en,en_nonfiction_knowledge,open_library,EXACT,exact ISBN with compatible title/author,/books/OL29088722M,200,2702.56,,Structured Computer Organization,Andrew S. Tanenbaum | Todd Austin,"Pearson Education, Limited",2012,800,eng,,
MB-088,9780273769248,en,en_nonfiction_knowledge,google_books,EXACT,exact ISBN with compatible title/author,kv7vygAACAAJ,200,537.44,,Structured Computer Organization,Andrew S. Tanenbaum | Todd Austin,Pearson Education,2012-04-01,800,en,,
MB-088,9780273769248,en,en_nonfiction_knowledge,wikidata,MISS,no provider record,,200,316.99,,,,,,,,,
MB-088,9780273769248,en,en_nonfiction_knowledge,bookbrainz,MISS,no provider record,,200,,,,,,,,,,
MB-089,9780307951526,en,en_nonfiction_knowledge,open_library,EXACT,exact ISBN with compatible title/author,/books/OL25198155M,200,2702.56,,The $100 startup,Chris Guillebeau,Crown Business | Currency,2012,304,eng,,
MB-089,9780307951526,en,en_nonfiction_knowledge,google_books,EXACT,exact ISBN with compatible title/author,2YeBy-RlgkQC,200,1004.26,,The $100 Startup,Chris Guillebeau,Crown Currency,2012-05-08,305,en,,
MB-089,9780307951526,en,en_nonfiction_knowledge,wikidata,EXACT,exact ISBN with compatible title/author,Q137844071,200,316.99,,The $100 Startup,Chris Guillebeau,,2012-05-08T00:00:00Z,268,Engels,,
MB-089,9780307951526,en,en_nonfiction_knowledge,bookbrainz,MISS,no provider record,,200,,,,,,,,,,
MB-090,9780345417084,en,en_nonfiction_knowledge,open_library,EXACT,exact ISBN with compatible title/author,/books/OL9467608M,200,2702.56,,"Wit'ch Storm (The Banned and the Banished, Book 2)",James Clemens,Del Rey,"May 2, 2000",544,eng,,
MB-090,9780345417084,en,en_nonfiction_knowledge,google_books,WRONG_EDITION,work-like match without returned queried ISBN,7MnrAAAAMAAJ,200,475.19,,Wit'ch Storm,James Clemens,National Geographic Books,2000-05-02,548,en,,
MB-090,9780345417084,en,en_nonfiction_knowledge,wikidata,MISS,no provider record,,200,316.99,,,,,,,,,
MB-090,9780345417084,en,en_nonfiction_knowledge,bookbrainz,MISS,no provider record,,200,,,,,,,,,,
MB-091,9780356502588,en,en_nonfiction_knowledge,open_library,EXACT,exact ISBN with compatible title/author,/books/OL28227679M,200,2702.56,,The first fifteen lives of Harry August,Claire North,Orbit,2014,405,eng,,
MB-091,9780356502588,en,en_nonfiction_knowledge,google_books,EXACT,exact ISBN with compatible title/author,qYjDngEACAAJ,200,426.07,,The First Fifteen Lives of Harry August,Claire North,Orbit Books,2014,0,en,,
MB-091,9780356502588,en,en_nonfiction_knowledge,wikidata,MISS,no provider record,,200,316.99,,,,,,,,,
MB-091,9780356502588,en,en_nonfiction_knowledge,bookbrainz,MISS,no provider record,,200,,,,,,,,,,
MB-092,9780425222287,en,en_nonfiction_knowledge,open_library,MISS,no provider record,,200,2702.56,,,,,,,,,
MB-092,9780425222287,en,en_nonfiction_knowledge,google_books,EXACT,exact ISBN with compatible title/author,7mObQAAACAAJ,200,897.1,,The Chase,Clive Cussler,Berkley Books,2008-10,340,en,,
MB-092,9780425222287,en,en_nonfiction_knowledge,wikidata,MISS,no provider record,,200,316.99,,,,,,,,,
MB-092,9780425222287,en,en_nonfiction_knowledge,bookbrainz,MISS,no provider record,,200,,,,,,,,,,
MB-093,9780471353485,en,en_nonfiction_knowledge,open_library,EXACT,exact ISBN with compatible title/author,/books/OL27029423M,200,2702.56,,The Data Model Resource Book,Len Silverston,"Wiley [Imprint] | John Wiley & Sons, Incorporated.",2001,,eng,,
MB-093,9780471353485,en,en_nonfiction_knowledge,google_books,EXACT,exact ISBN with compatible title/author,82hvDwAAQBAJ,200,861.49,,"The Data Model Resource Book, Volume 2",Len Silverston,John Wiley & Sons,2001-03-21,578,en,,
MB-093,9780471353485,en,en_nonfiction_knowledge,wikidata,MISS,no provider record,,200,316.99,,,,,,,,,
MB-093,9780471353485,en,en_nonfiction_knowledge,bookbrainz,MISS,no provider record,,200,,,,,,,,,,
MB-094,9780552148405,en,en_nonfiction_knowledge,open_library,EXACT,exact ISBN with compatible title/author,/books/OL7815343M,200,2702.56,,Thief of Time,Terry Pratchett,Corgi Books,2002,430,eng,"Discworld, Book 26",
MB-094,9780552148405,en,en_nonfiction_knowledge,google_books,EXACT,exact ISBN with compatible title/author,S_eNEAAAQBAJ,200,442.6,,Thief of Time,Terry Pratchett,National Geographic Books,2002-04-23,0,en,,
MB-094,9780552148405,en,en_nonfiction_knowledge,wikidata,MISS,no provider record,,200,316.99,,,,,,,,,
MB-094,9780552148405,en,en_nonfiction_knowledge,bookbrainz,MISS,no provider record,,200,,,,,,,,,,
MB-095,9780596009205,en,en_nonfiction_knowledge,open_library,EXACT,exact ISBN with compatible title/author,/books/OL17922647M,200,2702.56,,Head first Java,Kathy Sierra,O'Reilly,2005,688,eng,,
MB-095,9780596009205,en,en_nonfiction_knowledge,google_books,MISS,no provider record,,200,835.9,,,,,,,,,
MB-095,9780596009205,en,en_nonfiction_knowledge,wikidata,MISS,no provider record,,200,316.99,,,,,,,,,
MB-095,9780596009205,en,en_nonfiction_knowledge,bookbrainz,MISS,no provider record,,200,,,,,,,,,,
MB-096,9780670919543,en,en_nonfiction_knowledge,open_library,EXACT,exact ISBN with compatible title/author,/books/OL31889293M,200,2702.56,,Zero History,William Gibson,Viking,2010,404,eng,,
MB-096,9780670919543,en,en_nonfiction_knowledge,google_books,EXACT,exact ISBN with compatible title/author,OfV6RwAACAAJ,200,384.96,,Zero History,William Gibson,Putnam Adult,2010,404,en,,
MB-096,9780670919543,en,en_nonfiction_knowledge,wikidata,MISS,no provider record,,200,316.99,,,,,,,,,
MB-096,9780670919543,en,en_nonfiction_knowledge,bookbrainz,MISS,no provider record,,200,,,,,,,,,,
MB-097,9780747546245,en,en_nonfiction_knowledge,open_library,EXACT,exact ISBN with compatible title/author,/books/OL61057759M,200,2702.56,,Harry Potter and the Goblet of Fire,,Bloomsbury,2000,,eng,,
MB-097,9780747546245,en,en_nonfiction_knowledge,google_books,EXACT,exact ISBN with compatible title/author,5eSxngEACAAJ,200,601.36,,Harry Potter and the Goblet of Fire,J. K. Rowling,Bloomsbury Pub Limited,2000,636,en,,
MB-097,9780747546245,en,en_nonfiction_knowledge,wikidata,EXACT,exact ISBN with compatible title/author,Q113404054,200,316.99,,Harry Potter and the Goblet of Fire,Joanne Rowling,Bloomsbury Publishing,2000-07-08T00:00:00Z,636,Brits-Engels,,
MB-097,9780747546245,en,en_nonfiction_knowledge,bookbrainz,MISS,no provider record,,200,,,,,,,,,,
MB-098,9780765343161,en,en_nonfiction_knowledge,open_library,EXACT,exact ISBN with compatible title/author,/books/OL9657263M,200,2702.56,,The Aftermath,Ben Bova,Tor Science Fiction,"April 1, 2008",400,eng,,
MB-098,9780765343161,en,en_nonfiction_knowledge,google_books,EXACT,exact ISBN with compatible title/author,K2iLjcj7AxEC,200,873.31,,The Aftermath,Ben Bova,Macmillan,2008-04,404,en,,
MB-098,9780765343161,en,en_nonfiction_knowledge,wikidata,MISS,no provider record,,200,316.99,,,,,,,,,
MB-098,9780765343161,en,en_nonfiction_knowledge,bookbrainz,MISS,no provider record,,200,,,,,,,,,,
MB-099,9780786965601,en,en_nonfiction_knowledge,open_library,EXACT,exact ISBN with compatible title/author,/books/OL26629984M,200,2702.56,,Player's Handbook,Wizards RPG Team,Wizards of the Coast,"Aug 19, 2014",320,eng,,
MB-099,9780786965601,en,en_nonfiction_knowledge,google_books,WRONG_WORK,exact identifier assertion conflicts strongly with title/author,vQSPEAAAQBAJ,200,1016.22,,"Dungeons & Dragons Player's Handbook (Core Rulebook, D&D Roleplaying Game)",Dungeons & Dragons,National Geographic Books,2014-08-19,0,en,,
MB-099,9780786965601,en,en_nonfiction_knowledge,wikidata,EXACT,exact ISBN with compatible title/author,Q126918241,200,316.99,,Player's Handbook,,Wizards of the Coast,2014-08-19T00:00:00Z,,,,
MB-099,9780786965601,en,en_nonfiction_knowledge,bookbrainz,PROBABLE,exact ISBN but incomplete or divergent local/provider metadata,63a6f19c-1061-4666-90f1-36efd3738a4a,200,,,Player's Handbook,Jeremy Crawford,Wizards of the Coast,2014-8,320,en,,
MB-100,9780997138948,en,en_nonfiction_knowledge,open_library,MISS,no provider record,,200,2702.56,,,,,,,,,
MB-100,9780997138948,en,en_nonfiction_knowledge,google_books,EXACT,exact ISBN with compatible title/author,y98szQEACAAJ,200,895.83,,I Draw Motos,David Mucci | IDRAW Creative Goods,,2019-12-29,167,en,,
MB-100,9780997138948,en,en_nonfiction_knowledge,wikidata,MISS,no provider record,,200,316.99,,,,,,,,,
MB-100,9780997138948,en,en_nonfiction_knowledge,bookbrainz,MISS,no provider record,,200,,,,,,,,,,
MB-101,9781118980828,en,en_nonfiction_knowledge,open_library,EXACT,exact ISBN with compatible title/author,/books/OL26933222M,200,2702.56,,Designing brand identity,Alina Wheeler,Wiley,2018,324,eng,,
MB-101,9781118980828,en,en_nonfiction_knowledge,google_books,EXACT,exact ISBN with compatible title/author,VLg6DwAAQBAJ,200,485.4,,Designing Brand Identity,Alina Wheeler,John Wiley & Sons,2017-10-24,338,en,,
MB-101,9781118980828,en,en_nonfiction_knowledge,wikidata,MISS,no provider record,,200,199.72,,,,,,,,,
MB-101,9781118980828,en,en_nonfiction_knowledge,bookbrainz,MISS,no provider record,,200,,,,,,,,,,
MB-102,9781250122971,en,en_nonfiction_knowledge,open_library,EXACT,exact ISBN with compatible title/author,/books/OL28217327M,200,2702.56,,Year One,Nora Roberts,St. Martin's Paperbacks,"Sep 24, 2019",464,eng,,
MB-102,9781250122971,en,en_nonfiction_knowledge,google_books,EXACT,exact ISBN with compatible title/author,g_5MwQEACAAJ,200,432.89,,Year One,Nora Roberts,St. Martin's Paperbacks,2019-09-24,0,en,,
MB-102,9781250122971,en,en_nonfiction_knowledge,wikidata,MISS,no provider record,,200,199.72,,,,,,,,,
MB-102,9781250122971,en,en_nonfiction_knowledge,bookbrainz,MISS,no provider record,,200,,,,,,,,,,
MB-103,9781439149034,en,en_nonfiction_knowledge,open_library,EXACT,exact ISBN with compatible title/author,/books/OL27312860M,200,2702.56,,Under the Dome,Stephen King,Gallery Books,2010-07,1074,eng,,
MB-103,9781439149034,en,en_nonfiction_knowledge,google_books,EXACT,exact ISBN with compatible title/author,ZztbX-pGs3IC,200,392.45,,Under the Dome,Stephen King,Simon and Schuster,2009,1088,en,,
MB-103,9781439149034,en,en_nonfiction_knowledge,wikidata,MISS,no provider record,,200,199.72,,,,,,,,,
MB-103,9781439149034,en,en_nonfiction_knowledge,bookbrainz,MISS,no provider record,,200,,,,,,,,,,
MB-104,9781473231122,en,en_nonfiction_knowledge,open_library,EXACT,exact ISBN with compatible title/author,/books/OL29485061M,200,2702.56,,The Lady of the Lake,Andrzej Sapkowski | David French,Orion,March 14th 2017,544,eng,,
MB-104,9781473231122,en,en_nonfiction_knowledge,google_books,EXACT,exact ISBN with compatible title/author,CSbDzAEACAAJ,200,949.37,,The Lady of the Lake,Andrzej Sapkowski,The Witcher,2020-02-11,0,en,,
MB-104,9781473231122,en,en_nonfiction_knowledge,wikidata,MISS,no provider record,,200,199.72,,,,,,,,,
MB-104,9781473231122,en,en_nonfiction_knowledge,bookbrainz,EXACT,exact ISBN with compatible title/author,7015b602-2223-439f-88ca-829c66188e5c,200,,,The Lady of the Lake,Andrzej Sapkowski,,2020-2-13,531,en,,
MB-105,9781529962253,en,en_nonfiction_knowledge,open_library,EXACT,exact ISBN with compatible title/author,/books/OL57546000M,200,2702.56,,1984,George Orwell | Robert Harris,Penguin Random House,2025,384,eng,,
MB-105,9781529962253,en,en_nonfiction_knowledge,google_books,EXACT,exact ISBN with compatible title/author,I_wG0QEACAAJ,200,387.26,,1984,George. Orwell,Vintage Classic,2025-08-07,0,en,,
MB-105,9781529962253,en,en_nonfiction_knowledge,wikidata,MISS,no provider record,,200,199.72,,,,,,,,,
MB-105,9781529962253,en,en_nonfiction_knowledge,bookbrainz,MISS,no provider record,,200,,,,,,,,,,
MB-106,9781592405169,en,en_nonfiction_knowledge,open_library,EXACT,exact ISBN with compatible title/author,/books/OL24061252M,200,2702.56,,How to take over teh [sic] wurld [sic],,Gotham Books,2009,,eng,,
MB-106,9781592405169,en,en_nonfiction_knowledge,google_books,EXACT,exact ISBN with compatible title/author,1rJPEAAAQBAJ,200,884.66,,How to Take Over Teh Wurld,Professor Happycat | icanhascheezburger.com,Penguin,2009-09-01,0,en,,
MB-106,9781592405169,en,en_nonfiction_knowledge,wikidata,MISS,no provider record,,200,199.72,,,,,,,,,
MB-106,9781592405169,en,en_nonfiction_knowledge,bookbrainz,MISS,no provider record,,200,,,,,,,,,,
MB-107,9781784971656,en,en_nonfiction_knowledge,open_library,PROBABLE,exact ISBN but incomplete or divergent local/provider metadata,/books/OL31833407M,200,2702.56,,Death's End,刘慈欣,Head of Zeus,"May 04, 2017",724,eng,,
MB-107,9781784971656,en,en_nonfiction_knowledge,google_books,PROBABLE,exact ISBN but incomplete or divergent local/provider metadata,-qZCvgAACAAJ,200,895.91,,Death's End,Cixin Liu,Head of Zeus,2017-05-04,0,en,,
MB-107,9781784971656,en,en_nonfiction_knowledge,wikidata,MISS,no provider record,,200,199.72,,,,,,,,,
MB-107,9781784971656,en,en_nonfiction_knowledge,bookbrainz,PROBABLE,exact ISBN but incomplete or divergent local/provider metadata,083f1be0-98db-46ac-a524-b2aea0a8ed5a,200,,,Death's End,刘慈欣,Head of Zeus,2017-5-3,736,en,,
MB-108,9781785658631,en,en_nonfiction_knowledge,open_library,EXACT,exact ISBN with compatible title/author,/books/OL37846045M,200,2702.56,,Vengeful,V. E. Schwab,Titan Publ. Group Ltd.,"Mar 19, 2019",575,eng,Villains,
MB-108,9781785658631,en,en_nonfiction_knowledge,google_books,EXACT,exact ISBN with compatible title/author,bAyjuwEACAAJ,200,886.84,,Vengeful,V. E. Schwab,Titan Books,2019-03,0,en,,
MB-108,9781785658631,en,en_nonfiction_knowledge,wikidata,MISS,no provider record,,200,199.72,,,,,,,,,
MB-108,9781785658631,en,en_nonfiction_knowledge,bookbrainz,MISS,no provider record,,200,,,,,,,,,,
MB-109,9789163906572,en,en_nonfiction_knowledge,open_library,EXACT,exact ISBN with compatible title/author,/books/OL27908942M,200,2702.56,,Illustrator's Guidebook,,21 Draw | 21D Sweden AB,2020,184,eng,,
MB-109,9789163906572,en,en_nonfiction_knowledge,google_books,MISS,no provider record,,200,905.8,,,,,,,,,
MB-109,9789163906572,en,en_nonfiction_knowledge,wikidata,MISS,no provider record,,200,199.72,,,,,,,,,
MB-109,9789163906572,en,en_nonfiction_knowledge,bookbrainz,MISS,no provider record,,200,,,,,,,,,,
MB-110,9798336559811,en,en_nonfiction_knowledge,open_library,MISS,no provider record,,200,2702.56,,,,,,,,,
MB-110,9798336559811,en,en_nonfiction_knowledge,google_books,EXACT,exact ISBN with compatible title/author,-rMM0QEACAAJ,200,804.46,,The Ultimate Guide to Rebuilding a Civilization,Jackson Ridge,,2024,0,en,,
MB-110,9798336559811,en,en_nonfiction_knowledge,wikidata,MISS,no provider record,,200,199.72,,,,,,,,,
MB-110,9798336559811,en,en_nonfiction_knowledge,bookbrainz,MISS,no provider record,,200,,,,,,,,,,
MB-111,9781445403014,nl,nl_cook_travel_reference,open_library,MISS,no provider record,,200,2702.56,,,,,,,,,
MB-111,9781445403014,nl,nl_cook_travel_reference,google_books,EXACT,exact ISBN with compatible title/author,-ZUlcgAACAAJ,200,2827.26,,Bakken,Jetty Huisman | Tanja Timmerman,,2007,240,nl,,
MB-111,9781445403014,nl,nl_cook_travel_reference,wikidata,MISS,no provider record,,200,199.72,,,,,,,,,
MB-111,9781445403014,nl,nl_cook_travel_reference,bookbrainz,MISS,no provider record,,200,,,,,,,,,,
MB-112,9789021540757,nl,nl_cook_travel_reference,open_library,MISS,no provider record,,200,2702.56,,,,,,,,,
MB-112,9789021540757,nl,nl_cook_travel_reference,google_books,EXACT,exact ISBN with compatible title/author,j-uIPQAACAAJ,200,417.34,,Jamie's kookrevolutie / druk 3,Jamie Oliver,,2011-09,360,nl,,
MB-112,9789021540757,nl,nl_cook_travel_reference,wikidata,MISS,no provider record,,200,199.72,,,,,,,,,
MB-112,9789021540757,nl,nl_cook_travel_reference,bookbrainz,MISS,no provider record,,200,,,,,,,,,,
MB-113,9789021548906,nl,nl_cook_travel_reference,open_library,MISS,no provider record,,200,2702.56,,,,,,,,,
MB-113,9789021548906,nl,nl_cook_travel_reference,google_books,EXACT,exact ISBN with compatible title/author,n8VsSwAACAAJ,200,862.12,,Het Tapasboek / druk 1,Inés Ortega | Simone Ortega,,2010-10,432,nl,,
MB-113,9789021548906,nl,nl_cook_travel_reference,wikidata,MISS,no provider record,,200,199.72,,,,,,,,,
MB-113,9789021548906,nl,nl_cook_travel_reference,bookbrainz,MISS,no provider record,,200,,,,,,,,,,
MB-114,9789021548975,nl,nl_cook_travel_reference,open_library,MISS,no provider record,,200,2702.56,,,,,,,,,
MB-114,9789021548975,nl,nl_cook_travel_reference,google_books,EXACT,exact ISBN with compatible title/author,fdNOSwAACAAJ,200,422.62,,Het nieuwe Haagse kookboek / druk 85,Frédérique Mathilde Stoll | Wilhelmina Hendrika Groot,,2012-01,462,nl,,
MB-114,9789021548975,nl,nl_cook_travel_reference,wikidata,MISS,no provider record,,200,199.72,,,,,,,,,
MB-114,9789021548975,nl,nl_cook_travel_reference,bookbrainz,MISS,no provider record,,200,,,,,,,,,,
MB-115,9789021553689,nl,nl_cook_travel_reference,open_library,MISS,no provider record,,200,2702.56,,,,,,,,,
MB-115,9789021553689,nl,nl_cook_travel_reference,google_books,EXACT,exact ISBN with compatible title/author,nsLKngEACAAJ,200,869.95,,Kookschool / druk 1,,,2013-10-07,512,nl,,
MB-115,9789021553689,nl,nl_cook_travel_reference,wikidata,MISS,no provider record,,200,199.72,,,,,,,,,
MB-115,9789021553689,nl,nl_cook_travel_reference,bookbrainz,MISS,no provider record,,200,,,,,,,,,,
MB-116,9789021580449,nl,nl_cook_travel_reference,open_library,MISS,no provider record,,200,2702.56,,,,,,,,,
MB-116,9789021580449,nl,nl_cook_travel_reference,google_books,EXACT,exact ISBN with compatible title/author,nVdTcAAACAAJ,200,374.1,,Jamie's Italie / druk 14,Jamie Oliver,,2010-12,317,nl,,
MB-116,9789021580449,nl,nl_cook_travel_reference,wikidata,MISS,no provider record,,200,199.72,,,,,,,,,
MB-116,9789021580449,nl,nl_cook_travel_reference,bookbrainz,MISS,no provider record,,200,,,,,,,,,,
MB-117,9789024350285,nl,nl_cook_travel_reference,open_library,MISS,no provider record,,200,2702.56,,,,,,,,,
MB-117,9789024350285,nl,nl_cook_travel_reference,google_books,EXACT,exact ISBN with compatible title/author,B8QkAgAACAAJ,200,462.1,,De meesterlijke keuken voor vis en zeevruchten,Tineke de Lang | Wolfgang Grobauer,,1992,164,nl,,
MB-117,9789024350285,nl,nl_cook_travel_reference,wikidata,MISS,no provider record,,200,199.72,,,,,,,,,
MB-117,9789024350285,nl,nl_cook_travel_reference,bookbrainz,MISS,no provider record,,200,,,,,,,,,,
MB-118,9789026929397,nl,nl_cook_travel_reference,open_library,MISS,no provider record,,200,2702.56,,,,,,,,,
MB-118,9789026929397,nl,nl_cook_travel_reference,google_books,EXACT,exact ISBN with compatible title/author,dfvOygAACAAJ,200,461.36,,Pastasaus,K. Verhagen | Lindy Wildsmith,,2004,62,nl,,
MB-118,9789026929397,nl,nl_cook_travel_reference,wikidata,MISS,no provider record,,200,199.72,,,,,,,,,
MB-118,9789026929397,nl,nl_cook_travel_reference,bookbrainz,MISS,no provider record,,200,,,,,,,,,,
MB-119,9789026930140,nl,nl_cook_travel_reference,open_library,MISS,no provider record,,200,2702.56,,,,,,,,,
MB-119,9789026930140,nl,nl_cook_travel_reference,google_books,EXACT,exact ISBN with compatible title/author,e7EeSQAACAAJ,200,456.87,,Vis variaties,A. Stoffel-Donskoy,,1978,72,nl,,
MB-119,9789026930140,nl,nl_cook_travel_reference,wikidata,MISS,no provider record,,200,199.72,,,,,,,,,
MB-119,9789026930140,nl,nl_cook_travel_reference,bookbrainz,MISS,no provider record,,200,,,,,,,,,,
MB-120,9789035137585,nl,nl_cook_travel_reference,open_library,EXACT,exact ISBN with compatible title/author,/books/OL47211882M,200,2702.56,,De voedselzandloper,,Bert Bakker,,,,,
MB-120,9789035137585,nl,nl_cook_travel_reference,google_books,EXACT,exact ISBN with compatible title/author,vUumpwAACAAJ,200,912.51,,De voedselzandloper,Kris Verburgh,,2012,389,nl,,
MB-120,9789035137585,nl,nl_cook_travel_reference,wikidata,MISS,no provider record,,200,199.72,,,,,,,,,
MB-120,9789035137585,nl,nl_cook_travel_reference,bookbrainz,MISS,no provider record,,200,,,,,,,,,,
MB-121,9789044609998,nl,nl_cook_travel_reference,open_library,EXACT,exact ISBN with compatible title/author,/books/OL32350436M,200,2535.21,,Lucifer,Connie Palmen,Prometheus,2007,351,dut,,
MB-121,9789044609998,nl,nl_cook_travel_reference,google_books,WRONG_EDITION,work-like match without returned queried ISBN,_CfiAAAAMAAJ,200,498.08,,Lucifer,Connie Palmen,,2007,360,nl,,
MB-121,9789044609998,nl,nl_cook_travel_reference,wikidata,MISS,no provider record,,200,199.72,,,,,,,,,
MB-121,9789044609998,nl,nl_cook_travel_reference,bookbrainz,MISS,no provider record,,200,,,,,,,,,,
MB-122,9789048301331,nl,nl_cook_travel_reference,open_library,MISS,no provider record,,200,2535.21,,,,,,,,,
MB-122,9789048301331,nl,nl_cook_travel_reference,google_books,EXACT,exact ISBN with compatible title/author,CQm6PwAACAAJ,200,865.96,,500 taarten & cakes / druk 9,Susannah Blake,,2014-05-19,288,nl,,
MB-122,9789048301331,nl,nl_cook_travel_reference,wikidata,MISS,no provider record,,200,199.72,,,,,,,,,
MB-122,9789048301331,nl,nl_cook_travel_reference,bookbrainz,MISS,no provider record,,200,,,,,,,,,,
MB-123,9789048308255,nl,nl_cook_travel_reference,open_library,MISS,no provider record,,200,2535.21,,,,,,,,,
MB-123,9789048308255,nl,nl_cook_travel_reference,google_books,EXACT,exact ISBN with compatible title/author,cpV2mgEACAAJ,200,509.61,,Minibijbel Barbecue / druk 2,Linda Tubby,,2013-08-02,256,nl,,
MB-123,9789048308255,nl,nl_cook_travel_reference,wikidata,MISS,no provider record,,200,199.72,,,,,,,,,
MB-123,9789048308255,nl,nl_cook_travel_reference,bookbrainz,MISS,no provider record,,200,,,,,,,,,,
MB-124,9789048314133,nl,nl_cook_travel_reference,open_library,MISS,no provider record,,200,2535.21,,,,,,,,,
MB-124,9789048314133,nl,nl_cook_travel_reference,google_books,EXACT,exact ISBN with compatible title/author,OR5yvgAACAAJ,200,485.66,,500 roerbakgerechten,Michelle Keogh,,2017-01-25,,nl,,
MB-124,9789048314133,nl,nl_cook_travel_reference,wikidata,MISS,no provider record,,200,199.72,,,,,,,,,
MB-124,9789048314133,nl,nl_cook_travel_reference,bookbrainz,MISS,no provider record,,200,,,,,,,,,,
MB-125,9789054265115,nl,nl_cook_travel_reference,open_library,MISS,no provider record,,200,2535.21,,,,,,,,,
MB-125,9789054265115,nl,nl_cook_travel_reference,google_books,EXACT,exact ISBN with compatible title/author,OJFquAAACAAJ,200,899.82,,De kleine kok,Jan J. Gestel | Judy Bastyra | Marthe C. Philipse | Mike Galletly | Nicola Smee,,1991,32,nl,,
MB-125,9789054265115,nl,nl_cook_travel_reference,wikidata,MISS,no provider record,,200,199.72,,,,,,,,,
MB-125,9789054265115,nl,nl_cook_travel_reference,bookbrainz,MISS,no provider record,,200,,,,,,,,,,
MB-126,9789059209077,nl,nl_cook_travel_reference,open_library,MISS,no provider record,,200,2535.21,,,,,,,,,
MB-126,9789059209077,nl,nl_cook_travel_reference,google_books,EXACT,exact ISBN with compatible title/author,fqtfPAAACAAJ,200,944.29,,500 sappen & smoothies,Christine Watson,,2014-12-04,288,nl,,
MB-126,9789059209077,nl,nl_cook_travel_reference,wikidata,MISS,no provider record,,200,199.72,,,,,,,,,
MB-126,9789059209077,nl,nl_cook_travel_reference,bookbrainz,MISS,no provider record,,200,,,,,,,,,,
MB-127,9789059646216,nl,nl_cook_travel_reference,open_library,MISS,no provider record,,200,2535.21,,,,,,,,,
MB-127,9789059646216,nl,nl_cook_travel_reference,google_books,EXACT,exact ISBN with compatible title/author,ecqBPgAACAAJ,200,379.78,,Pasen,Francis van Arkel,,2009,44,nl,,
MB-127,9789059646216,nl,nl_cook_travel_reference,wikidata,MISS,no provider record,,200,199.72,,,,,,,,,
MB-127,9789059646216,nl,nl_cook_travel_reference,bookbrainz,MISS,no provider record,,200,,,,,,,,,,
MB-128,9789066116665,nl,nl_cook_travel_reference,open_library,MISS,no provider record,,200,2535.21,,,,,,,,,
MB-128,9789066116665,nl,nl_cook_travel_reference,google_books,EXACT,exact ISBN with compatible title/author,0j5-zwEACAAJ,200,967.53,,Kookschool - de klassiekers,Keda Black,,2007,0,nl,,
MB-128,9789066116665,nl,nl_cook_travel_reference,wikidata,MISS,no provider record,,200,199.72,,,,,,,,,
MB-128,9789066116665,nl,nl_cook_travel_reference,bookbrainz,MISS,no provider record,,200,,,,,,,,,,
MB-129,9789077695012,nl,nl_cook_travel_reference,open_library,MISS,no provider record,,200,2535.21,,,,,,,,,
MB-129,9789077695012,nl,nl_cook_travel_reference,google_books,EXACT,exact ISBN with compatible title/author,DhsfzQEACAAJ,200,854.18,,De basis,Filip Verheyden,,2006,320,nl,,
MB-129,9789077695012,nl,nl_cook_travel_reference,wikidata,MISS,no provider record,,200,199.72,,,,,,,,,
MB-129,9789077695012,nl,nl_cook_travel_reference,bookbrainz,MISS,no provider record,,200,,,,,,,,,,
MB-130,9789082442106,nl,nl_cook_travel_reference,open_library,MISS,no provider record,,200,2535.21,,,,,,,,,
MB-130,9789082442106,nl,nl_cook_travel_reference,google_books,EXACT,exact ISBN with compatible title/author,LpAajwEACAAJ,200,958.32,,Het Albert Heijn viskookboek / druk 1,Bart van Olphen,,2015-12-16,176,nl,,
MB-130,9789082442106,nl,nl_cook_travel_reference,wikidata,MISS,no provider record,,200,199.72,,,,,,,,,
MB-130,9789082442106,nl,nl_cook_travel_reference,bookbrainz,MISS,no provider record,,200,,,,,,,,,,
MB-131,9789087530563,nl,nl_cook_travel_reference,open_library,MISS,no provider record,,200,2535.21,,,,,,,,,
MB-131,9789087530563,nl,nl_cook_travel_reference,google_books,EXACT,exact ISBN with compatible title/author,hsTh0AEACAAJ,200,998.72,,Foundations van ITIL® V3,Annelies van der Veen | Jan van Bon,Van Haren Publishing,2007-10-29,0,nl,,
MB-131,9789087530563,nl,nl_cook_travel_reference,wikidata,MISS,no provider record,,200,199.72,,,,,,,,,
MB-131,9789087530563,nl,nl_cook_travel_reference,bookbrainz,MISS,no provider record,,200,,,,,,,,,,
MB-132,9789089896230,nl,nl_cook_travel_reference,open_library,MISS,no provider record,,200,2535.21,,,,,,,,,
MB-132,9789089896230,nl,nl_cook_travel_reference,google_books,EXACT,exact ISBN with compatible title/author,8umeoAEACAAJ,200,798.29,,Zo doe je dat - koken / druk 1,Gabriela Scolik,,2014-11-25,256,nl,,
MB-132,9789089896230,nl,nl_cook_travel_reference,wikidata,MISS,no provider record,,200,199.72,,,,,,,,,
MB-132,9789089896230,nl,nl_cook_travel_reference,bookbrainz,MISS,no provider record,,200,,,,,,,,,,
MB-133,9789401625708,nl,nl_cook_travel_reference,open_library,MISS,no provider record,,200,2535.21,,,,,,,,,
MB-133,9789401625708,nl,nl_cook_travel_reference,google_books,EXACT,exact ISBN with compatible title/author,2cWGEQAAQBAJ,200,411.94,,Het Deense verlangen,Karen Swan,Karakter,2025-12-02,410,nl,,
MB-133,9789401625708,nl,nl_cook_travel_reference,wikidata,MISS,no provider record,,200,199.72,,,,,,,,,
MB-133,9789401625708,nl,nl_cook_travel_reference,bookbrainz,MISS,no provider record,,200,,,,,,,,,,
MB-134,9789401809917,nl,nl_cook_travel_reference,open_library,MISS,no provider record,,200,2535.21,,,,,,,,,
MB-134,9789401809917,nl,nl_cook_travel_reference,google_books,EXACT,exact ISBN with compatible title/author,PP4S0AEACAAJ,200,441.18,,Basiskennis informatiebeveiliging,Jule Hintzbergen | Kees Hintzbergen,,2023,0,nl,,
MB-134,9789401809917,nl,nl_cook_travel_reference,wikidata,MISS,no provider record,,200,199.72,,,,,,,,,
MB-134,9789401809917,nl,nl_cook_travel_reference,bookbrainz,MISS,no provider record,,200,,,,,,,,,,
MB-135,9789463543804,nl,nl_cook_travel_reference,open_library,MISS,no provider record,,200,2535.21,,,,,,,,,
MB-135,9789463543804,nl,nl_cook_travel_reference,google_books,EXACT,exact ISBN with compatible title/author,t7HjxQEACAAJ,200,863.88,,Barbecue & bier,Guido Schmelich,,2019,,nl,,
MB-135,9789463543804,nl,nl_cook_travel_reference,wikidata,MISS,no provider record,,200,199.72,,,,,,,,,
MB-135,9789463543804,nl,nl_cook_travel_reference,bookbrainz,MISS,no provider record,,200,,,,,,,,,,
MB-136,9789490561116,nl,nl_cook_travel_reference,open_library,MISS,no provider record,,200,2535.21,,,,,,,,,
MB-136,9789490561116,nl,nl_cook_travel_reference,google_books,EXACT,exact ISBN with compatible title/author,vsnOoQEACAAJ,200,922.63,,Van de grill op de plank / druk 1,Desiree Verkaar | Djoni Laarkamp-Makkink,,2014-09-18,96,nl,,
MB-136,9789490561116,nl,nl_cook_travel_reference,wikidata,MISS,no provider record,,200,199.72,,,,,,,,,
MB-136,9789490561116,nl,nl_cook_travel_reference,bookbrainz,MISS,no provider record,,200,,,,,,,,,,
MB-137,9789493256002,nl,nl_cook_travel_reference,open_library,MISS,no provider record,,200,2535.21,,,,,,,,,
MB-137,9789493256002,nl,nl_cook_travel_reference,google_books,EXACT,exact ISBN with compatible title/author,kxiUzgEACAAJ,200,881.8,,Op zee,Toine Heijmans,,2021,,nl,,
MB-137,9789493256002,nl,nl_cook_travel_reference,wikidata,MISS,no provider record,,200,199.72,,,,,,,,,
MB-137,9789493256002,nl,nl_cook_travel_reference,bookbrainz,MISS,no provider record,,200,,,,,,,,,,
MB-138,9783625123361,nl,nl_fiction,open_library,WRONG_WORK,exact identifier assertion conflicts strongly with title/author,/books/OL47804380M,200,2535.21,,Cocina Italiana (Minilibros de Cocina),VARIOS (123422),Moliere,2013-01-01,,,,
MB-138,9783625123361,nl,nl_fiction,google_books,EXACT,exact ISBN with compatible title/author,0QHbQgAACAAJ,200,1088.96,,Italien,,,2010,237,de,,
MB-138,9783625123361,nl,nl_fiction,wikidata,MISS,no provider record,,200,199.72,,,,,,,,,
MB-138,9783625123361,nl,nl_fiction,bookbrainz,MISS,no provider record,,200,,,,,,,,,,
MB-139,9783625123392,nl,nl_fiction,open_library,MISS,no provider record,,200,2535.21,,,,,,,,,
MB-139,9783625123392,nl,nl_fiction,google_books,PROBABLE,exact ISBN but incomplete or divergent local/provider metadata,x-PiQgAACAAJ,200,907.11,,Rezepte für zwei,,,2010,240,de,,
MB-139,9783625123392,nl,nl_fiction,wikidata,MISS,no provider record,,200,199.72,,,,,,,,,
MB-139,9783625123392,nl,nl_fiction,bookbrainz,MISS,no provider record,,200,,,,,,,,,,
MB-140,9789021024882,nl,nl_fiction,open_library,MISS,no provider record,,200,2535.21,,,,,,,,,
MB-140,9789021024882,nl,nl_fiction,google_books,EXACT,exact ISBN with compatible title/author,9rnfxgEACAAJ,200,916.76,,De eerlijke vinder,Stephen Edwin King,,2019,,nl,,
MB-140,9789021024882,nl,nl_fiction,wikidata,MISS,no provider record,,200,199.72,,,,,,,,,
MB-140,9789021024882,nl,nl_fiction,bookbrainz,MISS,no provider record,,200,,,,,,,,,,
MB-141,9789021057552,nl,nl_fiction,open_library,MISS,no provider record,,200,2535.21,,,,,,,,,
MB-141,9789021057552,nl,nl_fiction,google_books,EXACT,exact ISBN with compatible title/author,OcXMEQAAQBAJ,200,877.89,,Het huis aan de Schotse kust,Jenny Colgan,Luitingh Sijthoff,2026-06-02,335,nl,,
MB-141,9789021057552,nl,nl_fiction,wikidata,MISS,no provider record,,200,199.72,,,,,,,,,
MB-141,9789021057552,nl,nl_fiction,bookbrainz,MISS,no provider record,,200,,,,,,,,,,
MB-142,9789021484754,nl,nl_fiction,open_library,EXACT,exact ISBN with compatible title/author,/books/OL31709150M,200,2535.21,,Stoom,Willem van Toorn,Querido,2005,285,dut,,
MB-142,9789021484754,nl,nl_fiction,google_books,WRONG_EDITION,work-like match without returned queried ISBN,RpMaAQAAMAAJ,200,920.47,,Stoom,Willem van Toorn,,2005,292,nl,,
MB-142,9789021484754,nl,nl_fiction,wikidata,MISS,no provider record,,200,199.72,,,,,,,,,
MB-142,9789021484754,nl,nl_fiction,bookbrainz,MISS,no provider record,,200,,,,,,,,,,
MB-143,9789022540497,nl,nl_fiction,open_library,EXACT,exact ISBN with compatible title/author,/books/OL32380388M,200,2535.21,,De magiërsleerling,Trudi Canavan,Uitgeverij M,2005,395,dut,De zwarte magiërs -- b. 2,
MB-143,9789022540497,nl,nl_fiction,google_books,EXACT,exact ISBN with compatible title/author,s4xCAAAACAAJ,200,913.14,,De magiërsleerling,Trudi Canavan,,2005,395,nl,,
MB-143,9789022540497,nl,nl_fiction,wikidata,MISS,no provider record,,200,199.72,,,,,,,,,
MB-143,9789022540497,nl,nl_fiction,bookbrainz,MISS,no provider record,,200,,,,,,,,,,
MB-144,9789022543993,nl,nl_fiction,open_library,EXACT,exact ISBN with compatible title/author,/books/OL32367589M,200,2535.21,,De opperheer,Trudi Canavan,Uitgeverij M,2006,448,dut,De zwarte magiërs -- b. 3,
MB-144,9789022543993,nl,nl_fiction,google_books,PROBABLE,exact ISBN but incomplete or divergent local/provider metadata,p2cIGQAACAAJ,200,838.92,,de zwarte magiers / 3 De opperheer / druk 1,Trudi Canavan,,2006,448,nl,,
MB-144,9789022543993,nl,nl_fiction,wikidata,MISS,no provider record,,200,199.72,,,,,,,,,
MB-144,9789022543993,nl,nl_fiction,bookbrainz,MISS,no provider record,,200,,,,,,,,,,
MB-145,9789022544778,nl,nl_fiction,open_library,MISS,no provider record,,200,2535.21,,,,,,,,,
MB-145,9789022544778,nl,nl_fiction,google_books,EXACT,exact ISBN with compatible title/author,7S_FMQAACAAJ,200,835.53,,Pip / druk 3,Freya North,,2007-09,320,nl,,
MB-145,9789022544778,nl,nl_fiction,wikidata,MISS,no provider record,,200,199.72,,,,,,,,,
MB-145,9789022544778,nl,nl_fiction,bookbrainz,MISS,no provider record,,200,,,,,,,,,,
MB-146,9789022569603,nl,nl_fiction,open_library,MISS,no provider record,,200,2535.21,,,,,,,,,
MB-146,9789022569603,nl,nl_fiction,google_books,EXACT,exact ISBN with compatible title/author,zZfrngEACAAJ,200,1098.83,,Een affaire in Cornwall / druk 1,Liz Fenwick,,2014-03-05,336,nl,,
MB-146,9789022569603,nl,nl_fiction,wikidata,MISS,no provider record,,200,199.72,,,,,,,,,
MB-146,9789022569603,nl,nl_fiction,bookbrainz,MISS,no provider record,,200,,,,,,,,,,
MB-147,9789022587423,nl,nl_fiction,open_library,EXACT,exact ISBN with compatible title/author,/books/OL53178395M,200,2535.21,,Het Instituut,,Boekerij,2019,,dut,,
MB-147,9789022587423,nl,nl_fiction,google_books,EXACT,exact ISBN with compatible title/author,rHlVyQEACAAJ,200,898.04,,Het Instituut,Stephen Edwin King,,2019,,nl,,
MB-147,9789022587423,nl,nl_fiction,wikidata,MISS,no provider record,,200,199.72,,,,,,,,,
MB-147,9789022587423,nl,nl_fiction,bookbrainz,MISS,no provider record,,200,,,,,,,,,,
MB-148,9789022811238,nl,nl_fiction,open_library,MISS,no provider record,,200,2535.21,,,,,,,,,
MB-148,9789022811238,nl,nl_fiction,google_books,EXACT,exact ISBN with compatible title/author,dP6QYgEACAAJ,200,417.18,,Dit is snel zeilen,Fred G. Imhoff | Lex Pranger | Robbert Das | Theo Kampa,,1975,143,nl,,
MB-148,9789022811238,nl,nl_fiction,wikidata,MISS,no provider record,,200,199.72,,,,,,,,,
MB-148,9789022811238,nl,nl_fiction,bookbrainz,MISS,no provider record,,200,,,,,,,,,,
MB-149,9789023478652,nl,nl_fiction,open_library,EXACT,exact ISBN with compatible title/author,/books/OL31147453M,200,2535.21,,Stikvallei,Frank Westerman,De Bezige Bij,2013,317,dut,,
MB-149,9789023478652,nl,nl_fiction,google_books,MISS,no provider record,,200,314.22,,,,,,,,,
MB-149,9789023478652,nl,nl_fiction,wikidata,MISS,no provider record,,200,199.72,,,,,,,,,
MB-149,9789023478652,nl,nl_fiction,bookbrainz,MISS,no provider record,,200,,,,,,,,,,
MB-150,9789023494218,nl,nl_fiction,open_library,MISS,no provider record,,200,2535.21,,,,,,,,,
MB-150,9789023494218,nl,nl_fiction,google_books,EXACT,exact ISBN with compatible title/author,yHARjwEACAAJ,200,415.14,,Mooie meisjes / druk 1,Karin Slaughter,,2016-04-01,450,nl,,
MB-150,9789023494218,nl,nl_fiction,wikidata,MISS,no provider record,,200,199.72,,,,,,,,,
MB-150,9789023494218,nl,nl_fiction,bookbrainz,MISS,no provider record,,200,,,,,,,,,,
MB-151,9789024469574,nl,nl_fiction,open_library,MISS,no provider record,,200,2535.21,,,,,,,,,
MB-151,9789024469574,nl,nl_fiction,google_books,EXACT,exact ISBN with compatible title/author,gS-t0QEACAAJ,200,1020.27,,De GenZclopedie,Laura Bas,,2025,0,nl,,
MB-151,9789024469574,nl,nl_fiction,wikidata,MISS,no provider record,,200,175.24,,,,,,,,,
MB-151,9789024469574,nl,nl_fiction,bookbrainz,MISS,no provider record,,200,,,,,,,,,,
MB-152,9789024524099,nl,nl_fiction,open_library,MISS,no provider record,,200,2535.21,,,,,,,,,
MB-152,9789024524099,nl,nl_fiction,google_books,EXACT,exact ISBN with compatible title/author,xWvgZwEACAAJ,200,909.58,,De Draken van Heorot,J. J. Meerman | Jerry Eugene Pournelle | Larry Niven | Steven Barnes,,1996,432,nl,,
MB-152,9789024524099,nl,nl_fiction,wikidata,MISS,no provider record,,200,175.24,,,,,,,,,
MB-152,9789024524099,nl,nl_fiction,bookbrainz,MISS,no provider record,,200,,,,,,,,,,
MB-153,9789024535958,nl,nl_fiction,open_library,MISS,no provider record,,200,2535.21,,,,,,,,,
MB-153,9789024535958,nl,nl_fiction,google_books,EXACT,exact ISBN with compatible title/author,JvYDfAEACAAJ,200,985.64,,Carrie,F. I. Nijkerk-Pieters | Marian Nijhuis | Stephen Edwin King,,1999,253,nl,,
MB-153,9789024535958,nl,nl_fiction,wikidata,MISS,no provider record,,200,175.24,,,,,,,,,
MB-153,9789024535958,nl,nl_fiction,bookbrainz,MISS,no provider record,,200,,,,,,,,,,
MB-154,9789024543274,nl,nl_fiction,open_library,MISS,no provider record,,200,2535.21,,,,,,,,,
MB-154,9789024543274,nl,nl_fiction,google_books,EXACT,exact ISBN with compatible title/author,B4qKAAAACAAJ,200,401.78,,Het meisje dat hield van Tom Gordon,Cherie van Gelder | Stephen King,,2002,224,nl,,
MB-154,9789024543274,nl,nl_fiction,wikidata,MISS,no provider record,,200,175.24,,,,,,,,,
MB-154,9789024543274,nl,nl_fiction,bookbrainz,MISS,no provider record,,200,,,,,,,,,,
MB-155,9789024593385,nl,nl_fiction,open_library,MISS,no provider record,,200,2535.21,,,,,,,,,
MB-155,9789024593385,nl,nl_fiction,google_books,EXACT,exact ISBN with compatible title/author,YcUOEAAAQBAJ,200,367.99,,Het Cupcake Café,Jenny Colgan,Luitingh Sijthoff,2021-02-12,447,nl,,
MB-155,9789024593385,nl,nl_fiction,wikidata,MISS,no provider record,,200,175.24,,,,,,,,,
MB-155,9789024593385,nl,nl_fiction,bookbrainz,MISS,no provider record,,200,,,,,,,,,,
MB-156,9789025108403,nl,nl_fiction,open_library,MISS,no provider record,,200,2535.21,,,,,,,,,
MB-156,9789025108403,nl,nl_fiction,google_books,EXACT,exact ISBN with compatible title/author,dJHwAAAACAAJ,200,484.63,,Emma's noorderlicht,Diet Verschoor,,2000,191,nl,,
MB-156,9789025108403,nl,nl_fiction,wikidata,MISS,no provider record,,200,175.24,,,,,,,,,
MB-156,9789025108403,nl,nl_fiction,bookbrainz,MISS,no provider record,,200,,,,,,,,,,
MB-157,9789025411176,nl,nl_fiction,open_library,MISS,no provider record,,200,2535.21,,,,,,,,,
MB-157,9789025411176,nl,nl_fiction,google_books,EXACT,exact ISBN with compatible title/author,TayBZwEACAAJ,200,901.92,,Een nacht om te vliegeren,Renate Maria Dorrestein,,2002,175,nl,,
MB-157,9789025411176,nl,nl_fiction,wikidata,MISS,no provider record,,200,175.24,,,,,,,,,
MB-157,9789025411176,nl,nl_fiction,bookbrainz,MISS,no provider record,,200,,,,,,,,,,
MB-158,9789025444129,nl,nl_fiction,open_library,MISS,no provider record,,200,2535.21,,,,,,,,,
MB-158,9789025444129,nl,nl_fiction,google_books,EXACT,exact ISBN with compatible title/author,I_zTrQEACAAJ,200,921.84,,Vergeten reus / druk 1,Kazuo Ishiguro,,2015-02-24,368,nl,,
MB-158,9789025444129,nl,nl_fiction,wikidata,MISS,no provider record,,200,175.24,,,,,,,,,
MB-158,9789025444129,nl,nl_fiction,bookbrainz,MISS,no provider record,,200,,,,,,,,,,
MB-159,9789025455941,nl,nl_fiction,open_library,EXACT,exact ISBN with compatible title/author,/books/OL60501182M,200,2535.21,,Cliënt E. Busken,Jeroen Brouwers,Uitgeverij Atlas Contact,2020,256,dut,,
MB-159,9789025455941,nl,nl_fiction,google_books,EXACT,exact ISBN with compatible title/author,ldcYyAEACAAJ,200,448.8,,Cliënt E. Busken,Jeroen Brouwers,,2019,192,nl,,
MB-159,9789025455941,nl,nl_fiction,wikidata,MISS,no provider record,,200,175.24,,,,,,,,,
MB-159,9789025455941,nl,nl_fiction,bookbrainz,MISS,no provider record,,200,,,,,,,,,,
MB-160,9789025477356,nl,nl_fiction,open_library,EXACT,exact ISBN with compatible title/author,/books/OL60693549M,200,2535.21,,Woeste kust,,Atlas Contact,"September 17, 2025",352,dut,,
MB-160,9789025477356,nl,nl_fiction,google_books,EXACT,exact ISBN with compatible title/author,_z2d0QEACAAJ,200,419.49,,Woeste kust,Charlotte McConaghy,,2025,0,nl,,
MB-160,9789025477356,nl,nl_fiction,wikidata,MISS,no provider record,,200,175.24,,,,,,,,,
MB-160,9789025477356,nl,nl_fiction,bookbrainz,MISS,no provider record,,200,,,,,,,,,,
MB-161,9789026137754,nl,nl_fiction,open_library,MISS,no provider record,,200,2519.6,,,,,,,,,
MB-161,9789026137754,nl,nl_fiction,google_books,EXACT,exact ISBN with compatible title/author,O07bAQAACAAJ,200,998.6,,Ik zie jou,Clare Mackintosh,,2017-06-13,,nl,,
MB-161,9789026137754,nl,nl_fiction,wikidata,MISS,no provider record,,200,175.24,,,,,,,,,
MB-161,9789026137754,nl,nl_fiction,bookbrainz,MISS,no provider record,,200,,,,,,,,,,
MB-162,9789026356520,nl,nl_fiction,open_library,MISS,no provider record,,200,2519.6,,,,,,,,,
MB-162,9789026356520,nl,nl_fiction,google_books,EXACT,exact ISBN with compatible title/author,yLTSzgEACAAJ,200,436.67,,De Kooi,Marcel van de Ven,,2021,,nl,,
MB-162,9789026356520,nl,nl_fiction,wikidata,MISS,no provider record,,200,175.24,,,,,,,,,
MB-162,9789026356520,nl,nl_fiction,bookbrainz,MISS,no provider record,,200,,,,,,,,,,
MB-163,9789026357701,nl,nl_fiction,open_library,MISS,no provider record,,200,2519.6,,,,,,,,,
MB-163,9789026357701,nl,nl_fiction,google_books,EXACT,exact ISBN with compatible title/author,6iXTzwEACAAJ,200,924.83,,Heeft iemand Charlotte Salter gezien?,Nicci French (pseud. van Nicci Gerrard.),,2023,0,nl,,
MB-163,9789026357701,nl,nl_fiction,wikidata,MISS,no provider record,,200,175.24,,,,,,,,,
MB-163,9789026357701,nl,nl_fiction,bookbrainz,MISS,no provider record,,200,,,,,,,,,,
MB-164,9789027473240,nl,nl_fiction,open_library,MISS,no provider record,,200,2519.6,,,,,,,,,
MB-164,9789027473240,nl,nl_fiction,google_books,EXACT,exact ISBN with compatible title/author,6QjbAAAACAAJ,200,467.87,,Verhalen van Aardzee,Annemarie van Ewijck | Ursula Kroeber Le Guin,,2001,262,nl,,
MB-164,9789027473240,nl,nl_fiction,wikidata,MISS,no provider record,,200,175.24,,,,,,,,,
MB-164,9789027473240,nl,nl_fiction,bookbrainz,MISS,no provider record,,200,,,,,,,,,,
MB-165,9789027483966,nl,nl_fiction,open_library,EXACT,exact ISBN with compatible title/author,/books/OL24353783M,200,2519.6,,"De hobbit, of Daarheen en weer terug",,Het Spectrum,1976,,dut,,
MB-165,9789027483966,nl,nl_fiction,google_books,EXACT,exact ISBN with compatible title/author,5JrAQwAACAAJ,200,884.33,,"De hobbit, of, Darheen en weer terug",John Ronald Reuel Tolkien | Max Schuchart,,1960,253,nl,,
MB-165,9789027483966,nl,nl_fiction,wikidata,MISS,no provider record,,200,175.24,,,,,,,,,
MB-165,9789027483966,nl,nl_fiction,bookbrainz,MISS,no provider record,,200,,,,,,,,,,
MB-166,9789028419247,nl,nl_fiction,open_library,EXACT,exact ISBN with compatible title/author,/books/OL35330557M,200,2519.6,,Portret in sepia,Isabel Allende,Wereldbibliotheek,2001,415,dut,,
MB-166,9789028419247,nl,nl_fiction,google_books,EXACT,exact ISBN with compatible title/author,EP9NywAACAAJ,200,1032.85,,Portret in sepia,Brigitte Coopmans | Isabel Allende,,2001,415,nl,,
MB-166,9789028419247,nl,nl_fiction,wikidata,MISS,no provider record,,200,175.24,,,,,,,,,
MB-166,9789028419247,nl,nl_fiction,bookbrainz,MISS,no provider record,,200,,,,,,,,,,
MB-167,9789029058988,nl,nl_fiction,open_library,MISS,no provider record,,200,2519.6,,,,,,,,,
MB-167,9789029058988,nl,nl_fiction,google_books,EXACT,exact ISBN with compatible title/author,Mm1DAAAACAAJ,200,966.14,,De weg naar Nirwana,C. A. G. van den Broek | Robert Ervin Howard,,1998,159,nl,,
MB-167,9789029058988,nl,nl_fiction,wikidata,MISS,no provider record,,200,175.24,,,,,,,,,
MB-167,9789029058988,nl,nl_fiction,bookbrainz,MISS,no provider record,,200,,,,,,,,,,
MB-168,9789029092968,nl,nl_fiction,open_library,EXACT,exact ISBN with compatible title/author,/books/OL40229463M,200,2519.6,,Utopia Avenue,,J. M. Meulenhoff,2020,650,dut,,
MB-168,9789029092968,nl,nl_fiction,google_books,EXACT,exact ISBN with compatible title/author,I3_izQEACAAJ,200,463.97,,Utopia Avenue,David Stephen Mitchell,,2020,,nl,,
MB-168,9789029092968,nl,nl_fiction,wikidata,MISS,no provider record,,200,175.24,,,,,,,,,
MB-168,9789029092968,nl,nl_fiction,bookbrainz,MISS,no provider record,,200,,,,,,,,,,
MB-169,9789029093743,nl,nl_fiction,open_library,MISS,no provider record,,200,2519.6,,,,,,,,,
MB-169,9789029093743,nl,nl_fiction,google_books,EXACT,exact ISBN with compatible title/author,GHgVzgEACAAJ,200,883.8,,Han,Min Jin Lee,,2020,,nl,,
MB-169,9789029093743,nl,nl_fiction,wikidata,MISS,no provider record,,200,175.24,,,,,,,,,
MB-169,9789029093743,nl,nl_fiction,bookbrainz,MISS,no provider record,,200,,,,,,,,,,
MB-170,9789029522069,nl,nl_fiction,open_library,MISS,no provider record,,200,2519.6,,,,,,,,,
MB-170,9789029522069,nl,nl_fiction,google_books,EXACT,exact ISBN with compatible title/author,LljLQgAACAAJ,200,1023.01,,Kerewin,Keri Hulme,,1983,533,nl,,
MB-170,9789029522069,nl,nl_fiction,wikidata,MISS,no provider record,,200,175.24,,,,,,,,,
MB-170,9789029522069,nl,nl_fiction,bookbrainz,MISS,no provider record,,200,,,,,,,,,,
MB-171,9789029542326,nl,nl_fiction,open_library,EXACT,exact ISBN with compatible title/author,/books/OL42006315M,200,2519.6,,Mrs. Degas,Arthur Japin,De Arbeiderspers,"Sep 21, 2020",303,dut,,
MB-171,9789029542326,nl,nl_fiction,google_books,EXACT,exact ISBN with compatible title/author,UhGszQEACAAJ,200,873.87,,Mrs. Degas,Arthur Japin,,2020,336,nl,,
MB-171,9789029542326,nl,nl_fiction,wikidata,MISS,no provider record,,200,175.24,,,,,,,,,
MB-171,9789029542326,nl,nl_fiction,bookbrainz,MISS,no provider record,,200,,,,,,,,,,
MB-172,9789041413680,nl,nl_fiction,open_library,EXACT,exact ISBN with compatible title/author,/books/OL23636117M,200,2519.6,,Het diner,Herman Koch,Anthos,2009,300,dut,,
MB-172,9789041413680,nl,nl_fiction,google_books,WRONG_EDITION,work-like match without returned queried ISBN,jGMaAQAAMAAJ,200,917.97,,Het diner,Herman Koch,,2009,312,nl,,
MB-172,9789041413680,nl,nl_fiction,wikidata,MISS,no provider record,,200,175.24,,,,,,,,,
MB-172,9789041413680,nl,nl_fiction,bookbrainz,MISS,no provider record,,200,,,,,,,,,,
MB-173,9789044334241,nl,nl_fiction,open_library,MISS,no provider record,,200,2519.6,,,,,,,,,
MB-173,9789044334241,nl,nl_fiction,google_books,EXACT,exact ISBN with compatible title/author,4ZtStQAACAAJ,200,380.74,,De man die naar Auschwitz wilde,Denis Avey | Rob Broomby | Rob van Moppes,,2011,318,nl,,
MB-173,9789044334241,nl,nl_fiction,wikidata,MISS,no provider record,,200,175.24,,,,,,,,,
MB-173,9789044334241,nl,nl_fiction,bookbrainz,MISS,no provider record,,200,,,,,,,,,,
MB-174,9789044649321,nl,nl_fiction,open_library,MISS,no provider record,,200,2519.6,,,,,,,,,
MB-174,9789044649321,nl,nl_fiction,google_books,EXACT,exact ISBN with compatible title/author,uQzNzgEACAAJ,200,957.76,,De draaischijf. Roman,Tom Lanoye,,2022,304,nl,,
MB-174,9789044649321,nl,nl_fiction,wikidata,MISS,no provider record,,200,175.24,,,,,,,,,
MB-174,9789044649321,nl,nl_fiction,bookbrainz,MISS,no provider record,,200,,,,,,,,,,
MB-175,9789045700410,nl,nl_fiction,open_library,EXACT,exact ISBN with compatible title/author,/books/OL23007114M,200,2519.6,,Familieziek,Adriaan van Dis,Augustus,2002,205,dut,,
MB-175,9789045700410,nl,nl_fiction,google_books,WRONG_EDITION,work-like match without returned queried ISBN,KSlcAAAAMAAJ,200,976.83,,Familieziek,Adriaan van Dis,,2002,216,nl,,
MB-175,9789045700410,nl,nl_fiction,wikidata,MISS,no provider record,,200,175.24,,,,,,,,,
MB-175,9789045700410,nl,nl_fiction,bookbrainz,MISS,no provider record,,200,,,,,,,,,,
MB-176,9789049500443,nl,nl_fiction,open_library,MISS,no provider record,,200,2519.6,,,,,,,,,
MB-176,9789049500443,nl,nl_fiction,google_books,EXACT,exact ISBN with compatible title/author,R3tiQAAACAAJ,200,917.38,,Slecht,Aaffiena Lenting | Gregory Maguire,,2010,479,nl,,
MB-176,9789049500443,nl,nl_fiction,wikidata,MISS,no provider record,,200,175.24,,,,,,,,,
MB-176,9789049500443,nl,nl_fiction,bookbrainz,MISS,no provider record,,200,,,,,,,,,,
MB-177,9789051088212,nl,nl_fiction,open_library,MISS,no provider record,,200,2519.6,,,,,,,,,
MB-177,9789051088212,nl,nl_fiction,google_books,EXACT,exact ISBN with compatible title/author,DH8gPwAACAAJ,200,896.69,,De claim,Hugo Kuipers | John Grisham,,2003,364,nl,,
MB-177,9789051088212,nl,nl_fiction,wikidata,MISS,no provider record,,200,175.24,,,,,,,,,
MB-177,9789051088212,nl,nl_fiction,bookbrainz,MISS,no provider record,,200,,,,,,,,,,
MB-178,9789052266145,nl,nl_fiction,open_library,MISS,no provider record,,200,2519.6,,,,,,,,,
MB-178,9789052266145,nl,nl_fiction,google_books,EXACT,exact ISBN with compatible title/author,-_obAgAACAAJ,200,385.24,,Kat van jade,Gerard Cruys (pseud. van Gerard Kruisman.) | Suzanne Brøgger,,1999,573,nl,,
MB-178,9789052266145,nl,nl_fiction,wikidata,MISS,no provider record,,200,175.24,,,,,,,,,
MB-178,9789052266145,nl,nl_fiction,bookbrainz,MISS,no provider record,,200,,,,,,,,,,
MB-179,9789056375287,nl,nl_fiction,open_library,MISS,no provider record,,200,2519.6,,,,,,,,,
MB-179,9789056375287,nl,nl_fiction,google_books,PROBABLE,exact ISBN but incomplete or divergent local/provider metadata,IJTqPQAACAAJ,200,583.83,,Grimm,Jacob Grimm,Lemniscaat Publishers,2005,558,nl,,
MB-179,9789056375287,nl,nl_fiction,wikidata,MISS,no provider record,,200,175.24,,,,,,,,,
MB-179,9789056375287,nl,nl_fiction,bookbrainz,MISS,no provider record,,200,,,,,,,,,,
MB-180,9789056727369,nl,nl_fiction,open_library,MISS,no provider record,,200,2519.6,,,,,,,,,
MB-180,9789056727369,nl,nl_fiction,google_books,EXACT,exact ISBN with compatible title/author,Ln6AzwEACAAJ,200,995.98,,De profeet en de idioot,Jonas Jonasson,,2022,0,nl,,
MB-180,9789056727369,nl,nl_fiction,wikidata,MISS,no provider record,,200,175.24,,,,,,,,,
MB-180,9789056727369,nl,nl_fiction,bookbrainz,MISS,no provider record,,200,,,,,,,,,,
MB-181,9789059610859,nl,nl_fiction,open_library,MISS,no provider record,,200,2519.6,,,,,,,,,
MB-181,9789059610859,nl,nl_fiction,google_books,EXACT,exact ISBN with compatible title/author,OeojQwAACAAJ,200,386.06,,Logboek / druk 2,René Bijman,,2014-03-06,,nl,,
MB-181,9789059610859,nl,nl_fiction,wikidata,MISS,no provider record,,200,175.24,,,,,,,,,
MB-181,9789059610859,nl,nl_fiction,bookbrainz,MISS,no provider record,,200,,,,,,,,,,
MB-182,9789059650022,nl,nl_fiction,open_library,EXACT,exact ISBN with compatible title/author,/books/OL35676315M,200,2519.6,,Het graf,,Stichting Collectieve Propaganda van het Nederlandse Boek,2004,,dut,,
MB-182,9789059650022,nl,nl_fiction,google_books,EXACT,exact ISBN with compatible title/author,8UwdNQAACAAJ,200,489.74,,Het graf,Henning Mankell,,2004,93,nl,,
MB-182,9789059650022,nl,nl_fiction,wikidata,MISS,no provider record,,200,175.24,,,,,,,,,
MB-182,9789059650022,nl,nl_fiction,bookbrainz,MISS,no provider record,,200,,,,,,,,,,
MB-183,9789059653900,nl,nl_fiction,open_library,EXACT,exact ISBN with compatible title/author,/books/OL28489537M,200,2519.6,,Morten,,Stichting Collectieve Propaganda van het Nederlandse Boek,2016,,dut,,
MB-183,9789059653900,nl,nl_fiction,google_books,EXACT,exact ISBN with compatible title/author,I1RrAQAACAAJ,200,898.66,,Morten,Anna Levander,,2016,,nl,,
MB-183,9789059653900,nl,nl_fiction,wikidata,MISS,no provider record,,200,175.24,,,,,,,,,
MB-183,9789059653900,nl,nl_fiction,bookbrainz,MISS,no provider record,,200,,,,,,,,,,
MB-184,9789059654907,nl,nl_fiction,open_library,EXACT,exact ISBN with compatible title/author,/books/OL43677026M,200,2519.6,,Dolores Dolly Poppedijn,,Stichting Collectieve Propaganda van het Nederlandse Boek,2019,93,dut,,
MB-184,9789059654907,nl,nl_fiction,google_books,EXACT,exact ISBN with compatible title/author,-ocjxQEACAAJ,200,484.14,,Dolores Dolly Poppedijn,Thomas Baudelet Olde Heuvelt,,2019,,nl,,
MB-184,9789059654907,nl,nl_fiction,wikidata,MISS,no provider record,,200,175.24,,,,,,,,,
MB-184,9789059654907,nl,nl_fiction,bookbrainz,MISS,no provider record,,200,,,,,,,,,,
MB-185,9789059655447,nl,nl_fiction,open_library,EXACT,exact ISBN with compatible title/author,/books/OL32726420M,200,2519.6,,Wat wij zagen,,Stichting Collectieve Propaganda van het Nederlandse Boek,2021,96,dut,,
MB-185,9789059655447,nl,nl_fiction,google_books,EXACT,exact ISBN with compatible title/author,HgDdzQEACAAJ,200,491.69,,Wat wij zagen,Hanna Marleen Bervoets,,2021,,nl,,
MB-185,9789059655447,nl,nl_fiction,wikidata,MISS,no provider record,,200,175.24,,,,,,,,,
MB-185,9789059655447,nl,nl_fiction,bookbrainz,MISS,no provider record,,200,,,,,,,,,,
MB-186,9789061698265,nl,nl_fiction,open_library,MISS,no provider record,,200,2519.6,,,,,,,,,
MB-186,9789061698265,nl,nl_fiction,google_books,EXACT,exact ISBN with compatible title/author,9ffrPAAACAAJ,200,918.15,,Het Jongensboek / druk 1,Conn Iggulden | Hal Iggulden,,2007-11,287,nl,,
MB-186,9789061698265,nl,nl_fiction,wikidata,MISS,no provider record,,200,175.24,,,,,,,,,
MB-186,9789061698265,nl,nl_fiction,bookbrainz,MISS,no provider record,,200,,,,,,,,,,
MB-187,9789063052218,nl,nl_fiction,open_library,MISS,no provider record,,200,2519.6,,,,,,,,,
MB-187,9789063052218,nl,nl_fiction,google_books,EXACT,exact ISBN with compatible title/author,U14HywAACAAJ,200,480.78,,In het gezelschap van de courtisane,Frans van Delft | Sarah Dunant,,2006,381,nl,,
MB-187,9789063052218,nl,nl_fiction,wikidata,MISS,no provider record,,200,175.24,,,,,,,,,
MB-187,9789063052218,nl,nl_fiction,bookbrainz,MISS,no provider record,,200,,,,,,,,,,
MB-188,9789064102462,nl,nl_fiction,open_library,MISS,no provider record,,200,2519.6,,,,,,,,,
MB-188,9789064102462,nl,nl_fiction,google_books,EXACT,exact ISBN with compatible title/author,qQjiygAACAAJ,200,480.1,,Levkas bound,Johan Haverdings,,1999,103,nl,,
MB-188,9789064102462,nl,nl_fiction,wikidata,MISS,no provider record,,200,175.24,,,,,,,,,
MB-188,9789064102462,nl,nl_fiction,bookbrainz,MISS,no provider record,,200,,,,,,,,,,
MB-189,9789064102974,nl,nl_fiction,open_library,MISS,no provider record,,200,2519.6,,,,,,,,,
MB-189,9789064102974,nl,nl_fiction,google_books,EXACT,exact ISBN with compatible title/author,VweUbwAACAAJ,200,459.61,,Solo,Irene Tjemmes | Tania Aebi,,1999,284,nl,,
MB-189,9789064102974,nl,nl_fiction,wikidata,MISS,no provider record,,200,175.24,,,,,,,,,
MB-189,9789064102974,nl,nl_fiction,bookbrainz,MISS,no provider record,,200,,,,,,,,,,
MB-190,9789069635729,nl,nl_fiction,open_library,MISS,no provider record,,200,2519.6,,,,,,,,,
MB-190,9789069635729,nl,nl_fiction,google_books,EXACT,exact ISBN with compatible title/author,p3v3AQAACAAJ,200,415.29,,Wegwijs in wicca,Scott Douglas Cunningham | Wim van der Zwan,,2002,206,nl,,
MB-190,9789069635729,nl,nl_fiction,wikidata,MISS,no provider record,,200,175.24,,,,,,,,,
MB-190,9789069635729,nl,nl_fiction,bookbrainz,MISS,no provider record,,200,,,,,,,,,,
MB-191,9789074336277,nl,nl_fiction,open_library,EXACT,exact ISBN with compatible title/author,/books/OL33336890M,200,2519.6,,Betrapt,Elizabeth George,CPNB,1996,56,dut,Geschenk -- 1996 | Geschenk -- 1996.,
MB-191,9789074336277,nl,nl_fiction,google_books,EXACT,exact ISBN with compatible title/author,UWYctwAACAAJ,200,387.0,,Betrapt,Martin Jansen in de Wal | Susan Elizabeth George,,1996,56,nl,,
MB-191,9789074336277,nl,nl_fiction,wikidata,MISS,no provider record,,200,175.24,,,,,,,,,
MB-191,9789074336277,nl,nl_fiction,bookbrainz,MISS,no provider record,,200,,,,,,,,,,
MB-192,9789089751003,nl,nl_fiction,open_library,MISS,no provider record,,200,2519.6,,,,,,,,,
MB-192,9789089751003,nl,nl_fiction,google_books,MISS,no provider record,,200,327.31,,,,,,,,,
MB-192,9789089751003,nl,nl_fiction,wikidata,MISS,no provider record,,200,175.24,,,,,,,,,
MB-192,9789089751003,nl,nl_fiction,bookbrainz,MISS,no provider record,,200,,,,,,,,,,
MB-193,9789400505162,nl,nl_fiction,open_library,MISS,no provider record,,200,2519.6,,,,,,,,,
MB-193,9789400505162,nl,nl_fiction,google_books,EXACT,exact ISBN with compatible title/author,sPbfoAEACAAJ,200,950.25,,Viproom / druk 1,Jens Lapidus,,2014-11-11,432,nl,,
MB-193,9789400505162,nl,nl_fiction,wikidata,MISS,no provider record,,200,175.24,,,,,,,,,
MB-193,9789400505162,nl,nl_fiction,bookbrainz,MISS,no provider record,,200,,,,,,,,,,
MB-194,9789403130811,nl,nl_fiction,open_library,EXACT,exact ISBN with compatible title/author,/books/OL42510243M,200,2519.6,,Aleksandra,Lisa Weeda,De Bezige Bij,"Nov 04, 2021",,,,
MB-194,9789403130811,nl,nl_fiction,google_books,EXACT,exact ISBN with compatible title/author,2tF5zgEACAAJ,200,412.35,,Aleksandra,Lisa Weeda,,2021,272,nl,,
MB-194,9789403130811,nl,nl_fiction,wikidata,MISS,no provider record,,200,175.24,,,,,,,,,
MB-194,9789403130811,nl,nl_fiction,bookbrainz,MISS,no provider record,,200,,,,,,,,,,
MB-195,9789403132600,nl,nl_fiction,open_library,MISS,no provider record,,200,2519.6,,,,,,,,,
MB-195,9789403132600,nl,nl_fiction,google_books,EXACT,exact ISBN with compatible title/author,wUa-vQEACAAJ,200,915.55,,De hemel verslinden,Paola Giordano,,2018,,nl,,
MB-195,9789403132600,nl,nl_fiction,wikidata,MISS,no provider record,,200,175.24,,,,,,,,,
MB-195,9789403132600,nl,nl_fiction,bookbrainz,MISS,no provider record,,200,,,,,,,,,,
MB-196,9789463590600,nl,nl_fiction,open_library,MISS,no provider record,,200,2519.6,,,,,,,,,
MB-196,9789463590600,nl,nl_fiction,google_books,EXACT,exact ISBN with compatible title/author,FcOjzQEACAAJ,200,459.18,,Mijn jaar in kleine tekeningen,Matilda Tristram,,2018,,nl,,
MB-196,9789463590600,nl,nl_fiction,wikidata,MISS,no provider record,,200,175.24,,,,,,,,,
MB-196,9789463590600,nl,nl_fiction,bookbrainz,MISS,no provider record,,200,,,,,,,,,,
MB-197,9789493409767,nl,nl_fiction,open_library,MISS,no provider record,,200,2519.6,,,,,,,,,
MB-197,9789493409767,nl,nl_fiction,google_books,EXACT,exact ISBN with compatible title/author,MQ010QEACAAJ,200,871.96,,Ze kwam terug,,,2025,0,nl,,
MB-197,9789493409767,nl,nl_fiction,wikidata,MISS,no provider record,,200,175.24,,,,,,,,,
MB-197,9789493409767,nl,nl_fiction,bookbrainz,MISS,no provider record,,200,,,,,,,,,,
MB-198,9789020610338,nl,nl_juvenile_picture_comic,open_library,MISS,no provider record,,200,2519.6,,,,,,,,,
MB-198,9789020610338,nl,nl_juvenile_picture_comic,google_books,PROBABLE,exact ISBN but incomplete or divergent local/provider metadata,TMOxQwAACAAJ,200,444.15,,Pietje Bell,Christiaan Frederik Abkoude | Jan Frederik Rinke,,1974,159,nl,,
MB-198,9789020610338,nl,nl_juvenile_picture_comic,wikidata,MISS,no provider record,,200,175.24,,,,,,,,,
MB-198,9789020610338,nl,nl_juvenile_picture_comic,bookbrainz,MISS,no provider record,,200,,,,,,,,,,
MB-199,9789020623253,nl,nl_juvenile_picture_comic,open_library,MISS,no provider record,,200,2519.6,,,,,,,,,
MB-199,9789020623253,nl,nl_juvenile_picture_comic,google_books,EXACT,exact ISBN with compatible title/author,UZ8YlwEACAAJ,200,411.28,,Spookt bij de buren,R.L. Stine,,1996,127,nl,,
MB-199,9789020623253,nl,nl_juvenile_picture_comic,wikidata,MISS,no provider record,,200,175.24,,,,,,,,,
MB-199,9789020623253,nl,nl_juvenile_picture_comic,bookbrainz,MISS,no provider record,,200,,,,,,,,,,
MB-200,9789020623284,nl,nl_juvenile_picture_comic,open_library,EXACT,exact ISBN with compatible title/author,/books/OL12799677M,200,2519.6,,Kippenvel (Kamp Nachtmerrie),,Kluitman,1996,,dut,,
MB-200,9789020623284,nl,nl_juvenile_picture_comic,google_books,EXACT,exact ISBN with compatible title/author,8SshzQEACAAJ,200,922.27,,Kamp nachtmerrie,R. L. Stine,,2000*,125,nl,,
MB-200,9789020623284,nl,nl_juvenile_picture_comic,wikidata,MISS,no provider record,,200,175.24,,,,,,,,,
MB-200,9789020623284,nl,nl_juvenile_picture_comic,bookbrainz,MISS,no provider record,,200,,,,,,,,,,
MB-201,9789020623338,nl,nl_juvenile_picture_comic,open_library,EXACT,exact ISBN with compatible title/author,/books/OL35327691M,200,2267.13,,De vloek van de farao,Robert Lawrence Stine,Kluitman,1997,128,dut,Kippenvel,
MB-201,9789020623338,nl,nl_juvenile_picture_comic,google_books,PROBABLE,exact ISBN but incomplete or divergent local/provider metadata,aYNhzQEACAAJ,200,998.4,,De vloek van de Farao,R.L. Stine,,2012,128,nl,,
MB-201,9789020623338,nl,nl_juvenile_picture_comic,wikidata,MISS,no provider record,,200,181.54,,,,,,,,,
MB-201,9789020623338,nl,nl_juvenile_picture_comic,bookbrainz,MISS,no provider record,,200,,,,,,,,,,
MB-202,9789020623345,nl,nl_juvenile_picture_comic,open_library,MISS,no provider record,,200,2267.13,,,,,,,,,
MB-202,9789020623345,nl,nl_juvenile_picture_comic,google_books,EXACT,exact ISBN with compatible title/author,JZZ0sl5vnB8C,200,492.56,,Koppensnellers!,R. L. Stine,,2000,128,nl,,
MB-202,9789020623345,nl,nl_juvenile_picture_comic,wikidata,MISS,no provider record,,200,181.54,,,,,,,,,
MB-202,9789020623345,nl,nl_juvenile_picture_comic,bookbrainz,MISS,no provider record,,200,,,,,,,,,,
MB-203,9789023457350,nl,nl_juvenile_picture_comic,open_library,MISS,no provider record,,200,2267.13,,,,,,,,,
MB-203,9789023457350,nl,nl_juvenile_picture_comic,google_books,EXACT,exact ISBN with compatible title/author,TkcBuwAACAAJ,200,494.96,,Tom Poes ontdekt het geheim de blauwe aarde / druk 7,Marten Toonder,,2011-06,61,nl,,
MB-203,9789023457350,nl,nl_juvenile_picture_comic,wikidata,MISS,no provider record,,200,181.54,,,,,,,,,
MB-203,9789023457350,nl,nl_juvenile_picture_comic,bookbrainz,MISS,no provider record,,200,,,,,,,,,,
MB-204,9789024526628,nl,nl_juvenile_picture_comic,open_library,MISS,no provider record,,200,2267.13,,,,,,,,,
MB-204,9789024526628,nl,nl_juvenile_picture_comic,google_books,PROBABLE,exact ISBN but incomplete or divergent local/provider metadata,aREnPwAACAAJ,200,590.3,,Het oneindige verhaal,Johan van Nieuwenhuizen | Michael Andreas Helmuth Ende | Roswitha Quadflieg,,1996,391,nl,,
MB-204,9789024526628,nl,nl_juvenile_picture_comic,wikidata,MISS,no provider record,,200,181.54,,,,,,,,,
MB-204,9789024526628,nl,nl_juvenile_picture_comic,bookbrainz,MISS,no provider record,,200,,,,,,,,,,
MB-205,9789025836733,nl,nl_juvenile_picture_comic,open_library,MISS,no provider record,,200,2267.13,,,,,,,,,
MB-205,9789025836733,nl,nl_juvenile_picture_comic,google_books,EXACT,exact ISBN with compatible title/author,rtBjzQEACAAJ,200,485.15,,Vampierhandboek,Jack Didden | Paul van Loon,,1997,194,nl,,
MB-205,9789025836733,nl,nl_juvenile_picture_comic,wikidata,MISS,no provider record,,200,181.54,,,,,,,,,
MB-205,9789025836733,nl,nl_juvenile_picture_comic,bookbrainz,MISS,no provider record,,200,,,,,,,,,,
MB-206,9789025839765,nl,nl_juvenile_picture_comic,open_library,EXACT,exact ISBN with compatible title/author,/books/OL35328742M,200,2267.13,,Heksenjacht,Henk van Kerkwijk,Leopold,1998,306,dut,,
MB-206,9789025839765,nl,nl_juvenile_picture_comic,google_books,EXACT,exact ISBN with compatible title/author,VDxVAAAACAAJ,200,490.47,,Heksenjacht,Henk van Kerkwijk,,1998,306,nl,,
MB-206,9789025839765,nl,nl_juvenile_picture_comic,wikidata,MISS,no provider record,,200,181.54,,,,,,,,,
MB-206,9789025839765,nl,nl_juvenile_picture_comic,bookbrainz,MISS,no provider record,,200,,,,,,,,,,
MB-207,9789026112539,nl,nl_juvenile_picture_comic,open_library,MISS,no provider record,,200,2267.13,,,,,,,,,
MB-207,9789026112539,nl,nl_juvenile_picture_comic,google_books,EXACT,exact ISBN with compatible title/author,sfuiOwAACAAJ,200,431.69,,Joris en de geheimzinnige toverdrank,,,1995,95,nl,,
MB-207,9789026112539,nl,nl_juvenile_picture_comic,wikidata,MISS,no provider record,,200,181.54,,,,,,,,,
MB-207,9789026112539,nl,nl_juvenile_picture_comic,bookbrainz,MISS,no provider record,,200,,,,,,,,,,
MB-208,9789026910371,nl,nl_juvenile_picture_comic,open_library,MISS,no provider record,,200,2267.13,,,,,,,,,
MB-208,9789026910371,nl,nl_juvenile_picture_comic,google_books,EXACT,exact ISBN with compatible title/author,DPyVAAAACAAJ,200,447.19,,Boris,Jaap ter Haar | Jacob Everard Haar | Lidia Postma,,1994,160,nl,,
MB-208,9789026910371,nl,nl_juvenile_picture_comic,wikidata,MISS,no provider record,,200,181.54,,,,,,,,,
MB-208,9789026910371,nl,nl_juvenile_picture_comic,bookbrainz,MISS,no provider record,,200,,,,,,,,,,
MB-209,9789026988646,nl,nl_juvenile_picture_comic,open_library,EXACT,exact ISBN with compatible title/author,/books/OL312184M,200,2267.13,,Spijt!,Carry Slee,Van Holkema & Warendorf,1997,144,dut,,
MB-209,9789026988646,nl,nl_juvenile_picture_comic,google_books,EXACT,exact ISBN with compatible title/author,9cFJSwAACAAJ,200,890.41,,Spijt!,Carry Slee,,1997,144,nl,,
MB-209,9789026988646,nl,nl_juvenile_picture_comic,wikidata,MISS,no provider record,,200,181.54,,,,,,,,,
MB-209,9789026988646,nl,nl_juvenile_picture_comic,bookbrainz,MISS,no provider record,,200,,,,,,,,,,
MB-210,9789026992513,nl,nl_juvenile_picture_comic,open_library,MISS,no provider record,,200,2267.13,,,,,,,,,
MB-210,9789026992513,nl,nl_juvenile_picture_comic,google_books,EXACT,exact ISBN with compatible title/author,xtd5ygAACAAJ,200,562.68,,Kappen,Carry Slee,,1999,144,nl,,
MB-210,9789026992513,nl,nl_juvenile_picture_comic,wikidata,MISS,no provider record,,200,181.54,,,,,,,,,
MB-210,9789026992513,nl,nl_juvenile_picture_comic,bookbrainz,MISS,no provider record,,200,,,,,,,,,,
MB-211,9789026993398,nl,nl_juvenile_picture_comic,open_library,EXACT,exact ISBN with compatible title/author,/books/OL31515930M,200,2267.13,,Razend,Carry Slee,Van Holkema & Warendorf,2000,144,dut,,
MB-211,9789026993398,nl,nl_juvenile_picture_comic,google_books,EXACT,exact ISBN with compatible title/author,q-nyygAACAAJ,200,909.3,,Razend,Carry Slee,,2000,144,nl,,
MB-211,9789026993398,nl,nl_juvenile_picture_comic,wikidata,MISS,no provider record,,200,181.54,,,,,,,,,
MB-211,9789026993398,nl,nl_juvenile_picture_comic,bookbrainz,MISS,no provider record,,200,,,,,,,,,,
MB-212,9789041706843,nl,nl_juvenile_picture_comic,open_library,MISS,no provider record,,200,2267.13,,,,,,,,,
MB-212,9789041706843,nl,nl_juvenile_picture_comic,google_books,EXACT,exact ISBN with compatible title/author,sgmNGAAACAAJ,200,825.6,,Sigmund / druk 1,Peter de Wit,,2008-12,144,nl,,
MB-212,9789041706843,nl,nl_juvenile_picture_comic,wikidata,MISS,no provider record,,200,181.54,,,,,,,,,
MB-212,9789041706843,nl,nl_juvenile_picture_comic,bookbrainz,MISS,no provider record,,200,,,,,,,,,,
MB-213,9789056370459,nl,nl_juvenile_picture_comic,open_library,EXACT,exact ISBN with compatible title/author,/books/OL35330948M,200,2267.13,,Lees dit niet!,Margaret Mahy,Lemniscaat,1996,181,dut,,
MB-213,9789056370459,nl,nl_juvenile_picture_comic,google_books,EXACT,exact ISBN with compatible title/author,KhoxtwAACAAJ,200,871.48,,Lees dit niet!,,,1996,180,nl,,
MB-213,9789056370459,nl,nl_juvenile_picture_comic,wikidata,MISS,no provider record,,200,181.54,,,,,,,,,
MB-213,9789056370459,nl,nl_juvenile_picture_comic,bookbrainz,MISS,no provider record,,200,,,,,,,,,,
MB-214,9789056375898,nl,nl_juvenile_picture_comic,open_library,MISS,no provider record,,200,2267.13,,,,,,,,,
MB-214,9789056375898,nl,nl_juvenile_picture_comic,google_books,EXACT,exact ISBN with compatible title/author,Sn1ipGYWEtcC,200,982.67,,Colman,Monica Mavis Furlong,Lemniscaat Publishers,2004,224,nl,,
MB-214,9789056375898,nl,nl_juvenile_picture_comic,wikidata,MISS,no provider record,,200,181.54,,,,,,,,,
MB-214,9789056375898,nl,nl_juvenile_picture_comic,bookbrainz,MISS,no provider record,,200,,,,,,,,,,
MB-215,9789061699422,nl,nl_juvenile_picture_comic,open_library,EXACT,exact ISBN with compatible title/author,/books/OL45264095M,200,2267.13,,Polderburka's,Peter de Wit,De Harmonie,2010,64,dut,,
MB-215,9789061699422,nl,nl_juvenile_picture_comic,google_books,EXACT,exact ISBN with compatible title/author,LrjjQgAACAAJ,200,1003.62,,Polderburka's / druk 1,Peter de Wit,,2010-05,64,nl,,
MB-215,9789061699422,nl,nl_juvenile_picture_comic,wikidata,MISS,no provider record,,200,181.54,,,,,,,,,
MB-215,9789061699422,nl,nl_juvenile_picture_comic,bookbrainz,MISS,no provider record,,200,,,,,,,,,,
MB-216,9789061699569,nl,nl_juvenile_picture_comic,open_library,MISS,no provider record,,200,2267.13,,,,,,,,,
MB-216,9789061699569,nl,nl_juvenile_picture_comic,google_books,EXACT,exact ISBN with compatible title/author,N-nSSAAACAAJ,200,862.74,,"Handjes thuis, dokter Van Swieten! / druk 1",Hanco Kolk | Peter de Wit,,2010-08,62,nl,,
MB-216,9789061699569,nl,nl_juvenile_picture_comic,wikidata,MISS,no provider record,,200,181.54,,,,,,,,,
MB-216,9789061699569,nl,nl_juvenile_picture_comic,bookbrainz,MISS,no provider record,,200,,,,,,,,,,
MB-217,9789062384075,nl,nl_juvenile_picture_comic,open_library,MISS,no provider record,,200,2267.13,,,,,,,,,
MB-217,9789062384075,nl,nl_juvenile_picture_comic,google_books,EXACT,exact ISBN with compatible title/author,PBmWAAAACAAJ,200,489.94,,Mijn moeder was een rode vlam,Frank Herzen | Rolf de Bruin,,1989,200,nl,,
MB-217,9789062384075,nl,nl_juvenile_picture_comic,wikidata,MISS,no provider record,,200,181.54,,,,,,,,,
MB-217,9789062384075,nl,nl_juvenile_picture_comic,bookbrainz,MISS,no provider record,,200,,,,,,,,,,
MB-218,9789066920781,nl,nl_juvenile_picture_comic,open_library,MISS,no provider record,,200,2267.13,,,,,,,,,
MB-218,9789066920781,nl,nl_juvenile_picture_comic,google_books,EXACT,exact ISBN with compatible title/author,ywKCOwAACAAJ,200,993.57,,De griezelbus 2,Camila Fialkowski | Paul van Loon | Paulus Stephanus Elisabeth Lambertus Maria Loon,,1994,169,nl,,
MB-218,9789066920781,nl,nl_juvenile_picture_comic,wikidata,MISS,no provider record,,200,181.54,,,,,,,,,
MB-218,9789066920781,nl,nl_juvenile_picture_comic,bookbrainz,MISS,no provider record,,200,,,,,,,,,,
MB-219,9789066920927,nl,nl_juvenile_picture_comic,open_library,MISS,no provider record,,200,2267.13,,,,,,,,,
MB-219,9789066920927,nl,nl_juvenile_picture_comic,google_books,EXACT,exact ISBN with compatible title/author,pk2lQgAACAAJ,200,443.18,,Griezelbeelden,Camila Fialkowski,,1992,153,nl,,
MB-219,9789066920927,nl,nl_juvenile_picture_comic,wikidata,MISS,no provider record,,200,181.54,,,,,,,,,
MB-219,9789066920927,nl,nl_juvenile_picture_comic,bookbrainz,MISS,no provider record,,200,,,,,,,,,,
MB-220,9789066921399,nl,nl_juvenile_picture_comic,open_library,MISS,no provider record,,200,2267.13,,,,,,,,,
MB-220,9789066921399,nl,nl_juvenile_picture_comic,google_books,PROBABLE,exact ISBN but incomplete or divergent local/provider metadata,Z2BkHQAACAAJ,200,429.14,,Klauwen van ijs,Tais Teng (pseud. van Thijs van Ebbenhorst Tengbergen.) | Walter Donker,,1994,180,nl,,
MB-220,9789066921399,nl,nl_juvenile_picture_comic,wikidata,MISS,no provider record,,200,181.54,,,,,,,,,
MB-220,9789066921399,nl,nl_juvenile_picture_comic,bookbrainz,MISS,no provider record,,200,,,,,,,,,,
MB-221,9789066921559,nl,nl_juvenile_picture_comic,open_library,MISS,no provider record,,200,2267.13,,,,,,,,,
MB-221,9789066921559,nl,nl_juvenile_picture_comic,google_books,EXACT,exact ISBN with compatible title/author,In_KAAAACAAJ,200,493.21,,Griezellige beesten,,,1995,142,nl,,
MB-221,9789066921559,nl,nl_juvenile_picture_comic,wikidata,MISS,no provider record,,200,181.54,,,,,,,,,
MB-221,9789066921559,nl,nl_juvenile_picture_comic,bookbrainz,MISS,no provider record,,200,,,,,,,,,,
MB-222,9789066921658,nl,nl_juvenile_picture_comic,open_library,MISS,no provider record,,200,2267.13,,,,,,,,,
MB-222,9789066921658,nl,nl_juvenile_picture_comic,google_books,EXACT,exact ISBN with compatible title/author,8ajRAAAACAAJ,200,487.56,,In de greep van de duisternis,Eddy Charly Bertin | Het Griezelgenootschap | Paulus Stephanus Elisabeth Lambertus Maria Loon,,1996,154,nl,,
MB-222,9789066921658,nl,nl_juvenile_picture_comic,wikidata,MISS,no provider record,,200,181.54,,,,,,,,,
MB-222,9789066921658,nl,nl_juvenile_picture_comic,bookbrainz,MISS,no provider record,,200,,,,,,,,,,
MB-223,9789066921917,nl,nl_juvenile_picture_comic,open_library,MISS,no provider record,,200,2267.13,,,,,,,,,
MB-223,9789066921917,nl,nl_juvenile_picture_comic,google_books,EXACT,exact ISBN with compatible title/author,gM4ltwAACAAJ,200,1201.15,,Dorstige schaduwen,Eddy C. Bertin | Joyce van Oorschot,,1997,208,nl,,
MB-223,9789066921917,nl,nl_juvenile_picture_comic,wikidata,MISS,no provider record,,200,181.54,,,,,,,,,
MB-223,9789066921917,nl,nl_juvenile_picture_comic,bookbrainz,MISS,no provider record,,200,,,,,,,,,,
MB-224,9789066922242,nl,nl_juvenile_picture_comic,open_library,EXACT,exact ISBN with compatible title/author,/books/OL60592680M,200,2267.13,,De Griezelbus 4,,Elzenga,"January 1, 1998",234,dut,De Griezelbus,
MB-224,9789066922242,nl,nl_juvenile_picture_comic,google_books,EXACT,exact ISBN with compatible title/author,oyB_twAACAAJ,200,484.28,,De griezelbus,Camila Fialkowski | Paul Van Loon,,1998,239,nl,,
MB-224,9789066922242,nl,nl_juvenile_picture_comic,wikidata,MISS,no provider record,,200,181.54,,,,,,,,,
MB-224,9789066922242,nl,nl_juvenile_picture_comic,bookbrainz,MISS,no provider record,,200,,,,,,,,,,
MB-225,9789066922273,nl,nl_juvenile_picture_comic,open_library,MISS,no provider record,,200,2267.13,,,,,,,,,
MB-225,9789066922273,nl,nl_juvenile_picture_comic,google_books,EXACT,exact ISBN with compatible title/author,Sk7HAAAACAAJ,200,486.35,,De beet van de demon,Het Griezelgenootschap | Tais Teng (pseud. van Thijs van Ebbenhorst Tengbergen.),,1998,88,nl,,
MB-225,9789066922273,nl,nl_juvenile_picture_comic,wikidata,MISS,no provider record,,200,181.54,,,,,,,,,
MB-225,9789066922273,nl,nl_juvenile_picture_comic,bookbrainz,MISS,no provider record,,200,,,,,,,,,,
MB-226,9789078753209,nl,nl_juvenile_picture_comic,open_library,EXACT,exact ISBN with compatible title/author,/books/OL32104881M,200,2267.13,,Het afzien van 2008,"Reid, ...",Catullus,2008,111,dut,Fokke & Sukke,
MB-226,9789078753209,nl,nl_juvenile_picture_comic,google_books,PROBABLE,exact ISBN but incomplete or divergent local/provider metadata,R2fhNwAACAAJ,200,366.96,,Fokke & Sukke. Het afzien van 2008,John Reid,,2009,112,nl,,
MB-226,9789078753209,nl,nl_juvenile_picture_comic,wikidata,MISS,no provider record,,200,181.54,,,,,,,,,
MB-226,9789078753209,nl,nl_juvenile_picture_comic,bookbrainz,MISS,no provider record,,200,,,,,,,,,,
MB-227,9789078753278,nl,nl_juvenile_picture_comic,open_library,EXACT,exact ISBN with compatible title/author,/books/OL32104882M,200,2267.13,,Het afzien van 2009,Reid ...,Catullus,2009,112,dut,Fokke & Sukke,
MB-227,9789078753278,nl,nl_juvenile_picture_comic,google_books,MISS,no provider record,,200,815.35,,,,,,,,,
MB-227,9789078753278,nl,nl_juvenile_picture_comic,wikidata,MISS,no provider record,,200,181.54,,,,,,,,,
MB-227,9789078753278,nl,nl_juvenile_picture_comic,bookbrainz,MISS,no provider record,,200,,,,,,,,,,
MB-228,9789000027286,nl,nl_knowledge_nonfiction,open_library,EXACT,exact ISBN with compatible title/author,/books/OL18510596M,200,2267.13,,Alleen op de wereld.,Hector Malot,Van Goor,1990,312,dut,,
MB-228,9789000027286,nl,nl_knowledge_nonfiction,google_books,EXACT,exact ISBN with compatible title/author,31reRwAACAAJ,200,902.57,,Alleen op de wereld / druk 92,Hector Henri Malot,,2015-04-17,312,nl,,
MB-228,9789000027286,nl,nl_knowledge_nonfiction,wikidata,MISS,no provider record,,200,181.54,,,,,,,,,
MB-228,9789000027286,nl,nl_knowledge_nonfiction,bookbrainz,MISS,no provider record,,200,,,,,,,,,,
MB-229,9789021451862,nl,nl_knowledge_nonfiction,open_library,EXACT,exact ISBN with compatible title/author,/books/OL2121523M,200,2267.13,,Publiek geheim,J. Bernlef,Querido,1987,242,dut,,
MB-229,9789021451862,nl,nl_knowledge_nonfiction,google_books,WRONG_EDITION,work-like match without returned queried ISBN,X80qAAAAMAAJ,200,345.02,,Publiek geheim,J. Bernlef,Amsterdam : Querido,1987,248,nl,,
MB-229,9789021451862,nl,nl_knowledge_nonfiction,wikidata,MISS,no provider record,,200,181.54,,,,,,,,,
MB-229,9789021451862,nl,nl_knowledge_nonfiction,bookbrainz,MISS,no provider record,,200,,,,,,,,,,
MB-230,9789021613321,nl,nl_knowledge_nonfiction,open_library,MISS,no provider record,,200,2267.13,,,,,,,,,
MB-230,9789021613321,nl,nl_knowledge_nonfiction,google_books,EXACT,exact ISBN with compatible title/author,PgHyAAAACAAJ,200,464.18,,Het grote wonder,Lars Hamberger | Lennart Nilsson | Mariyet Senders | Per Wivall | Pieter Eric Treffers,,1990,203,nl,,
MB-230,9789021613321,nl,nl_knowledge_nonfiction,wikidata,MISS,no provider record,,200,181.54,,,,,,,,,
MB-230,9789021613321,nl,nl_knowledge_nonfiction,bookbrainz,MISS,no provider record,,200,,,,,,,,,,
MB-231,9789022819760,nl,nl_knowledge_nonfiction,open_library,EXACT,exact ISBN with compatible title/author,/books/OL4299444M,200,2267.13,,Geen moed vist ook,Peter Dorleijn,[De Boer,1977,159,dut,De Boer maritiem,
MB-231,9789022819760,nl,nl_knowledge_nonfiction,google_books,EXACT,exact ISBN with compatible title/author,wNZXAAAACAAJ,200,941.19,,Geen moed vist ook,Peter Dorleijn,,1977,159,nl,,
MB-231,9789022819760,nl,nl_knowledge_nonfiction,wikidata,MISS,no provider record,,200,181.54,,,,,,,,,
MB-231,9789022819760,nl,nl_knowledge_nonfiction,bookbrainz,MISS,no provider record,,200,,,,,,,,,,
MB-232,9789022985830,nl,nl_knowledge_nonfiction,open_library,EXACT,exact ISBN with compatible title/author,/books/OL9086941M,200,2267.13,,Het Dossier (The Summons),,A. W. Bruna,2002,,dut,,
MB-232,9789022985830,nl,nl_knowledge_nonfiction,google_books,PROBABLE,exact ISBN but incomplete or divergent local/provider metadata,pO6pGQAACAAJ,200,939.92,,Het dossier,John Grisham,,2002,286,nl,,
MB-232,9789022985830,nl,nl_knowledge_nonfiction,wikidata,MISS,no provider record,,200,181.54,,,,,,,,,
MB-232,9789022985830,nl,nl_knowledge_nonfiction,bookbrainz,MISS,no provider record,,200,,,,,,,,,,
MB-233,9789024558964,nl,nl_knowledge_nonfiction,open_library,MISS,no provider record,,200,2267.13,,,,,,,,,
MB-233,9789024558964,nl,nl_knowledge_nonfiction,google_books,EXACT,exact ISBN with compatible title/author,HwFqLwEACAAJ,200,865.74,,22-11-1963 / druk 6,Stephen King,,2012-11-15,880,nl,,
MB-233,9789024558964,nl,nl_knowledge_nonfiction,wikidata,MISS,no provider record,,200,181.54,,,,,,,,,
MB-233,9789024558964,nl,nl_knowledge_nonfiction,bookbrainz,MISS,no provider record,,200,,,,,,,,,,
MB-234,9789025108410,nl,nl_knowledge_nonfiction,open_library,MISS,no provider record,,200,2267.13,,,,,,,,,
MB-234,9789025108410,nl,nl_knowledge_nonfiction,google_books,EXACT,exact ISBN with compatible title/author,UO0ptwAACAAJ,200,402.92,,Philip en Julia,Else van Erkel,,2000,128,nl,,
MB-234,9789025108410,nl,nl_knowledge_nonfiction,wikidata,MISS,no provider record,,200,181.54,,,,,,,,,
MB-234,9789025108410,nl,nl_knowledge_nonfiction,bookbrainz,MISS,no provider record,,200,,,,,,,,,,
MB-235,9789025334086,nl,nl_knowledge_nonfiction,open_library,EXACT,exact ISBN with compatible title/author,/books/OL3650261M,200,2267.13,,Keizers sterven niet in bed,Fik Meijer,Athenaeum-Polak & Van Gennep,2002,229,dut,,
MB-235,9789025334086,nl,nl_knowledge_nonfiction,google_books,EXACT,exact ISBN with compatible title/author,0idnAAAACAAJ,200,530.31,,Keizers sterven niet in bed,Fik Meijer,,2002,229,nl,,
MB-235,9789025334086,nl,nl_knowledge_nonfiction,wikidata,MISS,no provider record,,200,181.54,,,,,,,,,
MB-235,9789025334086,nl,nl_knowledge_nonfiction,bookbrainz,MISS,no provider record,,200,,,,,,,,,,
MB-236,9789026147982,nl,nl_knowledge_nonfiction,open_library,MISS,no provider record,,200,2267.13,,,,,,,,,
MB-236,9789026147982,nl,nl_knowledge_nonfiction,google_books,EXACT,exact ISBN with compatible title/author,HmuXwwEACAAJ,200,388.78,,Het huis voor ongewenste meisjes,Joanna Goodman,,2019,,nl,,
MB-236,9789026147982,nl,nl_knowledge_nonfiction,wikidata,MISS,no provider record,,200,181.54,,,,,,,,,
MB-236,9789026147982,nl,nl_knowledge_nonfiction,bookbrainz,MISS,no provider record,,200,,,,,,,,,,
MB-237,9789026717161,nl,nl_knowledge_nonfiction,open_library,MISS,no provider record,,200,2267.13,,,,,,,,,
MB-237,9789026717161,nl,nl_knowledge_nonfiction,google_books,EXACT,exact ISBN with compatible title/author,TTA1twAACAAJ,200,892.78,,Grepen uit de geschiedenis van de automatisering,Maarten Looijen,,1992,151,nl,,
MB-237,9789026717161,nl,nl_knowledge_nonfiction,wikidata,MISS,no provider record,,200,181.54,,,,,,,,,
MB-237,9789026717161,nl,nl_knowledge_nonfiction,bookbrainz,MISS,no provider record,,200,,,,,,,,,,
MB-238,9789027416056,nl,nl_knowledge_nonfiction,open_library,MISS,no provider record,,200,2267.13,,,,,,,,,
MB-238,9789027416056,nl,nl_knowledge_nonfiction,google_books,EXACT,exact ISBN with compatible title/author,rrNTKgAACAAJ,200,536.18,,"Dromen, durven, doen / druk 26",Beno Tiggelaar,,2009-12,140,nl,,
MB-238,9789027416056,nl,nl_knowledge_nonfiction,wikidata,MISS,no provider record,,200,181.54,,,,,,,,,
MB-238,9789027416056,nl,nl_knowledge_nonfiction,bookbrainz,MISS,no provider record,,200,,,,,,,,,,
MB-239,9789029043724,nl,nl_knowledge_nonfiction,open_library,MISS,no provider record,,200,2267.13,,,,,,,,,
MB-239,9789029043724,nl,nl_knowledge_nonfiction,google_books,EXACT,exact ISBN with compatible title/author,AHoWAAAACAAJ,200,502.7,,Deirdre,,,1988,806,nl,,
MB-239,9789029043724,nl,nl_knowledge_nonfiction,wikidata,MISS,no provider record,,200,181.54,,,,,,,,,
MB-239,9789029043724,nl,nl_knowledge_nonfiction,bookbrainz,MISS,no provider record,,200,,,,,,,,,,
MB-240,9789029518291,nl,nl_knowledge_nonfiction,open_library,EXACT,exact ISBN with compatible title/author,/books/OL24327141M,200,2267.13,,De vrouw bestaat niet,,De Arbeiderspers | Arbeiderspers,1982,157,dut,,
MB-240,9789029518291,nl,nl_knowledge_nonfiction,google_books,EXACT,exact ISBN with compatible title/author,m8FtSwAACAAJ,200,475.1,,De vrouw bestaat niet,Maarten 't Hart,,1982,157,nl,,
MB-240,9789029518291,nl,nl_knowledge_nonfiction,wikidata,MISS,no provider record,,200,181.54,,,,,,,,,
MB-240,9789029518291,nl,nl_knowledge_nonfiction,bookbrainz,MISS,no provider record,,200,,,,,,,,,,
MB-241,9789029519694,nl,nl_knowledge_nonfiction,open_library,EXACT,exact ISBN with compatible title/author,/books/OL32104904M,200,3081.45,,Het uur tussen hond en wolf,Maarten 't Hart,De Arbeiderspers,1987,141,dut,Grote ABC -- nr. 601 | Grote ABC -- nr. 601.,
MB-241,9789029519694,nl,nl_knowledge_nonfiction,google_books,EXACT,exact ISBN with compatible title/author,Ynb2AQAACAAJ,200,413.67,,Het uur tussen hond en wolf,Maarten 't Hart,,1987,141,nl,,
MB-241,9789029519694,nl,nl_knowledge_nonfiction,wikidata,MISS,no provider record,,200,181.54,,,,,,,,,
MB-241,9789029519694,nl,nl_knowledge_nonfiction,bookbrainz,MISS,no provider record,,200,,,,,,,,,,
MB-242,9789031342723,nl,nl_knowledge_nonfiction,open_library,MISS,no provider record,,200,3081.45,,,,,,,,,
MB-242,9789031342723,nl,nl_knowledge_nonfiction,google_books,EXACT,exact ISBN with compatible title/author,FTwT3_x2Nb8C,200,872.79,,Paniekstoornis en agorafobie / druk 1 / ING,E. de Beurs,Bohn Stafleu van Loghum,2004,138,nl,,
MB-242,9789031342723,nl,nl_knowledge_nonfiction,wikidata,MISS,no provider record,,200,181.54,,,,,,,,,
MB-242,9789031342723,nl,nl_knowledge_nonfiction,bookbrainz,MISS,no provider record,,200,,,,,,,,,,
MB-243,9789035106932,nl,nl_knowledge_nonfiction,open_library,MISS,no provider record,,200,3081.45,,,,,,,,,
MB-243,9789035106932,nl,nl_knowledge_nonfiction,google_books,EXACT,exact ISBN with compatible title/author,8otTAAAACAAJ,200,421.76,,Een leeg huis,Marga Minco,,1966,156,nl,,
MB-243,9789035106932,nl,nl_knowledge_nonfiction,wikidata,MISS,no provider record,,200,181.54,,,,,,,,,
MB-243,9789035106932,nl,nl_knowledge_nonfiction,bookbrainz,MISS,no provider record,,200,,,,,,,,,,
MB-244,9789038805337,nl,nl_knowledge_nonfiction,open_library,MISS,no provider record,,200,3081.45,,,,,,,,,
MB-244,9789038805337,nl,nl_knowledge_nonfiction,google_books,EXACT,exact ISBN with compatible title/author,1gZEzQEACAAJ,200,394.93,,Je brein aan de pil,Sarah E. Hill,,2019,,nl,,
MB-244,9789038805337,nl,nl_knowledge_nonfiction,wikidata,MISS,no provider record,,200,181.54,,,,,,,,,
MB-244,9789038805337,nl,nl_knowledge_nonfiction,bookbrainz,MISS,no provider record,,200,,,,,,,,,,
MB-245,9789043925839,nl,nl_knowledge_nonfiction,open_library,MISS,no provider record,,200,3081.45,,,,,,,,,
MB-245,9789043925839,nl,nl_knowledge_nonfiction,google_books,EXACT,exact ISBN with compatible title/author,qpZpzwEACAAJ,200,437.99,,Long covid zelfhulpgids,,,2022,0,nl,,
MB-245,9789043925839,nl,nl_knowledge_nonfiction,wikidata,MISS,no provider record,,200,181.54,,,,,,,,,
MB-245,9789043925839,nl,nl_knowledge_nonfiction,bookbrainz,MISS,no provider record,,200,,,,,,,,,,
MB-246,9789045303994,nl,nl_knowledge_nonfiction,open_library,MISS,no provider record,,200,3081.45,,,,,,,,,
MB-246,9789045303994,nl,nl_knowledge_nonfiction,google_books,EXACT,exact ISBN with compatible title/author,D_TNygAACAAJ,200,837.17,,Niet voor de poes,Gert-Jan Kramer | Jim Edgar | R. D. Rosen | Studio Imago,,2005,214,nl,,
MB-246,9789045303994,nl,nl_knowledge_nonfiction,wikidata,MISS,no provider record,,200,181.54,,,,,,,,,
MB-246,9789045303994,nl,nl_knowledge_nonfiction,bookbrainz,MISS,no provider record,,200,,,,,,,,,,
MB-247,9789047500179,nl,nl_knowledge_nonfiction,open_library,EXACT,exact ISBN with compatible title/author,/books/OL35332248M,200,3081.45,,Het ex-complex,Jane Moore,Van Holkema & Warendorf,2008,334,dut,,
MB-247,9789047500179,nl,nl_knowledge_nonfiction,google_books,EXACT,exact ISBN with compatible title/author,DmKZNwAACAAJ,200,433.46,,Het ex-complex / druk 1,Jane Moore,,2009-03,334,nl,,
MB-247,9789047500179,nl,nl_knowledge_nonfiction,wikidata,MISS,no provider record,,200,181.54,,,,,,,,,
MB-247,9789047500179,nl,nl_knowledge_nonfiction,bookbrainz,MISS,no provider record,,200,,,,,,,,,,
MB-248,9789048842377,nl,nl_knowledge_nonfiction,open_library,EXACT,exact ISBN with compatible title/author,/books/OL59713984M,200,3081.45,,Deal,Michel van Egmond,Voetbal Inside,2017,268,dut,,
MB-248,9789048842377,nl,nl_knowledge_nonfiction,google_books,EXACT,exact ISBN with compatible title/author,t_bIswEACAAJ,200,894.01,,Deal,Michel van Egmond,,2017-10-27,272,nl,,
MB-248,9789048842377,nl,nl_knowledge_nonfiction,wikidata,MISS,no provider record,,200,181.54,,,,,,,,,
MB-248,9789048842377,nl,nl_knowledge_nonfiction,bookbrainz,MISS,no provider record,,200,,,,,,,,,,
MB-249,9789048858675,nl,nl_knowledge_nonfiction,open_library,MISS,no provider record,,200,3081.45,,,,,,,,,
MB-249,9789048858675,nl,nl_knowledge_nonfiction,google_books,EXACT,exact ISBN with compatible title/author,tmJ2zgEACAAJ,200,429.86,,Derksen,Antoinnette Scheulderman | Michel van Egmond,,2021,,nl,,
MB-249,9789048858675,nl,nl_knowledge_nonfiction,wikidata,MISS,no provider record,,200,181.54,,,,,,,,,
MB-249,9789048858675,nl,nl_knowledge_nonfiction,bookbrainz,MISS,no provider record,,200,,,,,,,,,,
MB-250,9789049801885,nl,nl_knowledge_nonfiction,open_library,MISS,no provider record,,200,3081.45,,,,,,,,,
MB-250,9789049801885,nl,nl_knowledge_nonfiction,google_books,EXACT,exact ISBN with compatible title/author,5C5duQAACAAJ,200,428.06,,Dat weet je niet / druk 1,Jens Christian Grøndahl,,2012-07,361,nl,,
MB-250,9789049801885,nl,nl_knowledge_nonfiction,wikidata,MISS,no provider record,,200,181.54,,,,,,,,,
MB-250,9789049801885,nl,nl_knowledge_nonfiction,bookbrainz,MISS,no provider record,,200,,,,,,,,,,
MB-251,9789051121650,nl,nl_knowledge_nonfiction,open_library,MISS,no provider record,,200,3081.45,,,,,,,,,
MB-251,9789051121650,nl,nl_knowledge_nonfiction,google_books,EXACT,exact ISBN with compatible title/author,h0RGPgAACAAJ,200,848.87,,September,René Stoute | Rosamunde Pilcher,,1991,449,nl,,
MB-251,9789051121650,nl,nl_knowledge_nonfiction,wikidata,MISS,no provider record,,200,247.44,,,,,,,,,
MB-251,9789051121650,nl,nl_knowledge_nonfiction,bookbrainz,MISS,no provider record,,200,,,,,,,,,,
MB-252,9789052108735,nl,nl_knowledge_nonfiction,open_library,MISS,no provider record,,200,3081.45,,,,,,,,,
MB-252,9789052108735,nl,nl_knowledge_nonfiction,google_books,EXACT,exact ISBN with compatible title/author,oLrBtgAACAAJ,200,452.73,,Zaadbommen,Henk Breedveld | Josie Jeffery | Scribent (Rotterdam).,,2012,128,nl,,
MB-252,9789052108735,nl,nl_knowledge_nonfiction,wikidata,MISS,no provider record,,200,247.44,,,,,,,,,
MB-252,9789052108735,nl,nl_knowledge_nonfiction,bookbrainz,MISS,no provider record,,200,,,,,,,,,,
MB-253,9789058779083,nl,nl_knowledge_nonfiction,open_library,MISS,no provider record,,200,3081.45,,,,,,,,,
MB-253,9789058779083,nl,nl_knowledge_nonfiction,google_books,EXACT,exact ISBN with compatible title/author,YHeCtwAACAAJ,200,909.85,,Krachttraining,Frédéric Delavier | Yolanda Heersma,,2011,192,nl,,
MB-253,9789058779083,nl,nl_knowledge_nonfiction,wikidata,MISS,no provider record,,200,247.44,,,,,,,,,
MB-253,9789058779083,nl,nl_knowledge_nonfiction,bookbrainz,MISS,no provider record,,200,,,,,,,,,,
MB-254,9789059201392,nl,nl_knowledge_nonfiction,open_library,MISS,no provider record,,200,3081.45,,,,,,,,,
MB-254,9789059201392,nl,nl_knowledge_nonfiction,google_books,EXACT,exact ISBN with compatible title/author,qU-bPQAACAAJ,200,979.55,,Koffie,Catherine Atkinson | Christine MacFadden | Heleen Silvis | Mary Banks | Nienke van der Hoeven,,2003,256,nl,,
MB-254,9789059201392,nl,nl_knowledge_nonfiction,wikidata,MISS,no provider record,,200,247.44,,,,,,,,,
MB-254,9789059201392,nl,nl_knowledge_nonfiction,bookbrainz,MISS,no provider record,,200,,,,,,,,,,
MB-255,9789059207646,nl,nl_knowledge_nonfiction,open_library,MISS,no provider record,,200,3081.45,,,,,,,,,
MB-255,9789059207646,nl,nl_knowledge_nonfiction,google_books,EXACT,exact ISBN with compatible title/author,eqyMKQAACAAJ,200,393.25,,Begrijp uw kat,Ghislaine de Thouars | Roger Tabor | TextCase (Utrecht),,2008,144,nl,,
MB-255,9789059207646,nl,nl_knowledge_nonfiction,wikidata,MISS,no provider record,,200,247.44,,,,,,,,,
MB-255,9789059207646,nl,nl_knowledge_nonfiction,bookbrainz,MISS,no provider record,,200,,,,,,,,,,
MB-256,9789059567344,nl,nl_knowledge_nonfiction,open_library,MISS,no provider record,,200,3081.45,,,,,,,,,
MB-256,9789059567344,nl,nl_knowledge_nonfiction,google_books,EXACT,exact ISBN with compatible title/author,pVglMQAACAAJ,200,888.46,,Dit is een boek over bier,Raymond van der Laan,,2017-05-01,,nl,,
MB-256,9789059567344,nl,nl_knowledge_nonfiction,wikidata,MISS,no provider record,,200,247.44,,,,,,,,,
MB-256,9789059567344,nl,nl_knowledge_nonfiction,bookbrainz,MISS,no provider record,,200,,,,,,,,,,
MB-257,9789060139684,nl,nl_knowledge_nonfiction,open_library,MISS,no provider record,,200,3081.45,,,,,,,,,
MB-257,9789060139684,nl,nl_knowledge_nonfiction,google_books,EXACT,exact ISBN with compatible title/author,SyfBSgAACAAJ,200,928.35,,Ronde en platbodems,Coen van Oostrom,,1988,144,nl,,
MB-257,9789060139684,nl,nl_knowledge_nonfiction,wikidata,MISS,no provider record,,200,247.44,,,,,,,,,
MB-257,9789060139684,nl,nl_knowledge_nonfiction,bookbrainz,MISS,no provider record,,200,,,,,,,,,,
MB-258,9789074108492,nl,nl_knowledge_nonfiction,open_library,MISS,no provider record,,200,3081.45,,,,,,,,,
MB-258,9789074108492,nl,nl_knowledge_nonfiction,google_books,EXACT,exact ISBN with compatible title/author,GiwsLgEACAAJ,200,904.43,,"Het leven, de liefde en de lusten",Jan Bartelsman | Maarten van der Jagt | Ronald Edgar Giphart,,2012,286,nl,,
MB-258,9789074108492,nl,nl_knowledge_nonfiction,wikidata,MISS,no provider record,,200,247.44,,,,,,,,,
MB-258,9789074108492,nl,nl_knowledge_nonfiction,bookbrainz,MISS,no provider record,,200,,,,,,,,,,
MB-259,9789080671324,nl,nl_knowledge_nonfiction,open_library,MISS,no provider record,,200,3081.45,,,,,,,,,
MB-259,9789080671324,nl,nl_knowledge_nonfiction,google_books,EXACT,exact ISBN with compatible title/author,A6ERAAAACAAJ,200,386.86,,IT service management,itSMF - the IT Service Management Forum,,2005-05-23,264,nl,,
MB-259,9789080671324,nl,nl_knowledge_nonfiction,wikidata,MISS,no provider record,,200,247.44,,,,,,,,,
MB-259,9789080671324,nl,nl_knowledge_nonfiction,bookbrainz,MISS,no provider record,,200,,,,,,,,,,
MB-260,9789081821537,nl,nl_knowledge_nonfiction,open_library,MISS,no provider record,,200,3081.45,,,,,,,,,
MB-260,9789081821537,nl,nl_knowledge_nonfiction,google_books,EXACT,exact ISBN with compatible title/author,ETw0jwEACAAJ,200,476.37,,Alles draait om je hormonen,Rineke Dijkinga,,2015,,nl,,
MB-260,9789081821537,nl,nl_knowledge_nonfiction,wikidata,MISS,no provider record,,200,247.44,,,,,,,,,
MB-260,9789081821537,nl,nl_knowledge_nonfiction,bookbrainz,MISS,no provider record,,200,,,,,,,,,,
MB-261,9789081954402,nl,nl_knowledge_nonfiction,open_library,MISS,no provider record,,200,3081.45,,,,,,,,,
MB-261,9789081954402,nl,nl_knowledge_nonfiction,google_books,EXACT,exact ISBN with compatible title/author,lJ9FMwEACAAJ,200,938.09,,Over leiderschap,Jan Andreae,,2012,127,nl,,
MB-261,9789081954402,nl,nl_knowledge_nonfiction,wikidata,MISS,no provider record,,200,247.44,,,,,,,,,
MB-261,9789081954402,nl,nl_knowledge_nonfiction,bookbrainz,MISS,no provider record,,200,,,,,,,,,,
MB-262,9789082881202,nl,nl_knowledge_nonfiction,open_library,EXACT,exact ISBN with compatible title/author,/books/OL31694416M,200,3081.45,,GRIP,,Uitgeverij NZ,2019,256,dut,,
MB-262,9789082881202,nl,nl_knowledge_nonfiction,google_books,EXACT,exact ISBN with compatible title/author,NzfPwQEACAAJ,200,443.25,,Grip,Rick Pastoor,,2019,,nl,,
MB-262,9789082881202,nl,nl_knowledge_nonfiction,wikidata,MISS,no provider record,,200,247.44,,,,,,,,,
MB-262,9789082881202,nl,nl_knowledge_nonfiction,bookbrainz,MISS,no provider record,,200,,,,,,,,,,
MB-263,9789083014869,nl,nl_knowledge_nonfiction,open_library,MISS,no provider record,,200,3081.45,,,,,,,,,
MB-263,9789083014869,nl,nl_knowledge_nonfiction,google_books,EXACT,exact ISBN with compatible title/author,FtJ1zgEACAAJ,200,901.58,,Amsterdam door! Gijs & Floor. Wandelen met een frisse blik op de stad,Gijs Stork,,2021,160,nl,,
MB-263,9789083014869,nl,nl_knowledge_nonfiction,wikidata,MISS,no provider record,,200,247.44,,,,,,,,,
MB-263,9789083014869,nl,nl_knowledge_nonfiction,bookbrainz,MISS,no provider record,,200,,,,,,,,,,
MB-264,9789462972001,nl,nl_knowledge_nonfiction,open_library,MISS,no provider record,,200,3081.45,,,,,,,,,
MB-264,9789462972001,nl,nl_knowledge_nonfiction,google_books,EXACT,exact ISBN with compatible title/author,bHQ1zgEACAAJ,200,487.7,,De projectleider. Roman,René den Ouden,,2021,288,nl,,
MB-264,9789462972001,nl,nl_knowledge_nonfiction,wikidata,MISS,no provider record,,200,247.44,,,,,,,,,
MB-264,9789462972001,nl,nl_knowledge_nonfiction,bookbrainz,MISS,no provider record,,200,,,,,,,,,,
MB-265,9789491041013,nl,nl_knowledge_nonfiction,open_library,MISS,no provider record,,200,3081.45,,,,,,,,,
MB-265,9789491041013,nl,nl_knowledge_nonfiction,google_books,WRONG_EDITION,work-like match without returned queried ISBN,LFQNMQAACAAJ,200,868.79,,Het achterhuis,Anne Frank,,2009,302,nl,,
MB-265,9789491041013,nl,nl_knowledge_nonfiction,wikidata,MISS,no provider record,,200,247.44,,,,,,,,,
MB-265,9789491041013,nl,nl_knowledge_nonfiction,bookbrainz,MISS,no provider record,,200,,,,,,,,,,
MB-266,9789491555343,nl,nl_knowledge_nonfiction,open_library,MISS,no provider record,,200,3081.45,,,,,,,,,
MB-266,9789491555343,nl,nl_knowledge_nonfiction,google_books,EXACT,exact ISBN with compatible title/author,MGjexgEACAAJ,200,966.21,,De vreugde van het voetbal,,,2019,,nl,,
MB-266,9789491555343,nl,nl_knowledge_nonfiction,wikidata,MISS,no provider record,,200,247.44,,,,,,,,,
MB-266,9789491555343,nl,nl_knowledge_nonfiction,bookbrainz,MISS,no provider record,,200,,,,,,,,,,
MB-267,9789492493255,nl,nl_knowledge_nonfiction,open_library,EXACT,exact ISBN with compatible title/author,/books/OL26953530M,200,3081.45,,Mindgym,Wouter de Jong,,2018,299,dut,,
MB-267,9789492493255,nl,nl_knowledge_nonfiction,google_books,PROBABLE,exact ISBN but incomplete or divergent local/provider metadata,0lqJswEACAAJ,200,492.5,,"Mindgym, sportschool voor je geest",Wouter de Jong,,2018-01-09,360,nl,,
MB-267,9789492493255,nl,nl_knowledge_nonfiction,wikidata,MISS,no provider record,,200,247.44,,,,,,,,,
MB-267,9789492493255,nl,nl_knowledge_nonfiction,bookbrainz,MISS,no provider record,,200,,,,,,,,,,
MB-268,9780006355571,en,older_isbn10_or_edition,open_library,EXACT,exact ISBN with compatible title/author,/books/OL44096714M,200,3081.45,,Golden Bats and Pink Pigeons,Gerald Malcolm Durrell,HarperCollins Publishers Limited,1996,,eng,,
MB-268,9780006355571,en,older_isbn10_or_edition,google_books,EXACT,exact ISBN with compatible title/author,pE22QgAACAAJ,200,362.2,,Golden Bats and Pink Pigeons,Gerald Durrell,,1989,157,en,,
MB-268,9780006355571,en,older_isbn10_or_edition,wikidata,MISS,no provider record,,200,247.44,,,,,,,,,
MB-268,9780006355571,en,older_isbn10_or_edition,bookbrainz,MISS,no provider record,,200,,,,,,,,,,
MB-269,9780060392451,en,older_isbn10_or_edition,open_library,EXACT,exact ISBN with compatible title/author,/books/OL20942861M,200,3081.45,,Stupid White Men,Michael Moore,ReganBooks,2001,277,eng,,
MB-269,9780060392451,en,older_isbn10_or_edition,google_books,EXACT,exact ISBN with compatible title/author,eM4B0QEACAAJ,200,427.53,,Stupid White Men,Michael Moore,Harper,2002-02-19,0,en,,
MB-269,9780060392451,en,older_isbn10_or_edition,wikidata,MISS,no provider record,,200,247.44,,,,,,,,,
MB-269,9780060392451,en,older_isbn10_or_edition,bookbrainz,MISS,no provider record,,200,,,,,,,,,,
MB-270,9780385605335,en,older_isbn10_or_edition,open_library,EXACT,exact ISBN with compatible title/author,/books/OL22817462M,200,3081.45,,The wee free men,Terry Pratchett,Doubleday,2003,320,eng,Discworld,
MB-270,9780385605335,en,older_isbn10_or_edition,google_books,EXACT,exact ISBN with compatible title/author,VFnIQgAACAAJ,200,471.91,,The Wee Free Men,Terry Pratchett,Doubleday Children's,2003,317,en,,
MB-270,9780385605335,en,older_isbn10_or_edition,wikidata,EXACT,exact ISBN with compatible title/author,Q60412310,200,247.44,,The Wee Free Men,Terry Pratchett,Doubleday,2003-01-01T00:00:00Z,,Engels,,
MB-270,9780385605335,en,older_isbn10_or_edition,bookbrainz,MISS,no provider record,,200,,,,,,,,,,
MB-271,9780440221654,en,older_isbn10_or_edition,open_library,EXACT,exact ISBN with compatible title/author,/books/OL32934429M,200,3081.45,,The Rainmaker,,Island Books,1997?,,eng,,
MB-271,9780440221654,en,older_isbn10_or_edition,google_books,EXACT,exact ISBN with compatible title/author,_yZsloxOuHMC,200,378.0,,The Rainmaker,John Grisham,Dell,1996,616,en,,
MB-271,9780440221654,en,older_isbn10_or_edition,wikidata,EXACT,exact ISBN with compatible title/author,Q130322997,200,247.44,,The Rainmaker,,Dell Publishing,1996-01-01T00:00:00Z,,Engels,,
MB-271,9780440221654,en,older_isbn10_or_edition,bookbrainz,MISS,no provider record,,200,,,,,,,,,,
MB-272,9780450392498,en,older_isbn10_or_edition,open_library,EXACT,exact ISBN with compatible title/author,/books/OL7569427M,200,3081.45,,The Bachman Books,Stephen King,New English Library,1987,880,eng,,
MB-272,9780450392498,en,older_isbn10_or_edition,google_books,EXACT,exact ISBN with compatible title/author,EKarQgAACAAJ,200,861.35,,The Bachman Books,Stephen King,,1986,865,en,,
MB-272,9780450392498,en,older_isbn10_or_edition,wikidata,MISS,no provider record,,200,247.44,,,,,,,,,
MB-272,9780450392498,en,older_isbn10_or_edition,bookbrainz,MISS,no provider record,,200,,,,,,,,,,
MB-273,9780450524684,en,older_isbn10_or_edition,open_library,EXACT,exact ISBN with compatible title/author,/books/OL18211057M,200,3081.45,,The dark half,,New English Library,1990,468,eng,,
MB-273,9780450524684,en,older_isbn10_or_edition,google_books,EXACT,exact ISBN with compatible title/author,0Ym_QgAACAAJ,200,340.14,,The Dark Half,Stephen King,,1990,468,en,,
MB-273,9780450524684,en,older_isbn10_or_edition,wikidata,MISS,no provider record,,200,247.44,,,,,,,,,
MB-273,9780450524684,en,older_isbn10_or_edition,bookbrainz,MISS,no provider record,,200,,,,,,,,,,
MB-274,9780451163523,en,older_isbn10_or_edition,open_library,EXACT,exact ISBN with compatible title/author,/books/OL52946326M,200,3081.45,,The Drawing of the Three,,Signet,1990-01,,eng,,
MB-274,9780451163523,en,older_isbn10_or_edition,google_books,EXACT,exact ISBN with compatible title/author,3GBo91uQkGEC,200,934.22,,The Drawing of the Three,Stephen King,Berkley,1990,468,en,,
MB-274,9780451163523,en,older_isbn10_or_edition,wikidata,MISS,no provider record,,200,247.44,,,,,,,,,
MB-274,9780451163523,en,older_isbn10_or_edition,bookbrainz,MISS,no provider record,,200,,,,,,,,,,
MB-275,9780517149256,en,older_isbn10_or_edition,open_library,EXACT,exact ISBN with compatible title/author,/books/OL801036M,200,3081.45,,The Ultimate Hitchhiker's Guide,Douglas Adams,Wings Books,1996,815,eng,,
MB-275,9780517149256,en,older_isbn10_or_edition,google_books,EXACT,exact ISBN with compatible title/author,cA3jxBtM1vIC,200,827.79,,The Ultimate Hitchhiker's Guide,Douglas Adams,Wings,1996,840,en,,
MB-275,9780517149256,en,older_isbn10_or_edition,wikidata,MISS,no provider record,,200,247.44,,,,,,,,,
MB-275,9780517149256,en,older_isbn10_or_edition,bookbrainz,PROBABLE,exact ISBN but incomplete or divergent local/provider metadata,823958f5-0086-46a3-b14b-6a45114ac369,200,,,Six Stories by Douglas Adams: The Ultimate Hitchhiker's Guide,Douglas Adams,,,,en,,
MB-276,9780553106503,en,older_isbn10_or_edition,open_library,EXACT,exact ISBN with compatible title/author,/books/OL43553M,200,3081.45,,Bones of the master,George Crane,Bantam Books,2000,293,eng,,
MB-276,9780553106503,en,older_isbn10_or_edition,google_books,WRONG_EDITION,work-like match without returned queried ISBN,yCrYAAAAMAAJ,200,909.82,,Bones of the Master,George L. Crane,Bantam,2000,328,en,,
MB-276,9780553106503,en,older_isbn10_or_edition,wikidata,MISS,no provider record,,200,247.44,,,,,,,,,
MB-276,9780553106503,en,older_isbn10_or_edition,bookbrainz,MISS,no provider record,,200,,,,,,,,,,
MB-277,9780671036607,en,older_isbn10_or_edition,open_library,EXACT,exact ISBN with compatible title/author,/books/OL51624M,200,3081.45,,The burning city,Larry Niven,Pocket Books,2000,486,eng,,
MB-277,9780671036607,en,older_isbn10_or_edition,google_books,EXACT,exact ISBN with compatible title/author,hvDtvmCdbagC,200,418.46,,The Burning City,Jerry Pournelle | Larry Niven,Simon and Schuster,2000,536,en,,
MB-277,9780671036607,en,older_isbn10_or_edition,wikidata,MISS,no provider record,,200,247.44,,,,,,,,,
MB-277,9780671036607,en,older_isbn10_or_edition,bookbrainz,MISS,no provider record,,200,,,,,,,,,,
MB-278,9780671243722,en,older_isbn10_or_edition,open_library,EXACT,exact ISBN with compatible title/author,/books/OL24741285M,200,3081.45,,Golden bats and pink pigeons,Gerald Malcolm Durrell,Simon and Schuster,1977,190,eng,,
MB-278,9780671243722,en,older_isbn10_or_edition,google_books,WRONG_EDITION,work-like match without returned queried ISBN,kg5HAAAAYAAJ,200,516.79,,Golden Bats and Pink Pigeons,Gerald Durrell,Simon & Schuster,1977,216,en,,
MB-278,9780671243722,en,older_isbn10_or_edition,wikidata,MISS,no provider record,,200,247.44,,,,,,,,,
MB-278,9780671243722,en,older_isbn10_or_edition,bookbrainz,MISS,no provider record,,200,,,,,,,,,,
MB-279,9780708836835,en,older_isbn10_or_edition,open_library,EXACT,exact ISBN with compatible title/author,/books/OL15125211M,200,3081.45,,Living colour.,Kate Coscarelli,Futura,1988,371,eng,,
MB-279,9780708836835,en,older_isbn10_or_edition,google_books,EXACT,exact ISBN with compatible title/author,DuuPAAAACAAJ,200,894.89,,Living Colour,Kate Coscarelli,Sphere,1988,371,en,,
MB-279,9780708836835,en,older_isbn10_or_edition,wikidata,MISS,no provider record,,200,247.44,,,,,,,,,
MB-279,9780708836835,en,older_isbn10_or_edition,bookbrainz,MISS,no provider record,,200,,,,,,,,,,
MB-280,9780722163399,unknown,older_isbn10_or_edition,open_library,EXACT,exact ISBN with compatible title/author,/books/OL22632485M,200,3081.45,,Footfall,Larry Niven,Sphere,1986,700,eng,,
MB-280,9780722163399,unknown,older_isbn10_or_edition,google_books,EXACT,exact ISBN with compatible title/author,6KtvPwAACAAJ,200,898.14,,Footfall,Jerry Pournelle | Larry Niven,,1985,700,en,,
MB-280,9780722163399,unknown,older_isbn10_or_edition,wikidata,MISS,no provider record,,200,247.44,,,,,,,,,
MB-280,9780722163399,unknown,older_isbn10_or_edition,bookbrainz,MISS,no provider record,,200,,,,,,,,,,
MB-281,9780747541141,unknown,older_isbn10_or_edition,open_library,EXACT,exact ISBN with compatible title/author,/books/OL7961765M,200,2300.03,,Soft,Rupert Thomson,Trafalgar Square,"January 1, 1999",320,,,
MB-281,9780747541141,unknown,older_isbn10_or_edition,google_books,EXACT,exact ISBN with compatible title/author,jtSXPwAACAAJ,200,482.72,,Soft,Rupert Thomson,Bloomsbury Publishing,1999-01,320,en,,
MB-281,9780747541141,unknown,older_isbn10_or_edition,wikidata,MISS,no provider record,,200,247.44,,,,,,,,,
MB-281,9780747541141,unknown,older_isbn10_or_edition,bookbrainz,MISS,no provider record,,200,,,,,,,,,,
MB-282,9780747574507,en,older_isbn10_or_edition,open_library,EXACT,exact ISBN with compatible title/author,/books/OL25414149M,200,2300.03,,Harry Potter and the Goblet of Fire,,Bloomsbury,2004,796,eng,"Harry Potter, 4",
MB-282,9780747574507,en,older_isbn10_or_edition,google_books,EXACT,exact ISBN with compatible title/author,PjJgQgAACAAJ,200,911.77,,Harry Potter and the Goblet of Fire,J. K. Rowling,Bloomsbury Publishing PLC,2004,796,en,,
MB-282,9780747574507,en,older_isbn10_or_edition,wikidata,MISS,no provider record,,200,247.44,,,,,,,,,
MB-282,9780747574507,en,older_isbn10_or_edition,bookbrainz,EXACT,exact ISBN with compatible title/author,7d771bfb-0e26-4641-bb72-0b30f9f643a8,200,,,Harry Potter and the Goblet of Fire,,Bloomsbury,2004,796,en,,
MB-283,9780749301606,unknown,older_isbn10_or_edition,open_library,EXACT,exact ISBN with compatible title/author,/books/OL7965842M,200,2300.03,,Exiles Trilogy,Ben Bova,Arrow Books Ltd,December 1989,30,,,
MB-283,9780749301606,unknown,older_isbn10_or_edition,google_books,EXACT,exact ISBN with compatible title/author,pAZGPgAACAAJ,200,449.44,,The Exiles Trilogy,Ben Bova,Vintage,1989,441,en,,
MB-283,9780749301606,unknown,older_isbn10_or_edition,wikidata,MISS,no provider record,,200,247.44,,,,,,,,,
MB-283,9780749301606,unknown,older_isbn10_or_edition,bookbrainz,MISS,no provider record,,200,,,,,,,,,,
MB-284,9780786276363,en,older_isbn10_or_edition,open_library,EXACT,exact ISBN with compatible title/author,/books/OL24770077M,200,2300.03,,O'Hurley's return,,Thorndike Press,2005,335,eng,Thorndike Press large print romance,
MB-284,9780786276363,en,older_isbn10_or_edition,google_books,EXACT,exact ISBN with compatible title/author,MZmxAAAACAAJ,200,1011.86,,O'Hurley's Return,Nora Roberts,Large Print Press,1988,0,en,,
MB-284,9780786276363,en,older_isbn10_or_edition,wikidata,MISS,no provider record,,200,247.44,,,,,,,,,
MB-284,9780786276363,en,older_isbn10_or_edition,bookbrainz,MISS,no provider record,,200,,,,,,,,,,
MB-285,9780786916573,en,older_isbn10_or_edition,open_library,EXACT,exact ISBN with compatible title/author,/books/OL6798058M,200,2300.03,,Servant of the Shard,R. A. Salvatore,Wizards of the Coast,2000,348,eng,,
MB-285,9780786916573,en,older_isbn10_or_edition,google_books,EXACT,exact ISBN with compatible title/author,uUp8kQEACAAJ,200,1012.23,,Servant of the Shard,R. A. Salvatore,,2000,348,en,,
MB-285,9780786916573,en,older_isbn10_or_edition,wikidata,MISS,no provider record,,200,247.44,,,,,,,,,
MB-285,9780786916573,en,older_isbn10_or_edition,bookbrainz,MISS,no provider record,,200,,,,,,,,,,
MB-286,9781035033980,en,older_isbn10_or_edition,open_library,MISS,no provider record,,200,2300.03,,,,,,,,,
MB-286,9781035033980,en,older_isbn10_or_edition,google_books,PROBABLE,exact ISBN but incomplete or divergent local/provider metadata,VRQb0QEACAAJ,200,388.36,,Last One Out,Jane Harper,MacMillan,2026-02-05,0,en,,
MB-286,9781035033980,en,older_isbn10_or_edition,wikidata,MISS,no provider record,,200,247.44,,,,,,,,,
MB-286,9781035033980,en,older_isbn10_or_edition,bookbrainz,MISS,no provider record,,200,,,,,,,,,,
MB-287,9789020232523,nl,older_isbn10_or_edition,open_library,EXACT,exact ISBN with compatible title/author,/books/OL23958456M,200,2300.03,,Waren de goden kosmonauten?,Erich von Däniken,Kluwer,1969,237,dut,,
MB-287,9789020232523,nl,older_isbn10_or_edition,google_books,EXACT,exact ISBN with compatible title/author,IihIAAAACAAJ,200,982.05,,Waren de goden kosmonauten?,Edwina van Verwehringen Danval | Erich von Däniken,,1991,221,nl,,
MB-287,9789020232523,nl,older_isbn10_or_edition,wikidata,MISS,no provider record,,200,247.44,,,,,,,,,
MB-287,9789020232523,nl,older_isbn10_or_edition,bookbrainz,MISS,no provider record,,200,,,,,,,,,,
MB-288,9789023406747,nl,older_isbn10_or_edition,open_library,MISS,no provider record,,200,2300.03,,,,,,,,,
MB-288,9789023406747,nl,older_isbn10_or_edition,google_books,EXACT,exact ISBN with compatible title/author,HT30AQAACAAJ,200,884.73,,De geverfde vogel,Jerzy Nikodem Kosiński | Oscar Anthonius Gerardus Maria Timmers,,1997,271,nl,,
MB-288,9789023406747,nl,older_isbn10_or_edition,wikidata,MISS,no provider record,,200,247.44,,,,,,,,,
MB-288,9789023406747,nl,older_isbn10_or_edition,bookbrainz,MISS,no provider record,,200,,,,,,,,,,
MB-289,9789024538164,unknown,older_isbn10_or_edition,open_library,EXACT,exact ISBN with compatible title/author,/books/OL47274067M,200,2300.03,,De Toegewijde Tuinier,John le Carré,Luitingh-Sijtoff,"Mar 21, 2001",,,,
MB-289,9789024538164,unknown,older_isbn10_or_edition,google_books,PROBABLE,exact ISBN but incomplete or divergent local/provider metadata,ciSIAAAACAAJ,200,903.44,,De toegewijde tuinier,John Le Carré (pseud. van David John Moore Cornwell.) | Rob van Moppes,,2001,526,nl,,
MB-289,9789024538164,unknown,older_isbn10_or_edition,wikidata,MISS,no provider record,,200,247.44,,,,,,,,,
MB-289,9789024538164,unknown,older_isbn10_or_edition,bookbrainz,MISS,no provider record,,200,,,,,,,,,,
MB-290,9789029019637,nl,older_isbn10_or_edition,open_library,MISS,no provider record,,200,2300.03,,,,,,,,,
MB-290,9789029019637,nl,older_isbn10_or_edition,google_books,EXACT,exact ISBN with compatible title/author,aJi7cQAACAAJ,200,996.88,,De rook van duizend vuren,Wim Gijsen,,1985,351,nl,,
MB-290,9789029019637,nl,older_isbn10_or_edition,wikidata,MISS,no provider record,,200,247.44,,,,,,,,,
MB-290,9789029019637,nl,older_isbn10_or_edition,bookbrainz,MISS,no provider record,,200,,,,,,,,,,
MB-291,9789029029322,unknown,older_isbn10_or_edition,open_library,EXACT,exact ISBN with compatible title/author,/books/OL47144539M,200,2300.03,,Het beste van Roald Dahl,,Samenw. uitgeverijen Meulenhoff Boekerij,,,,,
MB-291,9789029029322,unknown,older_isbn10_or_edition,google_books,EXACT,exact ISBN with compatible title/author,6Z2yAAAACAAJ,200,382.76,,Het beste van Roald Dahl,Roald Dahl,,1990,509,nl,,
MB-291,9789029029322,unknown,older_isbn10_or_edition,wikidata,MISS,no provider record,,200,247.44,,,,,,,,,
MB-291,9789029029322,unknown,older_isbn10_or_edition,bookbrainz,MISS,no provider record,,200,,,,,,,,,,
MB-292,9789029044974,unknown,older_isbn10_or_edition,open_library,EXACT,exact ISBN with compatible title/author,/books/OL47263599M,200,2300.03,,ALASTOR-TRILOGIE,,Samenw. uitgeverijen Meulenhoff Boekerij,,,,,
MB-292,9789029044974,unknown,older_isbn10_or_edition,google_books,PROBABLE,exact ISBN but incomplete or divergent local/provider metadata,8xebPwAACAAJ,200,485.24,,"Wyst, Alastor 1718",Jack Vance | Pon Ruiter,,1990,668,nl,,
MB-292,9789029044974,unknown,older_isbn10_or_edition,wikidata,MISS,no provider record,,200,247.44,,,,,,,,,
MB-292,9789029044974,unknown,older_isbn10_or_edition,bookbrainz,MISS,no provider record,,200,,,,,,,,,,
MB-293,9789029562744,unknown,older_isbn10_or_edition,open_library,EXACT,exact ISBN with compatible title/author,/books/OL47233186M,200,2300.03,,De mogelijkheid van een eiland,,Singel Uitgevers,,,,,
MB-293,9789029562744,unknown,older_isbn10_or_edition,google_books,EXACT,exact ISBN with compatible title/author,gfb6ygAACAAJ,200,1003.42,,Mogelijkheid van een eiland,Martin de Haan | Michel Houellebecq,,2005,420,nl,,
MB-293,9789029562744,unknown,older_isbn10_or_edition,wikidata,MISS,no provider record,,200,247.44,,,,,,,,,
MB-293,9789029562744,unknown,older_isbn10_or_edition,bookbrainz,MISS,no provider record,,200,,,,,,,,,,
MB-294,9789060136317,unknown,older_isbn10_or_edition,open_library,MISS,no provider record,,200,2300.03,,,,,,,,,
MB-294,9789060136317,unknown,older_isbn10_or_edition,google_books,WRONG_EDITION,work-like match without returned queried ISBN,m5VUAAAAMAAJ,200,422.33,,Ronde en platbodems,Jan Lunenburg | Walter Haentjens,,1985,116,nl,,
MB-294,9789060136317,unknown,older_isbn10_or_edition,wikidata,MISS,no provider record,,200,247.44,,,,,,,,,
MB-294,9789060136317,unknown,older_isbn10_or_edition,bookbrainz,MISS,no provider record,,200,,,,,,,,,,
MB-295,9789060910818,unknown,older_isbn10_or_edition,open_library,MISS,no provider record,,200,2300.03,,,,,,,,,
MB-295,9789060910818,unknown,older_isbn10_or_edition,google_books,EXACT,exact ISBN with compatible title/author,ErxBPgAACAAJ,200,462.64,,Ronde en platbodemjachten,T. Huitema,,1977,304,nl,,
MB-295,9789060910818,unknown,older_isbn10_or_edition,wikidata,MISS,no provider record,,200,247.44,,,,,,,,,
MB-295,9789060910818,unknown,older_isbn10_or_edition,bookbrainz,MISS,no provider record,,200,,,,,,,,,,
MB-296,9789061203858,nl,older_isbn10_or_edition,open_library,MISS,no provider record,,200,2300.03,,,,,,,,,
MB-296,9789061203858,nl,older_isbn10_or_edition,google_books,EXACT,exact ISBN with compatible title/author,J9OqZwEACAAJ,200,902.09,,De witte pest,Bob Van Laerhoven | Frank Herbert,,1984,490,nl,,
MB-296,9789061203858,nl,older_isbn10_or_edition,wikidata,MISS,no provider record,,200,247.44,,,,,,,,,
MB-296,9789061203858,nl,older_isbn10_or_edition,bookbrainz,MISS,no provider record,,200,,,,,,,,,,
MB-297,9789070135089,nl,older_isbn10_or_edition,open_library,EXACT,exact ISBN with compatible title/author,/books/OL24719426M,200,2300.03,,Schepen die voorbijgaan,H.C.A. Van Kampen,Hilgersom/Navigare,1984,348,dut,,
MB-297,9789070135089,nl,older_isbn10_or_edition,google_books,PROBABLE,exact ISBN but incomplete or divergent local/provider metadata,fJxCtAEACAAJ,200,994.15,,SCHEPEN DIE VOORBIJGAAN,Hermann Carl Anton van Kampen,,1984,348,nl,,
MB-297,9789070135089,nl,older_isbn10_or_edition,wikidata,MISS,no provider record,,200,247.44,,,,,,,,,
MB-297,9789070135089,nl,older_isbn10_or_edition,bookbrainz,MISS,no provider record,,200,,,,,,,,,,
MB-298,9780006177302,en,proportional_shortfall_fill,open_library,EXACT,exact ISBN with compatible title/author,/books/OL21883162M,200,2300.03,,Clear and present danger,Tom Clancy,HarperCollins,1993,816,eng,,
MB-298,9780006177302,en,proportional_shortfall_fill,google_books,EXACT,exact ISBN with compatible title/author,h8ZvRYThmEkC,200,1004.67,,Clear and Present Danger,Tom Clancy,HarperCollins UK,1990,820,en,,
MB-298,9780006177302,en,proportional_shortfall_fill,wikidata,MISS,no provider record,,200,247.44,,,,,,,,,
MB-298,9780006177302,en,proportional_shortfall_fill,bookbrainz,MISS,no provider record,,200,,,,,,,,,,
MB-299,9780446697972,en,proportional_shortfall_fill,open_library,EXACT,exact ISBN with compatible title/author,/books/OL10263180M,200,2300.03,,Boomsday,Christopher Buckley,Twelve,"May 16, 2008",336,eng,,
MB-299,9780446697972,en,proportional_shortfall_fill,google_books,EXACT,exact ISBN with compatible title/author,1ORSHwAACAAJ,200,388.17,,Boomsday,Christopher Buckley,Twelve,2008-05-16,336,en,,
MB-299,9780446697972,en,proportional_shortfall_fill,wikidata,MISS,no provider record,,200,247.44,,,,,,,,,
MB-299,9780446697972,en,proportional_shortfall_fill,bookbrainz,MISS,no provider record,,200,,,,,,,,,,
MB-300,9781529101249,en,proportional_shortfall_fill,open_library,EXACT,exact ISBN with compatible title/author,/books/OL33928724M,200,2300.03,,Kith and Kin,TBC Author,Del Rey,2022-Dec-01,368,eng,,
MB-300,9781529101249,en,proportional_shortfall_fill,google_books,PROBABLE,exact ISBN but incomplete or divergent local/provider metadata,hchdzgEACAAJ,200,638.54,,Critical Role: Vox Machina - Kith and Kin,Marieke Nijkamp | TBC Author,Del Rey,2021-10,400,en,,
MB-300,9781529101249,en,proportional_shortfall_fill,wikidata,MISS,no provider record,,200,247.44,,,,,,,,,
MB-300,9781529101249,en,proportional_shortfall_fill,bookbrainz,MISS,no provider record,,200,,,,,,,,,,
